hospital_id,hospital_name,hospital_type,department,address,city,district,lat,lon,phone,weekday_open,weekday_close,weekend_open,has_weekend,night_service,is_emergency,emergency_level
H00001,강릉아산병원,OTHER,내과,"강원특별자치도 강릉시 사천면 방동길 38-0, 강릉아산병원",강릉시,사천면,37.8184324,128.8578411,033-610-3114,,,,0,0,1,LOCAL
H00002,연세대학교 원주세브란스기독병원,OTHER,내과,"강원특별자치도 원주시 일산로 20-0,  (일산동)",원주시,일산로,37.3490013,127.9456638,033-741-0114,,,,0,0,1,LOCAL
H00003,강원대학교병원,GENERAL,"내과, 외과, 정형외과, 신경과, 산부인과, 소아청소년과, 안과, 이비인후과, 재활의학과, 응급의학과, 영상의학과","강원특별자치도 춘천시 백령로 156, (효자동)",춘천시,백령로,37.8751611,127.7448909,033-258-2000,,,,0,0,1,LOCAL
H00004,강원특별자치도강릉의료원,GENERAL,"내과, 외과, 정형외과, 신경과, 산부인과, 소아청소년과, 안과, 이비인후과, 재활의학과, 응급의학과, 영상의학과","강원특별자치도 강릉시 경강로 2007-0, 강릉의료원",강릉시,경강로,37.7492828,128.8888316,033-610-1200,,,,0,0,1,LOCAL
H00005,강원특별자치도삼척의료원,GENERAL,"내과, 외과, 정형외과, 신경과, 산부인과, 소아청소년과, 안과, 이비인후과, 재활의학과, 응급의학과, 영상의학과","강원특별자치도 삼척시 오십천로 473-0, 강원특별자치도삼척의료원",삼척시,오십천로,37.4400223,129.1705232,033-572-1141,,,,0,0,1,LOCAL
H00006,강원특별자치도속초의료원,GENERAL,"내과, 외과, 정형외과, 신경과, 산부인과, 소아청소년과, 안과, 이비인후과, 재활의학과, 응급의학과, 영상의학과","강원특별자치도 속초시 영랑호반길 3, (영랑동)",속초시,영랑호반길,38.2164607,128.5892486,033-630-6000,,,,0,0,1,LOCAL
H00007,강원특별자치도영월의료원,GENERAL,"내과, 외과, 정형외과, 신경과, 산부인과, 소아청소년과, 안과, 이비인후과, 재활의학과, 응급의학과, 영상의학과","강원특별자치도 영월군 영월읍 중앙1로 59, (영월읍)",영월군,영월읍,37.1864525,128.4652387,033-370-9101,,,,0,0,1,LOCAL
H00008,강원특별자치도원주의료원,GENERAL,"내과, 외과, 정형외과, 신경과, 산부인과, 소아청소년과, 안과, 이비인후과, 재활의학과, 응급의학과, 영상의학과","강원특별자치도 원주시 서원대로 387,  (개운동)",원주시,서원대로,37.332608,127.949225,033-760-4500,,,,0,0,1,LOCAL
H00009,근로복지공단 동해병원,GENERAL,"내과, 외과, 정형외과, 신경과, 산부인과, 소아청소년과, 안과, 이비인후과, 재활의학과, 응급의학과, 영상의학과","강원특별자치도 동해시 하평로 11, (평릉동)",동해시,하평로,37.5321225,129.106078,033-530-3100,,,,0,0,1,LOCAL
H00010,근로복지공단 태백병원,GENERAL,"내과, 외과, 정형외과, 신경과, 산부인과, 소아청소년과, 안과, 이비인후과, 재활의학과, 응급의학과, 영상의학과","강원특별자치도 태백시 보드미길 8,  (장성동)",태백시,보드미길,37.1040964,129.0043366,033-580-3114,,,,0,0,1,LOCAL
H00011,온재병원,GENERAL,"내과, 외과, 정형외과, 신경과, 산부인과, 소아청소년과, 안과, 이비인후과, 재활의학과, 응급의학과, 영상의학과","강원특별자치도 속초시 중앙로 11-0, 속초보광병원",속초시,중앙로,38.1980014,128.5783901,033-639-8500,,,,0,0,0,NONE
H00012,의료법인 강릉동인병원,GENERAL,"내과, 외과, 정형외과, 신경과, 산부인과, 소아청소년과, 안과, 이비인후과, 재활의학과, 응급의학과, 영상의학과","강원특별자치도 강릉시 강릉대로419번길 42-0,  (포남동)",강릉시,강릉대로419번길,37.77435,128.90735,033-650-6161,,,,0,0,1,LOCAL
H00013,의료법인 동해동인병원,GENERAL,"내과, 외과, 정형외과, 신경과, 산부인과, 소아청소년과, 안과, 이비인후과, 재활의학과, 응급의학과, 영상의학과","강원특별자치도 동해시 하평로 26, (평릉동)",동해시,하평로,37.5299417,129.1074625,033-530-0114,,,,0,0,1,LOCAL
H00014,의산의료재단 강릉고려병원,GENERAL,"내과, 외과, 정형외과, 신경과, 산부인과, 소아청소년과, 안과, 이비인후과, 재활의학과, 응급의학과, 영상의학과","강원특별자치도 강릉시 옥가로 30, (옥천동)",강릉시,옥가로,37.7590068,128.8998047,033-649-0100,,,,0,0,1,LOCAL
H00015,한림대학교춘천성심병원,GENERAL,"내과, 외과, 정형외과, 신경과, 산부인과, 소아청소년과, 안과, 이비인후과, 재활의학과, 응급의학과, 영상의학과","강원특별자치도 춘천시 삭주로 77, 77",춘천시,삭주로,37.8840791,127.7399592,033-240-5000,,,,0,0,1,LOCAL
H00016,홍천아산병원,GENERAL,"내과, 외과, 정형외과, 신경과, 산부인과, 소아청소년과, 안과, 이비인후과, 재활의학과, 응급의학과, 영상의학과","강원특별자치도 홍천군 홍천읍 산림공원1길 17, 17",홍천군,홍천읍,37.6908303,127.8948538,033-430-5151,,,,0,0,1,LOCAL
H00017,강원특별자치도재활병원,HOSPITAL,"내과, 외과, 정형외과, 영상의학과","강원특별자치도 춘천시 충열로142번길 24-16,  (우두동)",춘천시,충열로142번길,37.9036442,127.7411391,033-248-7700,,,,0,0,0,NONE
H00018,국군강릉병원,HOSPITAL,"내과, 외과, 정형외과, 영상의학과","강원특별자치도 강릉시 주문진읍 동해대로 4371-34, 4371",강릉시,주문진읍,37.8687639,128.8310611,021-688-9165,,,,0,0,0,NONE
H00019,국군춘천병원,HOSPITAL,"내과, 외과, 정형외과, 영상의학과","강원특별자치도 춘천시 방고개길 57, 57",춘천시,방고개길,37.9386827,127.7328308,033-244-0130,,,,0,0,0,NONE
H00020,국군홍천병원,HOSPITAL,"내과, 외과, 정형외과, 영상의학과","강원특별자치도 홍천군 두촌면 아홉사리로 53, (두촌면)",홍천군,두촌면,37.8047491,127.9970272,033-460-3023,,,,0,0,0,NONE
H00021,근로복지공단 정선병원,HOSPITAL,"내과, 외과, 정형외과, 영상의학과","강원특별자치도 정선군 정선읍 봉양1길 145-0,",정선군,정선읍,37.3830727,128.6587349,033-560-7110,,,,0,0,1,LOCAL
H00022,더 오케이 병원,HOSPITAL,"내과, 외과, 정형외과, 영상의학과","강원특별자치도 춘천시 김유정로 1874, (퇴계동)",춘천시,김유정로,37.8536047,127.7362827,033-263-5335,,,,0,0,0,NONE
H00023,민중병원,HOSPITAL,"내과, 외과, 정형외과, 영상의학과","강원특별자치도 원주시 북원로 2636-0, 민중병원",원주시,북원로,37.3786079,127.9464131,033-732-0270,,,,0,0,0,NONE
H00024,백두병원,HOSPITAL,"내과, 외과, 정형외과, 영상의학과","강원특별자치도 양구군 양구읍 금강산로 510, (양구읍)",양구군,양구읍,38.122631,127.9967718,033-481-9880,,,,0,0,0,NONE
H00025,본베스트병원,HOSPITAL,"내과, 외과, 정형외과, 영상의학과","강원특별자치도 원주시 능라동길 51-0,  6~7층 (무실동)",원주시,능라동길,37.3348376,127.9301516,033-742-7766,,,,0,0,0,NONE
H00026,선한이웃병원,HOSPITAL,"내과, 외과, 정형외과, 영상의학과","강원특별자치도 삼척시 오십천로 506, (정상동)",삼척시,오십천로,37.4369274,129.1723135,033-574-9114,,,,0,0,0,NONE
H00027,센트럴병원,HOSPITAL,"내과, 외과, 정형외과, 영상의학과","강원특별자치도 원주시 백간길 95, 단계동 1085-1 (단계동)",원주시,백간길,37.3522154,127.9341458,033-742-9371,,,,0,0,0,NONE
H00028,신태백병원,HOSPITAL,"내과, 외과, 정형외과, 영상의학과","강원특별자치도 태백시 황지로 23,  (황지동)",태백시,황지로,37.1611472,128.9901554,033-553-9100,,,,0,0,0,NONE
H00029,연세메디하임병원,HOSPITAL,"내과, 외과, 정형외과, 영상의학과","강원특별자치도 원주시 문막읍 원문로 1419-0, 연세메디하임병원",원주시,문막읍,37.3260972,127.8450902,033-740-8800,,,,0,0,0,NONE
H00030,연세명인병원,HOSPITAL,"내과, 외과, 정형외과, 영상의학과","강원특별자치도 원주시 평원로 100-0,  (학성동)",원주시,평원로,37.3534761,127.948827,033-813-1111,,,,0,0,0,NONE
H00031,영광재활병원,HOSPITAL,"내과, 외과, 정형외과, 영상의학과","강원특별자치도 원주시 오리현길 236-0,  (행구동)",원주시,오리현길,37.3358413,127.9919526,033-746-4100,,,,0,0,0,NONE
H00032,원주불로병원,HOSPITAL,"내과, 외과, 정형외과, 영상의학과","강원특별자치도 원주시 평원로 165-0,  (학성동)",원주시,평원로,37.3562516,127.9444614,033-747-2000,,,,0,0,0,NONE
H00033,원주성모병원,HOSPITAL,"내과, 외과, 정형외과, 영상의학과","강원특별자치도 원주시 소초면 치악로 2473, (소초면)",원주시,소초면,37.3936928,127.9845521,033-741-5000,,,,0,0,0,NONE
H00034,원주센텀병원,HOSPITAL,"내과, 외과, 정형외과, 영상의학과","강원특별자치도 원주시 능라동길 70-0,  (무실동)",원주시,능라동길,37.3337964,127.9302031,033-900-1111,,,,0,0,0,NONE
H00035,원주연세병원,HOSPITAL,"내과, 외과, 정형외과, 영상의학과","강원특별자치도 원주시 원일로 230,  (학성동)",원주시,원일로,37.3568173,127.9437571,033-1670-2020,,,,0,0,0,NONE
H00036,원주우리병원,HOSPITAL,"내과, 외과, 정형외과, 영상의학과","강원특별자치도 원주시 북원로 2572, 2572",원주시,북원로,37.373665,127.9434,033-743-9844,,,,0,0,0,NONE
H00037,원주카톨릭병원,HOSPITAL,"내과, 외과, 정형외과, 영상의학과","강원특별자치도 원주시 남산로 199-0, 원주카톨릭병원",원주시,남산로,37.35399,127.941138,033-743-5412,,,,0,0,0,NONE
H00038,원주프라임병원,HOSPITAL,"내과, 외과, 정형외과, 영상의학과","강원특별자치도 원주시 남원로 556-0, 지하1~6층 (개운동)",원주시,남원로,37.3334933,127.9480045,15223375,,,,0,0,0,NONE
H00039,의료법인 성심의료재단 양구성심병원,HOSPITAL,"내과, 외과, 정형외과, 영상의학과","강원특별자치도 양구군 양구읍 중심로 160, 양구성심병원",양구군,양구읍,38.1046965,127.9911813,033-480-8800,,,,0,0,1,LOCAL
H00040,의료법인 성지의료재단 성지병원,HOSPITAL,"내과, 외과, 정형외과, 영상의학과","강원특별자치도 원주시 원일로 22, 22",원주시,원일로,37.3455069,127.9542137,033-760-3103,,,,0,0,1,LOCAL
H00041,의료법인 양구우리병원,HOSPITAL,"내과, 외과, 정형외과, 영상의학과","강원특별자치도 양구군 양구읍 양구새싹로 7-7, (양구읍)",양구군,양구읍,38.1025665,127.9860829,033-854-7114,,,,0,0,0,NONE
H00042,의료법인삼산의료재단 삼산병원,HOSPITAL,"내과, 외과, 정형외과, 영상의학과","강원특별자치도 원주시 혁신로 5-0,  1동 (반곡동,세인트병원)",원주시,혁신로,37.3262033,127.9751953,033-749-9900,,,,0,0,0,NONE
H00043,인성병원,HOSPITAL,"내과, 외과, 정형외과, 영상의학과","강원특별자치도 춘천시 금강로 39, (낙원동)",춘천시,금강로,37.8812799,127.7268737,033-253-3030,,,,0,0,1,LOCAL
H00044,인제고려병원,HOSPITAL,"내과, 외과, 정형외과, 영상의학과","강원특별자치도 인제군 인제읍 비봉로 19, (인제읍)",인제군,인제읍,38.0678145,128.1736926,033-461-0088,,,,0,0,0,NONE
H00045,정병원,HOSPITAL,"내과, 외과, 정형외과, 영상의학과","강원특별자치도 원주시 원문로 141-0,  (단계동)",원주시,원문로,37.3552035,127.9330207,033-733-9988,,,,0,0,0,NONE
H00046,정선군립병원,HOSPITAL,"내과, 외과, 정형외과, 영상의학과","강원특별자치도 정선군 사북읍 지장천로 727-0, 정선군립병원",정선군,사북읍,37.2257003,128.8261822,033-592-3121,,,,0,0,0,NONE
H00047,철원병원,HOSPITAL,"내과, 외과, 정형외과, 영상의학과","강원특별자치도 철원군 갈말읍 명성로 208-0,",철원군,갈말읍,38.1504492,127.3079502,033-452-5011,,,,0,0,1,LOCAL
H00048,푸른사랑병원,HOSPITAL,"내과, 외과, 정형외과, 영상의학과","강원특별자치도 영월군 영월읍 중앙로 10,",영월군,영월읍,37.1833275,128.4650393,033-374-7575,,,,0,0,0,NONE
H00049,한마음병원,HOSPITAL,"내과, 외과, 정형외과, 영상의학과","강원특별자치도 동해시 중앙로 210, (천곡동)",동해시,중앙로,37.5197222,129.1158588,033-533-8275,,,,0,0,0,NONE
H00050,현대중앙병원,HOSPITAL,"내과, 외과, 정형외과, 영상의학과","강원특별자치도 원주시 상지대길 23-0, 23",원주시,상지대길,37.369382,127.938888,033-747-1199,,,,0,0,0,NONE
H00051,횡성대성병원,HOSPITAL,"내과, 외과, 정형외과, 영상의학과","강원특별자치도 횡성군 횡성읍 횡성로 275, (횡성읍)",횡성군,횡성읍,37.4782572,127.9797574,033-343-0901,,,,0,0,1,LOCAL
H00052,강릉연세요양병원,NURSING,"내과, 재활의학과","강원특별자치도 강릉시 옥가로 70, (옥천동)",강릉시,옥가로,37.7623731,128.9007545,033-645-1400,,,,0,0,0,NONE
H00053,강원특별자치도립 강릉요양병원,NURSING,"내과, 재활의학과","강원특별자치도 강릉시 경강로 2009, (남문동)",강릉시,경강로,37.7496058,128.8894152,033-640-8800,,,,0,0,0,NONE
H00054,근로복지공단 태백요양병원,NURSING,"내과, 재활의학과","강원특별자치도 태백시 보드미길 8-0,  4층 (장성동,근로복지공단태백요양병원)",태백시,보드미길,37.1040964,129.0043366,033-580-3700,,,,0,0,0,NONE
H00055,도경요양병원,NURSING,"내과, 재활의학과","강원특별자치도 삼척시 도계읍 강원남부로 632-0, (도계읍)",삼척시,도계읍,37.1796238,129.035205,033-554-4715,,,,0,0,0,NONE
H00056,동해금강요양병원,NURSING,"내과, 재활의학과","강원특별자치도 동해시 동해대로 5143, 동해금강요양병원 (효가동)",동해시,동해대로,37.5034504,129.1066052,033-520-7000,,,,0,0,0,NONE
H00057,동해요양병원,NURSING,"내과, 재활의학과","강원특별자치도 동해시 중앙로 218-0, 동해요양병원",동해시,중앙로,37.520357,129.1156782,033-531-2500,,,,0,0,0,NONE
H00058,동해이레요양병원,NURSING,"내과, 재활의학과","강원특별자치도 동해시 덕골길 76-40,  (천곡동)",동해시,덕골길,37.5179522,129.0969083,033-533-7741,,,,0,0,0,NONE
H00059,문막요양병원,NURSING,"내과, 재활의학과","강원특별자치도 원주시 문막읍 문막시장1길 16-0, (문막읍)",원주시,문막읍,37.3079128,127.8170021,033-813-9922,,,,0,0,0,NONE
H00060,바른요양병원,NURSING,"내과, 재활의학과","강원특별자치도 원주시 판부면 치악로 1139, (판부면)",원주시,판부면,37.293153,127.9908928,033-762-0100,,,,0,0,0,NONE
H00061,속초우리요양병원,NURSING,"내과, 재활의학과","강원특별자치도 속초시 온천로 291-0,  (교동)",속초시,온천로,38.1930922,128.574288,033-638-0060,,,,0,0,0,NONE
H00062,속초정요양병원,NURSING,"내과, 재활의학과","강원특별자치도 속초시 동해대로 4084, (조양동)",속초시,동해대로,38.1899427,128.5877265,033-637-0757,,,,0,0,0,NONE
H00063,암스트롱요양병원,NURSING,"내과, 재활의학과","강원특별자치도 춘천시 서면 율장길 328, (서면)",춘천시,서면,37.8664814,127.5840304,033-263-8275,,,,0,0,0,NONE
H00064,암오케이 요양병원,NURSING,"내과, 재활의학과","강원특별자치도 원주시 신림면 용소막길 20-1, (신림면)",원주시,신림면,37.2158792,128.088176,033-813-9955,,,,0,0,0,NONE
H00065,연세요양병원,NURSING,"내과, 재활의학과","강원특별자치도 원주시 남원로 631, (명륜동)",원주시,남원로,37.3397808,127.9518502,033-765-5001,,,,0,0,0,NONE
H00066,영월요양병원,NURSING,"내과, 재활의학과","강원특별자치도 영월군 영월읍 남중골길 5- , 5",영월군,영월읍,37.1812962,128.5389944,033-372-0691,,,,0,0,0,NONE
H00067,영인요양병원,NURSING,"내과, 재활의학과","강원특별자치도 춘천시 중앙로 60-0, (중앙로2가)",춘천시,중앙로,37.8799974,127.7268652,033-256-5688,,,,0,0,0,NONE
H00068,원주효요양병원,NURSING,"내과, 재활의학과","강원특별자치도 원주시 원일로 176-1,  (학성동)",원주시,원일로,37.3537541,127.9461524,033-747-6701,,,,0,0,0,NONE
H00069,의료법인 연호요양병원,NURSING,"내과, 재활의학과","강원특별자치도 홍천군 북방면 팔봉산로 2420-58, 2420",홍천군,북방면,37.7324064,127.8140604,033-262-5002,,,,0,0,0,NONE
H00070,의료법인 지산의료재단 현인요양병원,NURSING,"내과, 재활의학과","강원특별자치도 인제군 기린면 내린천로 3760- ,",인제군,기린면,37.9337217,128.3119116,033-462-0129,,,,0,0,0,NONE
H00071,의료법인 청강의료재단 청강요양병원,NURSING,"내과, 재활의학과","강원특별자치도 횡성군 강림면 주천강로강림3길 26-4,",횡성군,강림면,37.3579999,128.1374386,033-344-1111,,,,0,0,0,NONE
H00072,철원요양병원,NURSING,"내과, 재활의학과","강원특별자치도 철원군 동송읍 금학로157번길 23-17, (동송읍)",철원군,동송읍,38.2011631,127.2203525,033-455-3131,,,,0,0,0,NONE
H00073,춘천새윤요양병원,NURSING,"내과, 재활의학과","강원특별자치도 춘천시 퇴계공단길 40, (퇴계동)",춘천시,퇴계공단길,37.8445122,127.7357605,033-264-3100,,,,0,0,0,NONE
H00074,춘천시노인전문병원,NURSING,"내과, 재활의학과","강원특별자치도 춘천시 동면 세실로 252, (동면)",춘천시,동면,37.8803661,127.7565357,033-240-7500,,,,0,0,0,NONE
H00075,춘천요양병원,NURSING,"내과, 재활의학과","강원특별자치도 춘천시 동면 춘천로 527-34,",춘천시,동면,37.8981638,127.764337,033-260-7114,,,,0,0,0,NONE
H00076,춘천태동요양병원,NURSING,"내과, 재활의학과","강원특별자치도 춘천시 남면 박암관천길 821-0,",춘천시,남면,37.7244716,127.5172194,033-263-8100,,,,0,0,0,NONE
H00077,춘천호반요양병원,NURSING,"내과, 재활의학과","강원특별자치도 춘천시 옛경춘로 663, 663",춘천시,옛경춘로,37.8565902,127.7075734,033-251-9911,,,,0,0,0,NONE
H00078,토마스요양병원,NURSING,"내과, 재활의학과","강원특별자치도 춘천시 영서로 1925-9, 춘천한방병원",춘천시,영서로,37.8466972,127.7548304,033-253-5000,,,,0,0,0,NONE
H00079,해오름자연요양병원,NURSING,"내과, 재활의학과","강원특별자치도 평창군 봉평면 기풍로 199, (봉평면)",평창군,봉평면,37.619657,128.375904,033-335-7582,,,,0,0,0,NONE
H00080,현대요양병원,NURSING,"내과, 재활의학과","강원특별자치도 원주시 치악로1604번길 22,  (단구동)",원주시,치악로1604번길,37.3262842,127.9628808,033-900-9977,,,,0,0,0,NONE
H00081,홍천요양병원,NURSING,"내과, 재활의학과","강원특별자치도 홍천군 두촌면 설악로 3871-4, (두촌면)",홍천군,두촌면,37.8411864,128.0170179,033-436-2119,,,,0,0,0,NONE
H00082,(의)아나의료재단 강릉아나병원,OTHER,"내과, 외과, 정형외과, 영상의학과","강원특별자치도 강릉시 용지로 129-0,  (옥천동)",강릉시,용지로,37.7604484,128.9029668,033-610-1100,,,,0,0,0,NONE
H00083,강릉율곡병원,OTHER,"내과, 외과, 정형외과, 영상의학과","강원특별자치도 강릉시 동해대로3304번길 11, (난곡동)",강릉시,동해대로3304번길,37.7864983,128.8740332,033-655-1133,,,,0,0,0,NONE
H00084,국립춘천병원,OTHER,"내과, 외과, 정형외과, 영상의학과","강원특별자치도 춘천시 동산면 영서로 824, (동산면)",춘천시,동산면,37.7713654,127.7664334,033-260-3000,,,,0,0,0,NONE
H00085,내안에병원,OTHER,"내과, 외과, 정형외과, 영상의학과","강원특별자치도 원주시 남원로 562-5, (개운동)",원주시,남원로,37.3341896,127.9489161,033-733-1199,,,,0,0,0,NONE
H00086,베드로병원,OTHER,"내과, 외과, 정형외과, 영상의학과","강원특별자치도 춘천시 공지로 270-0, (효자동)",춘천시,공지로,37.8659705,127.7353695,033-255-0085,,,,0,0,0,NONE
H00087,봄내병원,OTHER,"내과, 외과, 정형외과, 영상의학과","강원특별자치도 춘천시 춘천로 180, (효자동)",춘천시,춘천로,37.8762275,127.7340805,033-255-8515,,,,0,0,0,NONE
H00088,새마음병원,OTHER,"내과, 외과, 정형외과, 영상의학과","강원특별자치도 원주시 문막읍 귀문로 1217,",원주시,문막읍,37.265117,127.825575,033-731-3111,,,,0,0,0,NONE
H00089,의료법인 춘천서인병원,OTHER,"내과, 외과, 정형외과, 영상의학과","강원특별자치도 춘천시 동산면 새술막길 315-77, 315",춘천시,동산면,37.77075,127.72795,033-261-0999,,,,0,0,0,NONE
H00090,춘천예현병원,OTHER,"내과, 외과, 정형외과, 영상의학과","강원특별자치도 춘천시 서면 샛말길 122-11, 122",춘천시,서면,37.8513108,127.6173423,033-264-9885,,,,0,0,0,NONE
H00091,21세기바른정형외과의원,CLINIC,"내과, 가정의학과","강원특별자치도 화천군 화천읍 중앙로 25, (화천읍)",화천군,화천읍,38.1040394,127.7068942,033-441-8575,,,,0,0,0,NONE
H00092,21세기본튼튼의원,CLINIC,"내과, 가정의학과","강원특별자치도 원주시 현충로 11, 2층 201, 202호 (태장동)",원주시,현충로,37.3568544,127.9550891,033-813-4095,,,,0,0,0,NONE
H00093,21세기소아청소년과의원,CLINIC,"내과, 가정의학과","강원특별자치도 원주시 봉화로 27, (단계동)",원주시,봉화로,37.3469332,127.9282649,033-745-0815,,,,0,0,0,NONE
H00094,365굿모닝메디컬의원,CLINIC,"내과, 가정의학과","강원특별자치도 원주시 혁신로 37-2, 중앙타워 4층 (반곡동)",원주시,혁신로,37.3238018,127.9789974,033-734-9011,,,,0,0,0,NONE
H00095,365성모가정의학과의원,CLINIC,"내과, 가정의학과","강원특별자치도 춘천시 후석로 352, 2층 (후평동, 국제빌딩)",춘천시,후석로,37.8820972,127.7486855,033-251-3500,,,,0,0,0,NONE
H00096,365플러스의원,CLINIC,"내과, 가정의학과","강원특별자치도 원주시 오성마을길 57-22, 2, 3, 4층 (단구동)",원주시,오성마을길,37.3182236,127.9483841,033-765-1119,,,,0,0,0,NONE
H00097,All바른의원,CLINIC,"내과, 가정의학과","강원특별자치도 동해시 발한로 210, (발한동)",동해시,발한로,37.5482742,129.1091632,5317575,,,,0,0,0,NONE
H00098,Dr. 구의원,CLINIC,"내과, 가정의학과","강원특별자치도 원주시 서원대로 392, 3층 (단구동, 스타프라자)",원주시,서원대로,37.3310468,127.9484815,033-766-2535,,,,0,0,0,NONE
H00099,Dr.신형직의비타민정신과의원,CLINIC,"내과, 가정의학과","강원특별자치도 강릉시 경강로 2109, 6층 (임당동, 문선빌딩)",강릉시,경강로,37.7556928,128.8972549,033-645-0900,,,,0,0,0,NONE
H00100,Dr.하석우의한사랑의원,CLINIC,"내과, 가정의학과","강원특별자치도 동해시 효자남길 16, 1층 (동회동, 월드상가)",동해시,효자남길,37.4877014,129.1087269,033-522-2244,,,,0,0,0,NONE
H00101,YS김안과의원,CLINIC,"내과, 가정의학과","강원특별자치도 춘천시 후석로 22, 5층 (석사동, 남부새마을금고석사지점)",춘천시,후석로,37.8567396,127.7402992,033-261-4411,,,,0,0,0,NONE
H00102,가온의원,CLINIC,"내과, 가정의학과","강원특별자치도 태백시 황지로 131, 3층 (황지동)",태백시,황지로,37.1706235,128.9919692,033-553-8871,,,,0,0,0,NONE
H00103,갈바리의원,CLINIC,"내과, 가정의학과","강원특별자치도 강릉시 임영로163번길 24-8, 갈바리의원 (홍제동)",강릉시,임영로163번길,37.7556321,128.8887683,033-644-4992,,,,0,0,0,NONE
H00104,강남내과의원,CLINIC,"내과, 가정의학과","강원특별자치도 춘천시 춘천로 68, 3,4층 (효자동)",춘천시,춘천로,37.8702921,127.7250159,033-242-8885,,,,0,0,0,NONE
H00105,강남리본정형외과의원,CLINIC,"내과, 가정의학과","강원특별자치도 춘천시 후석로 7, 1층 (석사동)",춘천시,후석로,37.8563129,127.7389389,033-263-7500,,,,0,0,0,NONE
H00106,강남마취통증의학과의원,CLINIC,"내과, 가정의학과","강원특별자치도 강릉시 신대학길 17, 강릉1번가 3층 307호 (금학동)",강릉시,신대학길,37.753216,128.8948671,033-643-3362,,,,0,0,0,NONE
H00107,강남아이원안과의원,CLINIC,"내과, 가정의학과","강원특별자치도 철원군 갈말읍 명성로 184, 1층",철원군,갈말읍,38.1479295,127.3081914,033-455-7501,,,,0,0,0,NONE
H00108,강남영내과의원,CLINIC,"내과, 가정의학과","강원특별자치도 원주시 행구로 39, 2층 (개운동)",원주시,행구로,37.3415848,127.9601955,033-763-6390,,,,0,0,0,NONE
H00109,강남의원,CLINIC,"내과, 가정의학과","강원특별자치도 강릉시 노가니길 31, (노암동)",강릉시,노가니길,37.7475608,128.9017449,033-641-8214,,,,0,0,0,NONE
H00110,강남정형외과의원,CLINIC,"내과, 가정의학과","강원특별자치도 삼척시 오십천로 464, (남양동)",삼척시,오십천로,37.439105,129.1688958,033-575-5588,,,,0,0,0,NONE
H00111,강남제이스타의원,CLINIC,"내과, 가정의학과","강원특별자치도 원주시 능라동길 51, 시네시티타워 501, 502, 601, 602호 (무실동)",원주시,능라동길,37.3348376,127.9301516,033-733-7585,,,,0,0,0,NONE
H00112,강릉 밴스의원,CLINIC,"내과, 가정의학과","강원특별자치도 강릉시 경강로 2075, 5층 (임당동)",강릉시,경강로,37.7538462,128.8942075,033-644-3297,,,,0,0,0,NONE
H00113,강릉교도소부속의원,CLINIC,"내과, 가정의학과","강원특별자치도 강릉시 공제로 413-15, (홍제동)",강릉시,공제로,37.7477123,128.864518,033-649-8275,,,,0,0,0,NONE
H00114,강릉마디튼튼정형외과의원,CLINIC,"내과, 가정의학과","강원특별자치도 강릉시 솔올로5번길 55, 3층 302호 (교동)",강릉시,솔올로5번길,37.763936,128.8775547,033-642-7119,,,,0,0,0,NONE
H00115,강릉바른정형외과의원,CLINIC,"내과, 가정의학과","강원특별자치도 강릉시 경강로 2075, 3층 (임당동)",강릉시,경강로,37.7538462,128.8942075,033-645-7588,,,,0,0,0,NONE
H00116,강릉성모안과의원,CLINIC,"내과, 가정의학과","강원특별자치도 강릉시 경강로 2089, 1층 (임당동)",강릉시,경강로,37.754583,128.8955034,033-645-7337,,,,0,0,0,NONE
H00117,강릉속편한내과의원,CLINIC,"내과, 가정의학과","강원특별자치도 강릉시 경강로 2089, 2층 (임당동)",강릉시,경강로,37.754583,128.8955034,033-655-7171,,,,0,0,0,NONE
H00118,강릉연세정형외과의원,CLINIC,"내과, 가정의학과","강원특별자치도 강릉시 경강로 2082, 3층 (임당동)",강릉시,경강로,37.7538334,128.8951953,033-645-0075,,,,0,0,0,NONE
H00119,강봉선신경정신과의원,CLINIC,"내과, 가정의학과","강원특별자치도 원주시 서원대로 383, 3층 401호 (개운동, 한신프라자)",원주시,서원대로,37.3319866,127.9486022,033-744-3884,,,,0,0,0,NONE
H00120,강원북부교도소부속의원,CLINIC,"내과, 가정의학과","강원특별자치도 속초시 동해대로4511번길 13, 1층 (장사동)",속초시,동해대로4511번길,38.2147595,128.5605926,033-634-7575,,,,0,0,0,NONE
H00121,강원의료복지사회적협동조합밝음의원,CLINIC,"내과, 가정의학과","강원특별자치도 원주시 중앙로 85, 4층 (중앙동)",원주시,중앙로,37.3486376,127.951294,033-744-7571,,,,0,0,0,NONE
H00122,강원특별자치도 부속의원,CLINIC,"내과, 가정의학과","강원특별자치도 춘천시 중앙로 1, (봉의동)",춘천시,중앙로,37.885399,127.72975,033-249-2426,,,,0,0,0,NONE
H00123,강윤철피부과의원,CLINIC,"내과, 가정의학과","강원특별자치도 원주시 원일로 120, 7층 (중앙동)",원주시,원일로,37.3503162,127.9484763,033-731-7588,,,,0,0,0,NONE
H00124,강훈소아청소년과의원,CLINIC,"내과, 가정의학과","강원특별자치도 원주시 입춘로 110, (반곡동, 파라다이스프라자 301,302호)",원주시,입춘로,37.3234174,127.9816785,033-744-7579,,,,0,0,0,NONE
H00125,개성소아청소년과의원,CLINIC,"내과, 가정의학과","강원특별자치도 속초시 동해대로 4215, (교동)",속초시,동해대로,38.1952331,128.5772842,033-635-3229,,,,0,0,0,NONE
H00126,경선산부인과의원,CLINIC,"내과, 가정의학과","강원특별자치도 강릉시 옥가로7번길 3, (옥천동)",강릉시,옥가로7번길,37.7574051,128.8985034,033-643-7131,,,,0,0,0,NONE
H00127,고려가정의원,CLINIC,"내과, 가정의학과","강원특별자치도 원주시 예술관길 25, (명륜동, 명륜2차아파트)",원주시,예술관길,37.3326585,127.9421494,033-763-3552,,,,0,0,0,NONE
H00128,고려가정의학과의원,CLINIC,"내과, 가정의학과","강원특별자치도 강릉시 성덕포남로 75, 2층 (입암동)",강릉시,성덕포남로,37.7609503,128.9174296,033-651-8875,,,,0,0,0,NONE
H00129,고려비뇨기과의원,CLINIC,"내과, 가정의학과","강원특별자치도 춘천시 보안길 65, (후평동)",춘천시,보안길,37.8801477,127.7503481,033-242-7580,,,,0,0,0,NONE
H00130,고려산부인과의원,CLINIC,"내과, 가정의학과","강원특별자치도 속초시 중앙로 96, (청학동)",속초시,중앙로,38.2012797,128.5862698,033-635-3579,,,,0,0,0,NONE
H00131,고려외과의원,CLINIC,"내과, 가정의학과","강원특별자치도 원주시 원문로 107-8, (단계동)",원주시,원문로,37.3559999,127.9352372,033-744-2727,,,,0,0,0,NONE
H00132,고려의원,CLINIC,"내과, 가정의학과","강원특별자치도 태백시 황지로 176-1, (황지동)",태백시,황지로,37.1741278,128.9906931,033-553-6771,,,,0,0,0,NONE
H00133,고려의원,CLINIC,"내과, 가정의학과","강원특별자치도 삼척시 도계읍 도계우회로 20, (도계읍)",삼척시,도계읍,37.2337489,129.0467317,033-541-2123,,,,0,0,0,NONE
H00134,고려제일의원,CLINIC,"내과, 가정의학과","강원특별자치도 원주시 부론면 법천시장길 52, 2층",원주시,부론면,37.2080369,127.7494614,033-742-7572,,,,0,0,0,NONE
H00135,고석만정신건강의학과의원,CLINIC,"내과, 가정의학과","강원특별자치도 원주시 능라동길 59, (무실동, 정한프라자 509호)",원주시,능라동길,37.3344196,127.9308182,033-744-0223,,,,0,0,0,NONE
H00136,고석연가정의학과의원,CLINIC,"내과, 가정의학과","강원특별자치도 춘천시 후석로 244, (후평동)",춘천시,후석로,37.8732828,127.7528979,033-254-0121,,,,0,0,0,NONE
H00137,고승연신경외과의원,CLINIC,"내과, 가정의학과","강원특별자치도 원주시 남원로 548, (개운동)",원주시,남원로,37.3330707,127.947667,033-764-0625,,,,0,0,0,NONE
H00138,고운가정의학과의원,CLINIC,"내과, 가정의학과","강원특별자치도 철원군 갈말읍 삼부연로 14, 2층",철원군,갈말읍,38.1451898,127.3094535,033-452-4697,,,,0,0,0,NONE
H00139,고은미래의원,CLINIC,"내과, 가정의학과","강원특별자치도 원주시 시청로 98, 3층 (무실동)",원주시,시청로,37.335933,127.9287734,033-747-7552,,,,0,0,0,NONE
H00140,고은의원,CLINIC,"내과, 가정의학과","강원특별자치도 원주시 봉화로 29, (단계동)",원주시,봉화로,37.3471028,127.9283142,033-747-7457,,,,0,0,0,NONE
H00141,공내과의원,CLINIC,"내과, 가정의학과","강원특별자치도 강릉시 옥가로 53-1, (교동)",강릉시,옥가로,37.7612235,128.8999091,033-648-4230,,,,0,0,0,NONE
H00142,곽엄섭내과의원,CLINIC,"내과, 가정의학과","강원특별자치도 원주시 현충로 320-1, 1,2층 (태장동)",원주시,현충로,37.3817193,127.9476112,033-732-8277,,,,0,0,0,NONE
H00143,구철회내과의원,CLINIC,"내과, 가정의학과","강원특별자치도 춘천시 춘천로 188, (효자동)",춘천시,춘천로,37.8762547,127.7352717,033-244-3500,,,,0,0,0,NONE
H00144,권재활의학과의원,CLINIC,"내과, 가정의학과","강원특별자치도 춘천시 중앙로 104, (낙원동)",춘천시,중앙로,37.8772875,127.7233376,033-244-3465,,,,0,0,0,NONE
H00145,권혁준내과의원,CLINIC,"내과, 가정의학과","강원특별자치도 원주시 서원대로 156, (단계동)",원주시,서원대로,37.3440918,127.9289354,033-746-2878,,,,0,0,0,NONE
H00146,그랜드배내과의원,CLINIC,"내과, 가정의학과","강원특별자치도 춘천시 중앙로 68, 3층 (중앙로2가)",춘천시,중앙로,37.8795065,127.7262581,033-257-9222,,,,0,0,0,NONE
H00147,그랜드아름다운의원,CLINIC,"내과, 가정의학과","강원특별자치도 춘천시 중앙로 68, 4층 (중앙로2가)",춘천시,중앙로,37.8795065,127.7262581,18995109,,,,0,0,0,NONE
H00148,그랜드연합의원,CLINIC,"내과, 가정의학과","강원특별자치도 춘천시 중앙로 68, 5~6층 (중앙로2가)",춘천시,중앙로,37.8795065,127.7262581,033-255-6470,,,,0,0,0,NONE
H00149,그랜드우리안과의원,CLINIC,"내과, 가정의학과","강원특별자치도 춘천시 중앙로 68, 2층 (중앙로2가)",춘천시,중앙로,37.8795065,127.7262581,033-911-3355,,,,0,0,0,NONE
H00150,근덕세란의원,CLINIC,"내과, 가정의학과","강원특별자치도 삼척시 근덕면 삼척로 3651, 2층 (근덕세란의원)",삼척시,근덕면,37.3802925,129.2258501,033-572-1131,,,,0,0,0,NONE
H00151,글로리아산부인과의원,CLINIC,"내과, 가정의학과","강원특별자치도 동해시 천곡로 86-2, 3층 (천곡동, 대륜빌딩)",동해시,천곡로,37.5228662,129.1150224,033-532-0050,,,,0,0,0,NONE
H00152,기린소아청소년과의원,CLINIC,"내과, 가정의학과","강원특별자치도 원주시 지정면 신지정로 266, 204호",원주시,지정면,37.3785403,127.8705794,033-734-3132,,,,0,0,0,NONE
H00153,기쁨가정의학과의원,CLINIC,"내과, 가정의학과","강원특별자치도 속초시 선사로 1, 2층 1호 (조양동)",속초시,선사로,38.1870391,128.5922701,033-636-7582,,,,0,0,0,NONE
H00154,김경태내과의원,CLINIC,"내과, 가정의학과","강원특별자치도 횡성군 횡성읍 태기로 27, (횡성읍)",횡성군,횡성읍,37.4911197,127.9866616,033-344-6660,,,,0,0,0,NONE
H00155,김남동내과의원,CLINIC,"내과, 가정의학과","강원특별자치도 강릉시 율곡로 2844, (옥천동)",강릉시,율곡로,37.7578506,128.8975948,033-646-8275,,,,0,0,0,NONE
H00156,김남두비뇨기과의원,CLINIC,"내과, 가정의학과","강원특별자치도 원주시 원일로 114, (중앙동)",원주시,원일로,37.3499886,127.9487173,033-742-0193,,,,0,0,0,NONE
H00157,김남원내과의원,CLINIC,"내과, 가정의학과","강원특별자치도 강릉시 경강로 2120, 5층 505호 (옥천동, 시네몰)",강릉시,경강로,37.7556996,128.8986261,033-642-9155,,,,0,0,0,NONE
H00158,김내과의원,CLINIC,"내과, 가정의학과","강원특별자치도 춘천시 영서로 2777, (우두동)",춘천시,영서로,37.9011692,127.7284765,033-252-7595,,,,0,0,0,NONE
H00159,김대균의원,CLINIC,"내과, 가정의학과","강원특별자치도 원주시 단구로 404, 2층 (단구동)",원주시,단구로,37.3208954,127.9549948,033-735-9201,,,,0,0,0,NONE
H00160,김도형내과의원,CLINIC,"내과, 가정의학과","강원특별자치도 횡성군 횡성읍 앞들서남로 15, 2,3층",횡성군,횡성읍,37.4872508,127.9825162,033-343-2381,,,,0,0,0,NONE
H00161,김도훈재활의학과의원,CLINIC,"내과, 가정의학과","강원특별자치도 춘천시 후석로 312, (후평동)",춘천시,후석로,37.8789722,127.7508984,033-253-6606,,,,0,0,0,NONE
H00162,김동우외과의원,CLINIC,"내과, 가정의학과","강원특별자치도 원주시 문막읍 왕건로 81, (동화빌딩)",원주시,문막읍,37.3266562,127.8291598,033-734-0061,,,,0,0,0,NONE
H00163,김동일내과의원,CLINIC,"내과, 가정의학과","강원특별자치도 강릉시 교동광장로 145, 2층 (교동, 성심빌딩)",강릉시,교동광장로,37.7643194,128.8809847,033-641-8898,,,,0,0,0,NONE
H00164,김병호내과의원,CLINIC,"내과, 가정의학과","강원특별자치도 태백시 황지로 176-1, (황지동)",태백시,황지로,37.1741278,128.9906931,033-552-6997,,,,0,0,0,NONE
H00165,김봉수외과의원,CLINIC,"내과, 가정의학과","강원특별자치도 속초시 중앙로108번길 87-1, 1층 (금호동)",속초시,중앙로108번길,38.2022294,128.5903011,033-633-6633,,,,0,0,0,NONE
H00166,김비뇨기과의원,CLINIC,"내과, 가정의학과","강원특별자치도 속초시 중앙로 51, (교동)",속초시,중앙로,38.2006245,128.5820095,033-633-9241,,,,0,0,0,NONE
H00167,김석주의원,CLINIC,"내과, 가정의학과","강원특별자치도 화천군 화천읍 중앙로7길 8, (화천읍)",화천군,화천읍,38.1043153,127.7067905,033-442-0224,,,,0,0,0,NONE
H00168,김성중내과의원,CLINIC,"내과, 가정의학과","강원특별자치도 춘천시 퇴계로105번길 5, (퇴계동)",춘천시,퇴계로105번길,37.8618287,127.7319754,033-261-1554,,,,0,0,0,NONE
H00169,김소아청소년과의원,CLINIC,"내과, 가정의학과","강원특별자치도 속초시 청대로 347, (교동)",속초시,청대로,38.1974651,128.5721888,033-637-1800,,,,0,0,0,NONE
H00170,김수일신경외과의원,CLINIC,"내과, 가정의학과","강원특별자치도 태백시 황지로 90, (황지동)",태백시,황지로,37.1667415,128.9921718,033-553-7055,,,,0,0,0,NONE
H00171,김영돈내과의원,CLINIC,"내과, 가정의학과","강원특별자치도 강릉시 선수촌로 77, 송원빌딩 5층 501, 502호 (홍제동)",강릉시,선수촌로,37.7578212,128.8699889,033-823-2275,,,,0,0,0,NONE
H00172,김영석이비인후과의원,CLINIC,"내과, 가정의학과","강원특별자치도 원주시 서원대로 410, 2층 (단구동)",원주시,서원대로,37.3297852,127.9503251,033-744-5075,,,,0,0,0,NONE
H00173,김윤호안과의원,CLINIC,"내과, 가정의학과","강원특별자치도 삼척시 진주로 5, (남양동,2층)",삼척시,진주로,37.4413375,129.1639203,033-575-9900,,,,0,0,0,NONE
H00174,김이비인후과의원,CLINIC,"내과, 가정의학과","강원특별자치도 원주시 원일로 127, (일산동)",원주시,원일로,37.3505883,127.94782,033-743-6161,,,,0,0,0,NONE
H00175,김이비인후과의원,CLINIC,"내과, 가정의학과","강원특별자치도 강릉시 금성로22번길 12, (금학동)",강릉시,금성로22번길,37.7549814,128.8975924,033-641-2304,,,,0,0,0,NONE
H00176,김인구정형외과의원,CLINIC,"내과, 가정의학과","강원특별자치도 춘천시 공지로 346, (효자동)",춘천시,공지로,37.8700677,127.728136,033-255-8033,,,,0,0,0,NONE
H00177,김인수정형외과의원,CLINIC,"내과, 가정의학과","강원특별자치도 동해시 천곡로 86-2, (천곡동)",동해시,천곡로,37.5228662,129.1150224,033-535-3669,,,,0,0,0,NONE
H00178,김재권내과의원,CLINIC,"내과, 가정의학과","강원특별자치도 강릉시 경강로 2109, 3층 (임당동, 문선빌딩)",강릉시,경강로,37.7556928,128.8972549,033-655-0700,,,,0,0,0,NONE
H00179,김정권내과의원,CLINIC,"내과, 가정의학과","강원특별자치도 원주시 중평길 12, 2층 (중앙동, 동남타워)",원주시,중평길,37.349332,127.9504155,033-748-9798,,,,0,0,0,NONE
H00180,김정배이비인후과의원,CLINIC,"내과, 가정의학과","강원특별자치도 춘천시 후석로 304, (후평동)",춘천시,후석로,37.8784031,127.751335,033-255-7575,,,,0,0,0,NONE
H00181,김진봉내과의원,CLINIC,"내과, 가정의학과","강원특별자치도 춘천시 방송길 98, 4층 (온의동)",춘천시,방송길,37.8679122,127.7201749,033-241-7582,,,,0,0,0,NONE
H00182,김진수프롤로의원,CLINIC,"내과, 가정의학과","강원특별자치도 원주시 북원로 2247, 덕안빌딩  3층 (단계동)",원주시,북원로,37.3464156,127.9333614,033-745-0188,,,,0,0,0,NONE
H00183,김창동이비인후과의원,CLINIC,"내과, 가정의학과","강원특별자치도 원주시 천사로 216, (중앙동)",원주시,천사로,37.3513794,127.9479337,033-744-6864,,,,0,0,0,NONE
H00184,김태연산부인과의원,CLINIC,"내과, 가정의학과","강원특별자치도 속초시 동해대로 4174, 3층 (조양동)",속초시,동해대로,38.1919251,128.5794073,033-635-3513,,,,0,0,0,NONE
H00185,김태영내과의원,CLINIC,"내과, 가정의학과","강원특별자치도 속초시 동해대로 4288, (교동)",속초시,동해대로,38.1988717,128.5724665,033-633-8989,,,,0,0,0,NONE
H00186,김해성힐링유외과의원,CLINIC,"내과, 가정의학과","강원특별자치도 춘천시 금강로 67-1, 3층 (조양동)",춘천시,금강로,37.879341,127.729191,033-242-6066,,,,0,0,0,NONE
H00187,김현대내과의원,CLINIC,"내과, 가정의학과","강원특별자치도 철원군 동송읍 금학로 227, 김현대내과",철원군,동송읍,38.2087955,127.217401,033-455-0456,,,,0,0,0,NONE
H00188,김현민정형외과의원,CLINIC,"내과, 가정의학과","강원특별자치도 춘천시 동면 춘천순환로 609, 1,2층",춘천시,동면,37.8931719,127.7556521,033-261-6217,,,,0,0,0,NONE
H00189,김호준외과의원,CLINIC,"내과, 가정의학과","강원특별자치도 춘천시 약사고개길 15, (죽림동)",춘천시,약사고개길,37.8770396,127.7261025,033-251-0129,,,,0,0,0,NONE
H00190,김홍근의원,CLINIC,"내과, 가정의학과","강원특별자치도 강릉시 주문진읍 주문로 68, (주문진읍)",강릉시,주문진읍,37.889924,128.826038,033-661-2177,,,,0,0,0,NONE
H00191,까르르 하나 소아청소년과 의원,CLINIC,"내과, 가정의학과","강원특별자치도 춘천시 후석로 355, 3층 (후평동)",춘천시,후석로,37.8824913,127.7477797,033-251-8882,,,,0,0,0,NONE
H00192,꾸러기소아과의원,CLINIC,"내과, 가정의학과","강원특별자치도 동해시 중앙로 249, (천곡동)",동해시,중앙로,37.522743,129.1134223,033-531-0222,,,,0,0,0,NONE
H00193,꿈에의원,CLINIC,"내과, 가정의학과","강원특별자치도 원주시 단구로 398, 청솔3차아파트 상가동 1층 103호 (단구동)",원주시,단구로,37.3214515,127.9553045,033-732-7502,,,,0,0,0,NONE
H00194,나다운 정신건강의학과의원,CLINIC,"내과, 가정의학과","강원특별자치도 원주시 평원로 62, (평원동)",원주시,평원로,37.3511985,127.9509253,033-744-2468,,,,0,0,0,NONE
H00195,나소아과의원,CLINIC,"내과, 가정의학과","강원특별자치도 삼척시 청석로 63, (교동)",삼척시,청석로,37.4481935,129.1757335,033-572-7988,,,,0,0,0,NONE
H00196,난소아청소년과의원,CLINIC,"내과, 가정의학과","강원특별자치도 강릉시 범일로 604, 2층 (내곡동, 하나로마트)",강릉시,범일로,37.7412779,128.8808217,033-646-2730,,,,0,0,0,NONE
H00197,남부밝은안과의원,CLINIC,"내과, 가정의학과","강원특별자치도 원주시 남원로 667-1, (명륜동)",원주시,남원로,37.3422494,127.9542488,033-766-9100,,,,0,0,0,NONE
H00198,노정호백세정형외과의원,CLINIC,"내과, 가정의학과","강원특별자치도 춘천시 스포츠타운길 494, 2,3층 (온의동)",춘천시,스포츠타운길,37.8667287,127.7113225,033-253-0100,,,,0,0,0,NONE
H00199,누가의원,CLINIC,"내과, 가정의학과","강원특별자치도 춘천시 중앙로 138, 2층 (소양로4가)",춘천시,중앙로,37.8760553,127.7198524,033-261-7400,,,,0,0,0,NONE
H00200,누가이비인후과의원,CLINIC,"내과, 가정의학과","강원특별자치도 원주시 서원대로 396, 310호 (단구동, 스타월드프라자)",원주시,서원대로,37.3307458,127.9488807,033-765-5075,,,,0,0,0,NONE
H00201,누가이비인후과의원,CLINIC,"내과, 가정의학과","강원특별자치도 춘천시 퇴계농공로 10, (석사동)",춘천시,퇴계농공로,37.852378,127.7440193,033-263-7544,,,,0,0,0,NONE
H00202,누가이비인후과의원,CLINIC,"내과, 가정의학과","강원특별자치도 동해시 한섬로 111-7, 3층 (천곡동, 현진빌딩)",동해시,한섬로,37.5222543,129.1152178,033-535-3600,,,,0,0,0,NONE
H00203,누누베베소아과의원,CLINIC,"내과, 가정의학과","강원특별자치도 춘천시 충열로 39, (우두동)",춘천시,충열로,37.8994774,127.7327187,033-254-2266,,,,0,0,0,NONE
H00204,뉴코웰이비인후과의원,CLINIC,"내과, 가정의학과","강원특별자치도 원주시 단구로 351, 3층 (단구동)",원주시,단구로,37.3244739,127.9586014,033-765-9559,,,,0,0,0,NONE
H00205,늘찬소아청소년과의원,CLINIC,"내과, 가정의학과","강원특별자치도 춘천시 우두1길 101, 306호 (우두동)",춘천시,우두1길,37.9089597,127.7335699,033-244-0306,,,,0,0,0,NONE
H00206,늘편한내과의원,CLINIC,"내과, 가정의학과","강원특별자치도 춘천시 김유정로 1874, 2층 (퇴계동)",춘천시,김유정로,37.8536047,127.7362827,033-261-1147,,,,0,0,0,NONE
H00207,늘푸른의원,CLINIC,"내과, 가정의학과","강원특별자치도 원주시 치악로 1648, 2층 (단구동)",원주시,치악로,37.3300469,127.9593948,033-765-7579,,,,0,0,0,NONE
H00208,다나신경외과의원,CLINIC,"내과, 가정의학과","강원특별자치도 춘천시 퇴계로 188, 썬타워빌딩 5층 (석사동)",춘천시,퇴계로,37.8571406,127.7393719,033-253-6700,,,,0,0,0,NONE
H00209,다나연세의원,CLINIC,"내과, 가정의학과","강원특별자치도 춘천시 중앙로 59, 3층 (중앙로2가)",춘천시,중앙로,37.8797093,127.7272221,033-253-6701,,,,0,0,0,NONE
H00210,다사랑의원,CLINIC,"내과, 가정의학과","강원특별자치도 춘천시 영서로 2779, (우두동)",춘천시,영서로,37.9013552,127.7284277,033-244-8275,,,,0,0,0,NONE
H00211,다온재활의학과의원,CLINIC,"내과, 가정의학과","강원특별자치도 원주시 능라동길 61, 3,5층 308,309,,506,507,508호 (무실동)",원주시,능라동길,37.3341487,127.9312335,033-746-7500,,,,0,0,0,NONE
H00212,다온정형외과의원,CLINIC,"내과, 가정의학과","강원특별자치도 춘천시 애막골길3번길 33, 1,2,3층 (석사동)",춘천시,애막골길3번길,37.8676106,127.7525522,033-262-5533,,,,0,0,0,NONE
H00213,닥터스킨피부과의원,CLINIC,"내과, 가정의학과","강원특별자치도 원주시 서원대로 406, 3층 (단구동, 리더스타워)",원주시,서원대로,37.3302107,127.9496766,033-744-7007,,,,0,0,0,NONE
H00214,닥터음가정의학과의원,CLINIC,"내과, 가정의학과","강원특별자치도 속초시 동해대로 4163, (조양동)",속초시,동해대로,38.1909025,128.5794386,033-633-3773,,,,0,0,0,NONE
H00215,단구햇살의원,CLINIC,"내과, 가정의학과","강원특별자치도 원주시 치악로 1626, 3층 (단구동)",원주시,치악로,37.3280966,127.9605038,033-761-9973,,,,0,0,0,NONE
H00216,더나은의원,CLINIC,"내과, 가정의학과","강원특별자치도 정선군 정선읍 정선로 1348, (정선읍)",정선군,정선읍,37.3795295,128.663777,033-562-5119,,,,0,0,0,NONE
H00217,더맑은신경과의원,CLINIC,"내과, 가정의학과","강원특별자치도 동해시 효자로 683, 3층 (효가동)",동해시,효자로,37.4926963,129.1088937,033-521-9991,,,,0,0,0,NONE
H00218,더봄365정형외과의원,CLINIC,"내과, 가정의학과","강원특별자치도 춘천시 후석로 294, 2층, 3층 (후평동)",춘천시,후석로,37.8775952,127.7520118,033-253-7575,,,,0,0,0,NONE
H00219,더사랑소아청소년과의원,CLINIC,"내과, 가정의학과","강원특별자치도 원주시 오리현길 16-9, 1층 (반곡동)",원주시,오리현길,37.3386067,127.9677913,033-732-2693,,,,0,0,0,NONE
H00220,더올린의원,CLINIC,"내과, 가정의학과","강원특별자치도 강릉시 선수촌로 74, 해원빌딩 3층 (홍제동)",강릉시,선수촌로,37.7575311,128.8706268,033-823-4888,,,,0,0,0,NONE
H00221,더편한정형외과의원,CLINIC,"내과, 가정의학과","강원특별자치도 원주시 원일로115번길 12, (일산동, 서진빌딩 4층)",원주시,원일로115번길,37.3495291,127.9474327,033-734-7582,,,,0,0,0,NONE
H00222,델포이내과의원,CLINIC,"내과, 가정의학과","강원특별자치도 강릉시 율곡로 2832, (옥천동)",강릉시,율곡로,37.7571557,128.8983757,033-648-1589,,,,0,0,0,NONE
H00223,도계광업소의원,CLINIC,"내과, 가정의학과","강원특별자치도 삼척시 도계읍 도계로3길 16-9, (도계광업소의원)",삼척시,도계읍,37.2318616,129.0435717,033-541-3697,,,,0,0,0,NONE
H00224,도다나피부과의원,CLINIC,"내과, 가정의학과","강원특별자치도 원주시 능라동길 61, 3층 305, 306호 (무실동)",원주시,능라동길,37.3341487,127.9312335,033-813-0975,,,,0,0,0,NONE
H00225,도담내과의원,CLINIC,"내과, 가정의학과","강원특별자치도 원주시 모란1길 70, 203층 (우산동, 수정프라자)",원주시,모란1길,37.3617393,127.9333489,033-744-4901,,,,0,0,0,NONE
H00226,도담도담소아청소년과의원,CLINIC,"내과, 가정의학과","강원특별자치도 강릉시 경강로 2109, 4층 (임당동, 문선빌딩)",강릉시,경강로,37.7556928,128.8972549,033-648-7271,,,,0,0,0,NONE
H00227,도움의원,CLINIC,"내과, 가정의학과","강원특별자치도 원주시 북원로 2634, (태장동)",원주시,북원로,37.3788014,127.9463869,033-732-0279,,,,0,0,0,NONE
H00228,도홍림이비인후과의원,CLINIC,"내과, 가정의학과","강원특별자치도 원주시 원일로115번길 12, 6층 (일산동)",원주시,원일로115번길,37.3495291,127.9474327,033-734-7522,,,,0,0,0,NONE
H00229,동락가정의학과의원,CLINIC,"내과, 가정의학과","강원특별자치도 춘천시 춘천로 185, (운교동)",춘천시,춘천로,37.8767557,127.7348892,033-244-9977,,,,0,0,0,NONE
H00230,동서연산부인과의원,CLINIC,"내과, 가정의학과","강원특별자치도 강릉시 경강로 2110, 동아빌딩 6층 (임당동)",강릉시,경강로,37.7553336,128.8976716,033-641-3001,,,,0,0,0,NONE
H00231,동송제일정형외과의원,CLINIC,"내과, 가정의학과","강원특별자치도 철원군 동송읍 금학로 215, 2층",철원군,동송읍,38.207824,127.2179103,033-458-1188,,,,0,0,0,NONE
H00232,동해금강의원,CLINIC,"내과, 가정의학과","강원특별자치도 동해시 동해대로 5143, (효가동)",동해시,동해대로,37.5034504,129.1066052,033-520-7051,,,,0,0,0,NONE
H00233,동해의원,CLINIC,"내과, 가정의학과","강원특별자치도 속초시 장안로 29, (동명동)",속초시,장안로,38.2111361,128.5926622,033-637-7585,,,,0,0,0,NONE
H00234,동해정형외과의원,CLINIC,"내과, 가정의학과","강원특별자치도 동해시 효자로 688, (효가동)",동해시,효자로,37.4922591,129.1094662,033-522-2770,,,,0,0,0,NONE
H00235,동해제일내과의원,CLINIC,"내과, 가정의학과","강원특별자치도 동해시 청운1길 48, 2층 201호 (쇄운동)",동해시,청운1길,37.4859413,129.1085081,033-522-6638,,,,0,0,0,NONE
H00236,동해튼튼마취통증의학과의원,CLINIC,"내과, 가정의학과","강원특별자치도 동해시 한섬로 111-7, 현진빌딩 2층 202,203호 (천곡동)",동해시,한섬로,37.5222543,129.1152178,033-531-8275,,,,0,0,0,NONE
H00237,동해프라임내과의원,CLINIC,"내과, 가정의학과","강원특별자치도 동해시 천곡로 86-2, 대륜빌딩 201호 (천곡동)",동해시,천곡로,37.5228662,129.1150224,033-533-5580,,,,0,0,0,NONE
H00238,두드림내과의원,CLINIC,"내과, 가정의학과","강원특별자치도 춘천시 우두1길 87, 2층 (우두동)",춘천시,우두1길,37.9075288,127.7340769,033-257-2575,,,,0,0,0,NONE
H00239,두리의원,CLINIC,"내과, 가정의학과","강원특별자치도 춘천시 안마산로 199, 3층 302호 (퇴계동)",춘천시,안마산로,37.8505455,127.7364456,033-263-7582,,,,0,0,0,NONE
H00240,드림365소아청소년과의원,CLINIC,"내과, 가정의학과","강원특별자치도 원주시 지정면 신지정로 322, 탑프라자 402,403호",원주시,지정면,37.3825827,127.8724962,033-734-3650,,,,0,0,0,NONE
H00241,드림아이안과의원,CLINIC,"내과, 가정의학과","강원특별자치도 춘천시 방송길 98, 3층 (온의동)",춘천시,방송길,37.8679122,127.7201749,033-241-0025,,,,0,0,0,NONE
H00242,드림연세안과의원,CLINIC,"내과, 가정의학과","강원특별자치도 원주시 원일로 120, 2층 (중앙동)",원주시,원일로,37.3503162,127.9484763,033-742-0101,,,,0,0,0,NONE
H00243,류상우소아청소년과의원,CLINIC,"내과, 가정의학과","강원특별자치도 태백시 연지로 21, (황지동)",태백시,연지로,37.1757031,128.9893745,033-553-2094,,,,0,0,0,NONE
H00244,류수정안과의원,CLINIC,"내과, 가정의학과","강원특별자치도 춘천시 지석로 85, 2층 203,204호 (석사동)",춘천시,지석로,37.851124,127.7448581,033-262-6500,,,,0,0,0,NONE
H00245,리블룸의원,CLINIC,"내과, 가정의학과","강원특별자치도 원주시 능라동길 73, 3층 (무실동)",원주시,능라동길,37.3331058,127.930263,050714892050,,,,0,0,0,NONE
H00246,리안의원,CLINIC,"내과, 가정의학과","강원특별자치도 동해시 오일장길 30, (구미동)",동해시,오일장길,37.4822847,129.126191,033-522-2345,,,,0,0,0,NONE
H00247,리온재활의학과의원,CLINIC,"내과, 가정의학과","강원특별자치도 춘천시 춘천로 188, (효자동)",춘천시,춘천로,37.8762547,127.7352717,033-241-3322,,,,0,0,0,NONE
H00248,리조이셀의원,CLINIC,"내과, 가정의학과","강원특별자치도 강릉시 교동광장로 115, 2층 (교동)",강릉시,교동광장로,37.7649268,128.8775335,033-645-0815,,,,0,0,0,NONE
H00249,마디세움 정형외과의원,CLINIC,"내과, 가정의학과","강원특별자치도 원주시 지정면 신지정로 322-1, 센텀뷰 5층",원주시,지정면,37.3824014,127.8731714,033-901-8275,,,,0,0,0,NONE
H00250,마디온정형외과의원,CLINIC,"내과, 가정의학과","강원특별자치도 춘천시 안마산로 107, 2.3.4층 (퇴계동)",춘천시,안마산로,37.8545577,127.7275217,033-249-8575,,,,0,0,0,NONE
H00251,마디튼튼마취통증의학과의원,CLINIC,"내과, 가정의학과","강원특별자치도 원주시 능라동길 65, 휴먼타워 201~205호 (무실동)",원주시,능라동길,37.3335166,127.9307231,033-747-1188,,,,0,0,0,NONE
H00252,마음편한정신건강의학과의원,CLINIC,"내과, 가정의학과","강원특별자치도 원주시 서원대로 406, 503호 (단구동)",원주시,서원대로,37.3302107,127.9496766,033-766-7675,,,,0,0,0,NONE
H00253,만종의원,CLINIC,"내과, 가정의학과","강원특별자치도 원주시 호저면 사제로 596, (원주운전면허시험장)",원주시,호저면,37.337911,127.8979784,033-747-8544,,,,0,0,0,NONE
H00254,맑은정신건강의학과의원,CLINIC,"내과, 가정의학과","강원특별자치도 춘천시 경춘로 2362, 2층 201호 (온의동)",춘천시,경춘로,37.8642732,127.7205718,033-243-8900,,,,0,0,0,NONE
H00255,매일진료365의원,CLINIC,"내과, 가정의학과","강원특별자치도 원주시 능라동길 65, 휴먼타워 1, 3층 (무실동)",원주시,능라동길,37.3335166,127.9307231,033-813-4675,,,,0,0,0,NONE
H00256,명석진 내과의원,CLINIC,"내과, 가정의학과","강원특별자치도 춘천시 후석로186번길 14, (석사동)",춘천시,후석로186번길,37.867306,127.7537849,033-263-0938,,,,0,0,0,NONE
H00257,명성메디칼의원,CLINIC,"내과, 가정의학과","강원특별자치도 원주시 현충로 11, 2,3층 (태장동)",원주시,현충로,37.3568544,127.9550891,033-731-3651,,,,0,0,0,NONE
H00258,모아산부인과의원,CLINIC,"내과, 가정의학과","강원특별자치도 홍천군 홍천읍 홍천로 356, 356",홍천군,홍천읍,37.688697,127.8850218,033-432-9020,,,,0,0,0,NONE
H00259,문민규정형외과의원,CLINIC,"내과, 가정의학과","강원특별자치도 태백시 황지로 90, (황지동)",태백시,황지로,37.1667415,128.9921718,033-552-7055,,,,0,0,0,NONE
H00260,문유보이비인후과의원,CLINIC,"내과, 가정의학과","강원특별자치도 춘천시 후석로 12, (석사동)",춘천시,후석로,37.8561315,127.7395676,033-261-7580,,,,0,0,0,NONE
H00261,미드림의원,CLINIC,"내과, 가정의학과","강원특별자치도 원주시 서원대로 165, 3층 (단계동, 대호빌딩)",원주시,서원대로,37.3444803,127.929959,033-746-4222,,,,0,0,0,NONE
H00262,미래산부인과의원,CLINIC,"내과, 가정의학과","강원특별자치도 원주시 단구로 183, (명륜동)",원주시,단구로,37.336073,127.9487566,033-766-8008,,,,0,0,0,NONE
H00263,미래산부인과의원,CLINIC,"내과, 가정의학과","강원특별자치도 춘천시 중앙로 118, (소양로4가)",춘천시,중앙로,37.8767664,127.7220293,033-241-7677,,,,0,0,0,NONE
H00264,미르이비인후과의원,CLINIC,"내과, 가정의학과","강원특별자치도 속초시 중앙로 20, B동 2층 (교동)",속초시,중앙로,38.1982739,128.5795054,033-633-7573,,,,0,0,0,NONE
H00265,미사랑의원,CLINIC,"내과, 가정의학과","강원특별자치도 춘천시 퇴계농공로 22, (석사동)",춘천시,퇴계농공로,37.8512402,127.7441194,033-263-2638,,,,0,0,0,NONE
H00266,미소마취통증의학과의원,CLINIC,"내과, 가정의학과","강원특별자치도 원주시 모란1길 69, 201호 (우산동)",원주시,모란1길,37.3615363,127.932997,033-900-7500,,,,0,0,0,NONE
H00267,미소외과의원,CLINIC,"내과, 가정의학과","강원특별자치도 태백시 황지로 89, (황지동)",태백시,황지로,37.1668345,128.9916666,033-553-0097,,,,0,0,0,NONE
H00268,미앤아이 의원,CLINIC,"내과, 가정의학과","강원특별자치도 춘천시 후석로 18, (석사동)",춘천시,후석로,37.8565888,127.7400968,033-262-1991,,,,0,0,0,NONE
H00269,미즈산부인과의원,CLINIC,"내과, 가정의학과","강원특별자치도 원주시 이화6길 1, (단계동)",원주시,이화6길,37.343555,127.9322618,033-733-6100,,,,0,0,0,NONE
H00270,미즈앤미의원,CLINIC,"내과, 가정의학과","강원특별자치도 춘천시 춘천로 207, (효자동)",춘천시,춘천로,37.8773826,127.7369612,033-256-1888,,,,0,0,0,NONE
H00271,민병철내과의원,CLINIC,"내과, 가정의학과","강원특별자치도 춘천시 후석로 326, 403호 (후평동, 엠타워빌딩)",춘천시,후석로,37.880073,127.7501374,033-251-8242,,,,0,0,0,NONE
H00272,민영의원,CLINIC,"내과, 가정의학과","강원특별자치도 원주시 북원로 2695, (가현동)",원주시,북원로,37.384214,127.9471958,033-732-9798,,,,0,0,0,NONE
H00273,바로그의원,CLINIC,"내과, 가정의학과","강원특별자치도 강릉시 경강로 2090-1, 3,4,5층 (임당동)",강릉시,경강로,37.7542156,128.8957859,033-647-9111,,,,0,0,0,NONE
H00274,바로척척신경외과의원,CLINIC,"내과, 가정의학과","강원특별자치도 속초시 동해대로 4174, 2층 (조양동)",속초시,동해대로,38.1919251,128.5794073,033-636-8577,,,,0,0,0,NONE
H00275,바른속내과의원,CLINIC,"내과, 가정의학과","강원특별자치도 원주시 동부순환로 31, 3층 (반곡동)",원주시,동부순환로,37.3196242,127.9709122,033-901-5400,,,,0,0,0,NONE
H00276,바른정형외과의원,CLINIC,"내과, 가정의학과","강원특별자치도 속초시 청대로 347, (교동)",속초시,청대로,38.1974651,128.5721888,033-633-6119,,,,0,0,0,NONE
H00277,박관영정형외과의원,CLINIC,"내과, 가정의학과","강원특별자치도 춘천시 동내면 춘천순환로 62, 2층",춘천시,동내면,37.8552434,127.750665,033-260-4800,,,,0,0,0,NONE
H00278,박규래정형외과의원,CLINIC,"내과, 가정의학과","강원특별자치도 원주시 무실로 26, (일산동)",원주시,무실로,37.3478133,127.9487432,033-746-5538,,,,0,0,0,NONE
H00279,박동훈내과의원,CLINIC,"내과, 가정의학과","강원특별자치도 원주시 봉화로 22, 6층 (단계동, 더파크타워)",원주시,봉화로,37.3462366,127.928795,033-746-7588,,,,0,0,0,NONE
H00280,박명옥내과의원,CLINIC,"내과, 가정의학과","강원특별자치도 영월군 영월읍 단종로 10, 1층층",영월군,영월읍,37.1843146,128.4683839,033-372-3575,,,,0,0,0,NONE
H00281,박민형안과의원,CLINIC,"내과, 가정의학과","강원특별자치도 강릉시 경강로 2109, 4층 (임당동, 문선빌딩)",강릉시,경강로,37.7556928,128.8972549,033-643-3133,,,,0,0,0,NONE
H00282,박비뇨기과의원,CLINIC,"내과, 가정의학과","강원특별자치도 강릉시 경강로 2092-1, (임당동)",강릉시,경강로,37.7544566,128.8960582,033-648-2430,,,,0,0,0,NONE
H00283,박비뇨기과의원,CLINIC,"내과, 가정의학과","강원특별자치도 삼척시 진주로 25, 신한은행 (남양동)",삼척시,진주로,37.443009,129.1637851,033-574-7666,,,,0,0,0,NONE
H00284,박영록신경외과의원,CLINIC,"내과, 가정의학과","강원특별자치도 홍천군 홍천읍 홍천로 366, (홍천읍)",홍천군,홍천읍,37.6890034,127.8859089,033-434-8275,,,,0,0,0,NONE
H00285,박원일마취통증의학과의원,CLINIC,"내과, 가정의학과","강원특별자치도 동해시 공단1로 7-11, (구미동)",동해시,공단1로,37.4710864,129.1409654,033-521-0266,,,,0,0,0,NONE
H00286,박유인소아청소년과의원,CLINIC,"내과, 가정의학과","강원특별자치도 강릉시 솔올로 25, 2층 (교동)",강릉시,솔올로,37.7642131,128.8776272,033-641-2391,,,,0,0,0,NONE
H00287,박이비인후과의원,CLINIC,"내과, 가정의학과","강원특별자치도 춘천시 금강로 62, (조양동)",춘천시,금강로,37.8796451,127.7282286,033-253-4503,,,,0,0,0,NONE
H00288,박정민통증의학과의원,CLINIC,"내과, 가정의학과","강원특별자치도 속초시 동해대로 4177, 4층 (조양동)",속초시,동해대로,38.1921319,128.5785904,033-636-1006,,,,0,0,0,NONE
H00289,박정빈외과의원,CLINIC,"내과, 가정의학과","강원특별자치도 강릉시 경강로 2109, 3층 (임당동, 문선빌딩)",강릉시,경강로,37.7556928,128.8972549,033-648-0080,,,,0,0,0,NONE
H00290,박정형외과의원,CLINIC,"내과, 가정의학과","강원특별자치도 동해시 동굴로 104, (천곡동)",동해시,동굴로,37.5174559,129.1155332,033-533-8255,,,,0,0,0,NONE
H00291,박찬우365의원,CLINIC,"내과, 가정의학과","강원특별자치도 춘천시 안마산로 97, 2층 (퇴계동)",춘천시,안마산로,37.8550619,127.7264996,033-253-0365,,,,0,0,0,NONE
H00292,박현민성형외과의원,CLINIC,"내과, 가정의학과","강원특별자치도 원주시 서원대로 156, 5층 (단계동)",원주시,서원대로,37.3440918,127.9289354,033-742-7773,,,,0,0,0,NONE
H00293,박희홍의원,CLINIC,"내과, 가정의학과","강원특별자치도 고성군 거진읍 거탄진로 137, 137",고성군,거진읍,38.447096,128.4557516,033-682-8282,,,,0,0,0,NONE
H00294,밝은김안과의원,CLINIC,"내과, 가정의학과","강원특별자치도 영월군 영월읍 중앙1로 23, (시외버스터미널 2층)",영월군,영월읍,37.1829585,128.4652752,033-373-0075,,,,0,0,0,NONE
H00295,밝은미래의원,CLINIC,"내과, 가정의학과","강원특별자치도 양구군 양구읍 사명길 32, (양구읍)",양구군,양구읍,38.1037079,127.9884012,033-481-2575,,,,0,0,0,NONE
H00296,배상일심장혈관흉부외과의원,CLINIC,"내과, 가정의학과","강원특별자치도 삼척시 중앙로 245, 1층 (남양동)",삼척시,중앙로,37.4451124,129.1676972,033-576-7575,,,,0,0,0,NONE
H00297,배재천신경과의원,CLINIC,"내과, 가정의학과","강원특별자치도 춘천시 후석로 22, (석사동)",춘천시,후석로,37.8567396,127.7402992,033-261-3710,,,,0,0,0,NONE
H00298,백골의원,CLINIC,"내과, 가정의학과","강원특별자치도 철원군 서면 금강로 7628, (서면)",철원군,서면,38.2008523,127.4237299,033-450-6074,,,,0,0,0,NONE
H00299,백신경외과의원,CLINIC,"내과, 가정의학과","강원특별자치도 동해시 동해대로 5461, (평릉동)",동해시,동해대로,37.5296172,129.1044874,033-533-8181,,,,0,0,0,NONE
H00300,백태준성형외과의원,CLINIC,"내과, 가정의학과","강원특별자치도 원주시 감영길 11, (일산동)",원주시,감영길,37.3474624,127.9500358,033-735-7575,,,,0,0,0,NONE
H00301,백피부과의원,CLINIC,"내과, 가정의학과","강원특별자치도 원주시 원일로115번길 1, (일산동)",원주시,원일로115번길,37.3498077,127.9483615,033-748-1291,,,,0,0,0,NONE
H00302,백호의원,CLINIC,"내과, 가정의학과","강원특별자치도 원주시 소초면 치악로 2367, 의무대 1,2층",원주시,소초면,37.3860581,127.976279,033-736-7102,,,,0,0,0,NONE
H00303,밴스의원,CLINIC,"내과, 가정의학과","강원특별자치도 원주시 서원대로 416, 2층 (단구동)",원주시,서원대로,37.3295475,127.950692,033-812-3034,,,,0,0,0,NONE
H00304,법무부 춘천소년원 부속의원,CLINIC,"내과, 가정의학과","강원특별자치도 춘천시 동내면 장안길 51, 신촌정보통신학교",춘천시,동내면,37.8457427,127.7626282,033-261-9201,,,,0,0,0,NONE
H00305,베스트비뇨기과의원,CLINIC,"내과, 가정의학과","강원특별자치도 속초시 중앙로 20, A동 3층 302호 (교동)",속초시,중앙로,38.1982739,128.5795054,033-633-1175,,,,0,0,0,NONE
H00306,베스트안과의원,CLINIC,"내과, 가정의학과","강원특별자치도 강릉시 경강로 2110, (임당동)",강릉시,경강로,37.7553336,128.8976716,033-6476-1667,,,,0,0,0,NONE
H00307,베스트정형외과의원,CLINIC,"내과, 가정의학과","강원특별자치도 속초시 중앙로 127, 4층 (금호동)",속초시,중앙로,38.2027849,128.5900198,033-632-7501,,,,0,0,0,NONE
H00308,벧엘의료재단 우리들의원,CLINIC,"내과, 가정의학과","강원특별자치도 정선군 정선읍 비봉로 53, (정선읍)",정선군,정선읍,37.3813356,128.6641873,033-563-1912,,,,0,0,0,NONE
H00309,변미숙산부인과의원,CLINIC,"내과, 가정의학과","강원특별자치도 춘천시 경춘로 2362, 3층 (온의동)",춘천시,경춘로,37.8642732,127.7205718,033-256-5005,,,,0,0,0,NONE
H00310,본안과의원,CLINIC,"내과, 가정의학과","강원특별자치도 속초시 중앙로 20, 2층 201호 (교동)",속초시,중앙로,38.1982739,128.5795054,033-637-9100,,,,0,0,0,NONE
H00311,본정형외과의원,CLINIC,"내과, 가정의학과","강원특별자치도 강릉시 금성로 60, 5층 (성내동)",강릉시,금성로,37.7518409,128.8947911,033-648-7582,,,,0,0,0,NONE
H00312,봄내랑내과의원,CLINIC,"내과, 가정의학과","강원특별자치도 춘천시 후석로 318, 3,4층 (후평동)",춘천시,후석로,37.8795144,127.750513,033-257-3009,,,,0,0,0,NONE
H00313,봄내사랑의원,CLINIC,"내과, 가정의학과","강원특별자치도 춘천시 모수물길 70, 2층 (소양로2가)",춘천시,모수물길,37.8894105,127.7254315,033-253-9510,,,,0,0,0,NONE
H00314,봄내아이 소아청소년과의원,CLINIC,"내과, 가정의학과","강원특별자치도 춘천시 지석로 11, (퇴계동)",춘천시,지석로,37.8535241,127.7375259,033-264-1191,,,,0,0,0,NONE
H00315,봉오의원,CLINIC,"내과, 가정의학과","강원특별자치도 화천군 상서면 신월동로 52, (상서면)",화천군,상서면,38.1967621,127.5995177,,,,,0,0,0,NONE
H00316,봉포의원,CLINIC,"내과, 가정의학과","강원특별자치도 고성군 토성면 토성로 89, 봉포프라자",고성군,토성면,38.2539575,128.5627798,,,,,0,0,0,NONE
H00317,부곡의원,CLINIC,"내과, 가정의학과","강원특별자치도 동해시 발한로 69-0, (부곡동)",동해시,발한로,37.5385698,129.1015261,033-533-1045,,,,0,0,0,NONE
H00318,부부소아청소년과의원,CLINIC,"내과, 가정의학과","강원특별자치도 원주시 문막읍 왕건로 48, (문막읍)",원주시,문막읍,37.3238795,127.8293112,033-746-5988,,,,0,0,0,NONE
H00319,북평의원,CLINIC,"내과, 가정의학과","강원특별자치도 동해시 전천로 303, (북평동)",동해시,전천로,37.4831764,129.1247815,033-521-7180,,,,0,0,0,NONE
H00320,뷰티온의원 속초점,CLINIC,"내과, 가정의학과","강원특별자치도 속초시 동해대로 4117, 4층 (조양동)",속초시,동해대로,38.1892434,128.5840154,033-800-8859,,,,0,0,0,NONE
H00321,블리비의원,CLINIC,"내과, 가정의학과","강원특별자치도 원주시 서원대로 396, 스타월드 4층 409호, 410호, 411호, 415호 (단구동)",원주시,서원대로,37.3307458,127.9488807,18339359,,,,0,0,0,NONE
H00322,블리비의원,CLINIC,"내과, 가정의학과","강원특별자치도 춘천시 방송길 106, 101호~103호, 201호~202호호 (온의동)",춘천시,방송길,37.8674049,127.7210609,18332346,,,,0,0,0,NONE
H00323,비앤비이승준안과의원,CLINIC,"내과, 가정의학과","강원특별자치도 춘천시 춘천로17번길 37, 4층 (온의동)",춘천시,춘천로17번길,37.8676873,127.7179875,033-252-1080,,,,0,0,0,NONE
H00324,쁘띠365의원,CLINIC,"내과, 가정의학과","강원특별자치도 춘천시 중앙로 59, 지하1, 1, 2층 (중앙로2가)",춘천시,중앙로,37.8797093,127.7272221,033-818-0650,,,,0,0,0,NONE
H00325,사랑나무 소아청소년과의원,CLINIC,"내과, 가정의학과","강원특별자치도 춘천시 방송길 84, (온의동,롯데마트3층)",춘천시,방송길,37.868583,127.7180606,033-252-8275,,,,0,0,0,NONE
H00326,사랑마취통증의학과의원,CLINIC,"내과, 가정의학과","강원특별자치도 춘천시 안마산로 99-1, 4층 (퇴계동)",춘천시,안마산로,37.8550619,127.7264996,033-242-7516,,,,0,0,0,NONE
H00327,사랑마취통증의학과의원,CLINIC,"내과, 가정의학과","강원특별자치도 철원군 서면 와수로 162, 참사랑의원",철원군,서면,38.2379235,127.4379994,033-458-7749,,,,0,0,0,NONE
H00328,사랑샘안과의원,CLINIC,"내과, 가정의학과","강원특별자치도 춘천시 후석로 284-1, (후평동)",춘천시,후석로,37.8769163,127.7523788,033-241-6484,,,,0,0,0,NONE
H00329,사랑정신건강의학과의원,CLINIC,"내과, 가정의학과","강원특별자치도 춘천시 영서로 2341, (온의동)",춘천시,영서로,37.8683518,127.7158638,033-257-0088,,,,0,0,0,NONE
H00330,산악의원,CLINIC,"내과, 가정의학과","강원특별자치도 인제군 기린면 기린로 28, 기린우체국(사서함116-1) 1층",인제군,기린면,37.9546738,128.3175766,033-460-7119,,,,0,0,0,NONE
H00331,삼성마취통증의학과의원,CLINIC,"내과, 가정의학과","강원특별자치도 홍천군 홍천읍 꽃뫼로 124, (홍천읍)",홍천군,홍천읍,37.6915,127.8874315,033-435-3663,,,,0,0,0,NONE
H00332,삼성서울리프앤톡스의원,CLINIC,"내과, 가정의학과","강원특별자치도 원주시 혁신로 35, 3층 301~302호 (반곡동)",원주시,혁신로,37.3242961,127.9781362,033-813-1707,,,,0,0,0,NONE
H00333,삼성수의원,CLINIC,"내과, 가정의학과","강원특별자치도 영월군 영월읍 중앙1로 15, (2층)",영월군,영월읍,37.1825015,128.4655777,033-375-2000,,,,0,0,0,NONE
H00334,삼성신경외과의원,CLINIC,"내과, 가정의학과","강원특별자치도 횡성군 둔내면 경강로둔방8길 2, (둔내면)",횡성군,둔내면,37.5130295,128.2125134,033-343-0222,,,,0,0,0,NONE
H00335,삼성신경외과의원,CLINIC,"내과, 가정의학과","강원특별자치도 춘천시 중앙로 136, 5층 (소양로4가)",춘천시,중앙로,37.876118,127.7201096,033-251-3227,,,,0,0,0,NONE
H00336,삼성연합의원,CLINIC,"내과, 가정의학과","강원특별자치도 춘천시 효석로 37, (효자동)",춘천시,효석로,37.8631786,127.7357562,033-264-5577,,,,0,0,0,NONE
H00337,삼성연합의원,CLINIC,"내과, 가정의학과","강원특별자치도 평창군 평창읍 문화길 35-8, (평창읍)",평창군,평창읍,37.3674392,128.3919304,033-332-6559,,,,0,0,0,NONE
H00338,삼성의원,CLINIC,"내과, 가정의학과","강원특별자치도 속초시 중앙로 164, (중앙동)",속초시,중앙로,38.2051399,128.592395,033-638-8282,,,,0,0,0,NONE
H00339,삼성탑마취통증의학과의원,CLINIC,"내과, 가정의학과","강원특별자치도 삼척시 오십천로 421, 동성빌딩 2층, 5층 (남양동)",삼척시,오십천로,37.4408417,129.164621,033-575-8275,,,,0,0,0,NONE
H00340,상명내과의원,CLINIC,"내과, 가정의학과","강원특별자치도 양양군 양양읍 남문6길 4, (양양읍)",양양군,양양읍,38.0756669,128.6221303,033-672-8712,,,,0,0,0,NONE
H00341,상쾌한이비인후과의원,CLINIC,"내과, 가정의학과","강원특별자치도 강릉시 경강로 2108, 2층 (임당동)",강릉시,경강로,37.7552401,128.8974907,033-641-8904,,,,0,0,0,NONE
H00342,새봄의원,CLINIC,"내과, 가정의학과","강원특별자치도 춘천시 동내면 공지로 76, 2층",춘천시,동내면,37.8541327,127.7509776,033-264-5100,,,,0,0,0,NONE
H00343,새샘의원,CLINIC,"내과, 가정의학과","강원특별자치도 평창군 평창읍 평창강로 838-7, (평창읍)",평창군,평창읍,37.3236442,128.3699251,033-332-0675,,,,0,0,0,NONE
H00344,서외과의원,CLINIC,"내과, 가정의학과","강원특별자치도 동해시 동해대로 5007, (효가동)",동해시,동해대로,37.4930433,129.1100562,033-521-1308,,,,0,0,0,NONE
H00345,서울가정의학과의원,CLINIC,"내과, 가정의학과","강원특별자치도 정선군 정선읍 봉양7길 34-0, 2층 (정선농협)",정선군,정선읍,37.379634,128.6654709,033-563-6622,,,,0,0,0,NONE
H00346,서울내과의원,CLINIC,"내과, 가정의학과","강원특별자치도 원주시 장미공원길 43-2, (단계동)",원주시,장미공원길,37.3470662,127.9303845,033-732-1344,,,,0,0,0,NONE
H00347,서울노앤기내과의원,CLINIC,"내과, 가정의학과","강원특별자치도 속초시 중앙로 20, 2층 (교동, 르네상스 속초빌딩)",속초시,중앙로,38.1982739,128.5795054,033-635-8275,,,,0,0,0,NONE
H00348,서울드림의원,CLINIC,"내과, 가정의학과","강원특별자치도 홍천군 홍천읍 신장대로 47-1, 3층",홍천군,홍천읍,37.6903573,127.8815204,033-433-3354,,,,0,0,0,NONE
H00349,서울베스트안과의원,CLINIC,"내과, 가정의학과","강원특별자치도 동해시 중앙로 237, (천곡동)",동해시,중앙로,37.5220356,129.113774,033-531-6162,,,,0,0,0,NONE
H00350,서울산부인과의원,CLINIC,"내과, 가정의학과","강원특별자치도 삼척시 진주로 20, (남양동, 중앙상가)",삼척시,진주로,37.4425646,129.1642913,033-574-0041,,,,0,0,0,NONE
H00351,서울삼성내과의원,CLINIC,"내과, 가정의학과","강원특별자치도 홍천군 홍천읍 홍천로 366, (홍천읍)",홍천군,홍천읍,37.6890034,127.8859089,033-435-8875,,,,0,0,0,NONE
H00352,서울삼성산부인과의원,CLINIC,"내과, 가정의학과","강원특별자치도 춘천시 금강로 67-1, 5층 (조양동)",춘천시,금강로,37.879341,127.729191,033-912-8006,,,,0,0,0,NONE
H00353,서울삼성의원,CLINIC,"내과, 가정의학과","강원특별자치도 춘천시 남산면 한치로 98-1, (남산면)",춘천시,남산면,37.7897626,127.6467124,070-5220-2660,,,,0,0,0,NONE
H00354,서울성모정신건강의학과의원,CLINIC,"내과, 가정의학과","강원특별자치도 원주시 만대공원길 59, 3층 303호 (무실동)",원주시,만대공원길,37.3394268,127.9247117,033-731-3080,,,,0,0,0,NONE
H00355,서울성형외과의원,CLINIC,"내과, 가정의학과","강원특별자치도 강릉시 경강로 2097, 4층 (임당동, 원영빌딩)",강릉시,경강로,37.7549777,128.8961252,033-645-0570,,,,0,0,0,NONE
H00356,서울성형외과의원,CLINIC,"내과, 가정의학과","강원특별자치도 속초시 중앙로 48-1, (교동)",속초시,중앙로,38.2001322,128.5819048,033-637-3110,,,,0,0,0,NONE
H00357,서울수이비인후과의원,CLINIC,"내과, 가정의학과","강원특별자치도 강릉시 경강로 2120, 5층 501,502호 (옥천동, 씨네몰)",강릉시,경강로,37.7556996,128.8986261,033-655-0575,,,,0,0,0,NONE
H00358,서울아산내과의원,CLINIC,"내과, 가정의학과","강원특별자치도 춘천시 영서로 2341, (온의동)",춘천시,영서로,37.8683518,127.7158638,033-243-0826,,,,0,0,0,NONE
H00359,서울아산의원,CLINIC,"내과, 가정의학과","강원특별자치도 속초시 중앙로 88-1, (청학동)",속초시,중앙로,38.2013459,128.5857959,033-635-6565,,,,0,0,0,NONE
H00360,서울안과의원,CLINIC,"내과, 가정의학과","강원특별자치도 홍천군 홍천읍 홍천로 356, (홍천읍)",홍천군,홍천읍,37.688697,127.8850218,033-433-8270,,,,0,0,0,NONE
H00361,서울안과의원,CLINIC,"내과, 가정의학과","강원특별자치도 강릉시 경강로 2108, 3층 (임당동)",강릉시,경강로,37.7552401,128.8974907,033-644-0707,,,,0,0,0,NONE
H00362,서울에이스정형외과의원,CLINIC,"내과, 가정의학과","강원특별자치도 강릉시 금성로22번길 8, 2,3층 (금학동)",강릉시,금성로22번길,37.7544997,128.897785,033-641-1253,,,,0,0,0,NONE
H00363,서울연세의원,CLINIC,"내과, 가정의학과","강원특별자치도 삼척시 정상로 78, (교동)",삼척시,정상로,37.4488377,129.1755221,033-572-8251,,,,0,0,0,NONE
H00364,서울영상의학과의원,CLINIC,"내과, 가정의학과","강원특별자치도 속초시 중앙로 107, (금호동)",속초시,중앙로,38.2021633,128.5877169,033-637-8275,,,,0,0,0,NONE
H00365,서울온마음내과의원,CLINIC,"내과, 가정의학과","강원특별자치도 춘천시 동내면 영서로 1832, 3층",춘천시,동내면,37.8404257,127.759333,033-262-9989,,,,0,0,0,NONE
H00366,서울외과의원,CLINIC,"내과, 가정의학과","강원특별자치도 원주시 원일로 169, (학성동)",원주시,원일로,37.3531274,127.9458995,033-742-1204,,,,0,0,0,NONE
H00367,서울외과의원,CLINIC,"내과, 가정의학과","강원특별자치도 철원군 동송읍 이평2로 13, (서울외과병원)",철원군,동송읍,38.2067669,127.2207726,033-455-9292,,,,0,0,0,NONE
H00368,서울의원,CLINIC,"내과, 가정의학과","강원특별자치도 양양군 양양읍 남문로 7-1, (양양읍)",양양군,양양읍,38.0728903,128.6210655,033-671-2213,,,,0,0,0,NONE
H00369,서울의원,CLINIC,"내과, 가정의학과","강원특별자치도 강릉시 주문진읍 주문로 127, (주문진읍)",강릉시,주문진읍,37.8946875,128.8287749,033-655-1956,,,,0,0,0,NONE
H00370,서울의원,CLINIC,"내과, 가정의학과","강원특별자치도 평창군 진부면 진부중앙로 88, (진부면)",평창군,진부면,37.6387395,128.5603651,033-336-5577,,,,0,0,0,NONE
H00371,서울의원,CLINIC,"내과, 가정의학과","강원특별자치도 춘천시 김유정로 1852-35, 3층 (퇴계동)",춘천시,김유정로,37.8512179,127.7360326,033-263-7658,,,,0,0,0,NONE
H00372,서울의원,CLINIC,"내과, 가정의학과","강원특별자치도 홍천군 서석면 구룡령로 2522, 2522",홍천군,서석면,37.7125903,128.1851377,033-433-2652,,,,0,0,0,NONE
H00373,서울이내과의원,CLINIC,"내과, 가정의학과","강원특별자치도 원주시 서원대로 410, 401~403호 (단구동, 한솔프라자)",원주시,서원대로,37.3297852,127.9503251,033-763-1300,,,,0,0,0,NONE
H00374,서울이비인후과의원,CLINIC,"내과, 가정의학과","강원특별자치도 속초시 중앙로 35, (교동)",속초시,중앙로,38.1996946,128.580559,033-632-3784,,,,0,0,0,NONE
H00375,서울이비인후과의원,CLINIC,"내과, 가정의학과","강원특별자치도 강릉시 경강로 2102, 3층 (임당동, 신영빌딩)",강릉시,경강로,37.7549326,128.8969302,033-645-2260,,,,0,0,0,NONE
H00376,서울정형외과의원,CLINIC,"내과, 가정의학과","강원특별자치도 속초시 청초호반로 135, (조양동)",속초시,청초호반로,38.1918636,128.5803663,033-631-1190,,,,0,0,0,NONE
H00377,서울정형외과의원,CLINIC,"내과, 가정의학과","강원특별자치도 홍천군 홍천읍 홍천로 356, 로하스빌딩 (1, 4)층",홍천군,홍천읍,37.688697,127.8850218,033-432-1129,,,,0,0,0,NONE
H00378,서울정형외과의원,CLINIC,"내과, 가정의학과","강원특별자치도 강릉시 경강로 2109, 4층 (임당동, 문선빌딩)",강릉시,경강로,37.7556928,128.8972549,033-643-8801,,,,0,0,0,NONE
H00379,서울제일정형외과의원,CLINIC,"내과, 가정의학과","강원특별자치도 강릉시 율곡로 2827, 그랜드치과타워 3층 (옥천동)",강릉시,율곡로,37.7565441,128.8982458,033-648-2200,,,,0,0,0,NONE
H00380,서울진마취통증의학과의원,CLINIC,"내과, 가정의학과","강원특별자치도 춘천시 춘천로 183, 3,4층 (운교동)",춘천시,춘천로,37.8767116,127.7346154,033-244-7786,,,,0,0,0,NONE
H00381,서울차내과의원,CLINIC,"내과, 가정의학과","강원특별자치도 속초시 동해대로 4215, 2층 (교동, 개성빌딩)",속초시,동해대로,38.1952331,128.5772842,033-638-8275,,,,0,0,0,NONE
H00382,서울탑마취통증의학과의원,CLINIC,"내과, 가정의학과","강원특별자치도 원주시 중앙시장길 32, 1,2층 일부호 (중앙동)",원주시,중앙시장길,37.3507312,127.9501157,033-813-3800,,,,0,0,0,NONE
H00383,서울튼튼신경외과의원,CLINIC,"내과, 가정의학과","강원특별자치도 원주시 중앙시장길 11, 2층 (중앙동, 자유시장 1블럭 1호)",원주시,중앙시장길,37.3507475,127.9487543,033-743-7583,,,,0,0,0,NONE
H00384,서울피부과의원,CLINIC,"내과, 가정의학과","강원특별자치도 속초시 중앙로 127, (금호동)",속초시,중앙로,38.2027849,128.5900198,033-638-3888,,,,0,0,0,NONE
H00385,서울피부과의원,CLINIC,"내과, 가정의학과","강원특별자치도 강릉시 경강로 2097, (임당동)",강릉시,경강로,37.7549777,128.8961252,033-641-8711,,,,0,0,0,NONE
H00386,서울황내과의원,CLINIC,"내과, 가정의학과","강원특별자치도 원주시 능라동길 59, 603,604호 (무실동)",원주시,능라동길,37.3344196,127.9308182,033-813-1314,,,,0,0,0,NONE
H00387,서이비인후과의원,CLINIC,"내과, 가정의학과","강원특별자치도 강릉시 경강로 2109, 3층 (임당동, 문선빌딩)",강릉시,경강로,37.7556928,128.8972549,033-642-1746,,,,0,0,0,NONE
H00388,서이비인후과의원,CLINIC,"내과, 가정의학과","강원특별자치도 원주시 남원로 671, 3층 (명륜동)",원주시,남원로,37.3424591,127.9544838,033-764-1525,,,,0,0,0,NONE
H00389,서정형외과의원,CLINIC,"내과, 가정의학과","강원특별자치도 강릉시 솔올로 32, 현산빌딩 2,3층 (교동)",강릉시,솔올로,37.7648263,128.8782554,033-922-7111,,,,0,0,0,NONE
H00390,석사성모의원,CLINIC,"내과, 가정의학과","강원특별자치도 춘천시 우석로101번길 86, 205.206호 (석사동, 석사대우아파트상가)",춘천시,우석로101번길,37.8693238,127.7572556,033-263-4589,,,,0,0,0,NONE
H00391,석사성심안과의원,CLINIC,"내과, 가정의학과","강원특별자치도 춘천시 퇴계농공로 22, (석사동)",춘천시,퇴계농공로,37.8512402,127.7441194,033-262-7566,,,,0,0,0,NONE
H00392,선메디라인의원,CLINIC,"내과, 가정의학과","강원특별자치도 춘천시 지석로 75, (석사동)",춘천시,지석로,37.8513182,127.7437076,033-264-7585,,,,0,0,0,NONE
H00393,설악보건의료소비자생활협동조합 진영의원,CLINIC,"내과, 가정의학과","강원특별자치도 속초시 중앙로 167, (중앙동)",속초시,중앙로,38.2057293,128.5922983,033-635-6150,,,,0,0,0,NONE
H00394,설악의원,CLINIC,"내과, 가정의학과","강원특별자치도 인제군 북면 원통로 178, 178",인제군,북면,38.1227563,128.2039316,033-463-7788,,,,0,0,0,NONE
H00395,설악정형외과의원,CLINIC,"내과, 가정의학과","강원특별자치도 속초시 동해대로 4203, (교동)",속초시,동해대로,38.1943759,128.5767734,033-633-7577,,,,0,0,0,NONE
H00396,성광용내과의원,CLINIC,"내과, 가정의학과","강원특별자치도 강릉시 주문진읍 주문로 103, (주문진읍)",강릉시,주문진읍,37.893014,128.8268443,033-662-1475,,,,0,0,0,NONE
H00397,성모솔정신건강의학과의원,CLINIC,"내과, 가정의학과","강원특별자치도 강릉시 경강로 2102, 2층 202호 (임당동)",강릉시,경강로,37.7549326,128.8969302,033-823-1500,,,,0,0,0,NONE
H00398,성모스마일내과의원,CLINIC,"내과, 가정의학과","강원특별자치도 춘천시 후석로 294, 3층 (후평동)",춘천시,후석로,37.8775952,127.7520118,033-255-0119,,,,0,0,0,NONE
H00399,성모안과의원,CLINIC,"내과, 가정의학과","강원특별자치도 동해시 천곡로 76, 다나빌딩 2층 201호 (천곡동)",동해시,천곡로,37.5229022,129.1132361,033-533-1285,,,,0,0,0,NONE
H00400,성모의원,CLINIC,"내과, 가정의학과","강원특별자치도 홍천군 홍천읍 연봉로 34, 2층",홍천군,홍천읍,37.6817862,127.8773094,033-434-4451,,,,0,0,0,NONE
H00401,성모의원,CLINIC,"내과, 가정의학과","강원특별자치도 양양군 양양읍 양양로 62, 62",양양군,양양읍,38.075549,128.6223509,033-673-2800,,,,0,0,0,NONE
H00402,성심더편한내과의원,CLINIC,"내과, 가정의학과","강원특별자치도 삼척시 진주로 19, M 1965 5층 (남양동)",삼척시,진주로,37.4425304,129.1637519,033-572-3133,,,,0,0,0,NONE
H00403,성심안과의원,CLINIC,"내과, 가정의학과","강원특별자치도 횡성군 횡성읍 횡성로 409, 2층",횡성군,횡성읍,37.4894301,127.9858918,033-345-2800,,,,0,0,0,NONE
H00404,성심안과의원,CLINIC,"내과, 가정의학과","강원특별자치도 춘천시 금강로 69, (조양동)",춘천시,금강로,37.8791348,127.7292441,033-256-7585,,,,0,0,0,NONE
H00405,성심외과의원,CLINIC,"내과, 가정의학과","강원특별자치도 강릉시 율곡로 2796, 1층 (성남동)",강릉시,율곡로,37.75466,128.9011352,033-645-4082,,,,0,0,0,NONE
H00406,성심의원,CLINIC,"내과, 가정의학과","강원특별자치도 삼척시 원덕읍 임원중앙로 36-1, (성심의원)",삼척시,원덕읍,37.2303993,129.3443189,033-573-3347,,,,0,0,0,NONE
H00407,성심의원,CLINIC,"내과, 가정의학과","강원특별자치도 동해시 발한로 204, (발한동)",동해시,발한로,37.5475697,129.1090199,033-531-3900,,,,0,0,0,NONE
H00408,성심의원,CLINIC,"내과, 가정의학과","강원특별자치도 춘천시 퇴계로 166, (퇴계동)",춘천시,퇴계로,37.8581691,127.7374396,033-262-3114,,,,0,0,0,NONE
H00409,성심의원,CLINIC,"내과, 가정의학과","강원특별자치도 홍천군 홍천읍 갈마로 15, 2층",홍천군,홍천읍,37.6927615,127.8983251,033-433-9117,,,,0,0,0,NONE
H00410,성요셉의원,CLINIC,"내과, 가정의학과","강원특별자치도 철원군 서면 와수1로 12, (서면)",철원군,서면,38.2379355,127.436973,033-458-6115,,,,0,0,0,NONE
H00411,성윤업내과의원,CLINIC,"내과, 가정의학과","강원특별자치도 영월군 영월읍 중앙1로 32, (영월읍)",영월군,영월읍,37.1839023,128.465951,033-374-0871,,,,0,0,0,NONE
H00412,세가온산부인과의원,CLINIC,"내과, 가정의학과","강원특별자치도 강릉시 율곡로 2982-6, (교동)",강릉시,율곡로,37.7682777,128.8923474,033-643-7114,,,,0,0,0,NONE
H00413,세가온소아청소년과의원,CLINIC,"내과, 가정의학과","강원특별자치도 강릉시 율곡로 2982-6, 1층 (교동)",강릉시,율곡로,37.7682777,128.8923474,033-655-9393,,,,0,0,0,NONE
H00414,세란신경과의원,CLINIC,"내과, 가정의학과","강원특별자치도 강릉시 금성로22번길 13, 2층 (금학동)",강릉시,금성로22번길,37.7546881,128.8971264,033-645-6405,,,,0,0,0,NONE
H00415,세란의원,CLINIC,"내과, 가정의학과","강원특별자치도 속초시 동해대로 4024, 제일프라자 3층 303, 307호 (조양동)",속초시,동해대로,38.1902066,128.5945497,033-636-8114,,,,0,0,0,NONE
H00416,세란재활의학과의원,CLINIC,"내과, 가정의학과","강원특별자치도 강릉시 경강로 2120, 5층 513호 (옥천동)",강릉시,경강로,37.7556996,128.8986261,033-648-7119,,,,0,0,0,NONE
H00417,세브란의원,CLINIC,"내과, 가정의학과","강원특별자치도 고성군 거진읍 거진시장길 11, 11",고성군,거진읍,38.4475089,128.4548482,033-682-7755,,,,0,0,0,NONE
H00418,세안의원,CLINIC,"내과, 가정의학과","강원특별자치도 영월군 영월읍 중앙1로 31, (영월읍)",영월군,영월읍,37.1839746,128.465639,033-373-7582,,,,0,0,0,NONE
H00419,세원마취통증의원,CLINIC,"내과, 가정의학과","강원특별자치도 강릉시 경강로 2120, (옥천동)",강릉시,경강로,37.7556996,128.8986261,033-642-8030,,,,0,0,0,NONE
H00420,세종의원,CLINIC,"내과, 가정의학과","강원특별자치도 횡성군 횡성읍 문정로 34, (횡성읍)",횡성군,횡성읍,37.4891011,127.9870037,033-343-3001,,,,0,0,0,NONE
H00421,세종의원,CLINIC,"내과, 가정의학과","강원특별자치도 동해시 일출로 15, (발한동, 동해물약국)",동해시,일출로,37.5506116,129.1096422,033-532-0511,,,,0,0,0,NONE
H00422,셀레스의원,CLINIC,"내과, 가정의학과","강원특별자치도 춘천시 중앙로 55, (중앙로2가)",춘천시,중앙로,37.8800321,127.7276065,033-257-9889,,,,0,0,0,NONE
H00423,셀레스의원,CLINIC,"내과, 가정의학과","강원특별자치도 원주시 봉화로 16, 3층 (단계동)",원주시,봉화로,37.3459695,127.9288427,033-748-9779,,,,0,0,0,NONE
H00424,소망의원,CLINIC,"내과, 가정의학과","강원특별자치도 평창군 평창읍 백오로 111, (평창읍)",평창군,평창읍,37.367796,128.3961276,3342027,,,,0,0,0,NONE
H00425,소망의원,CLINIC,"내과, 가정의학과","강원특별자치도 춘천시 퇴계로 243, 3층 (석사동)",춘천시,퇴계로,37.8557092,127.745499,033-264-5191,,,,0,0,0,NONE
H00426,소망의원,CLINIC,"내과, 가정의학과","강원특별자치도 원주시 중앙로 136, 2층 (중앙동)",원주시,중앙로,37.3510158,127.9496621,033-742-7558,,,,0,0,0,NONE
H00427,소울정신건강의학과의원,CLINIC,"내과, 가정의학과","강원특별자치도 강릉시 경강로 2071, 한성빌딩 203호 (임당동)",강릉시,경강로,37.7536467,128.8940403,033-655-8845,,,,0,0,0,NONE
H00428,소재근정형외과의원,CLINIC,"내과, 가정의학과","강원특별자치도 춘천시 영서로 2341, 미메디컬타워 2층 (온의동)",춘천시,영서로,37.8683518,127.7158638,033-255-0006,,,,0,0,0,NONE
H00429,소초함께의원,CLINIC,"내과, 가정의학과","강원특별자치도 원주시 소초면 송황유사길 3, 1층",원주시,소초면,37.3816138,127.9741963,033-734-7588,,,,0,0,0,NONE
H00430,속시원한내과의원,CLINIC,"내과, 가정의학과","강원특별자치도 원주시 로아노크로 74, 501호, 502호 (무실동)",원주시,로아노크로,37.3389518,127.9234542,033-743-8275,,,,0,0,0,NONE
H00431,속초강내과의원,CLINIC,"내과, 가정의학과","강원특별자치도 속초시 동해대로 4024, 2층 205호 (조양동)",속초시,동해대로,38.1902066,128.5945497,033-638-9577,,,,0,0,0,NONE
H00432,속초바다의원,CLINIC,"내과, 가정의학과","강원특별자치도 속초시 중앙로 153, 2층 (중앙동)",속초시,중앙로,38.2045652,128.5915378,033-636-1175,,,,0,0,0,NONE
H00433,속초밝은안과의원,CLINIC,"내과, 가정의학과","강원특별자치도 속초시 중앙로 51, (교동)",속초시,중앙로,38.2006245,128.5820095,033-632-3700,,,,0,0,0,NONE
H00434,속초연세센트럴정형외과의원,CLINIC,"내과, 가정의학과","강원특별자치도 속초시 동해대로 4117, 2층 (조양동)",속초시,동해대로,38.1892434,128.5840154,033-637-8882,,,,0,0,0,NONE
H00435,속초중앙의원,CLINIC,"내과, 가정의학과","강원특별자치도 속초시 중앙로 86, 2층 (청학동)",속초시,중앙로,38.2013904,128.5854996,033-633-8208,,,,0,0,0,NONE
H00436,속초튼튼마취통증의학과의원,CLINIC,"내과, 가정의학과","강원특별자치도 속초시 중앙로 3, 1층 101호 (교동)",속초시,중앙로,38.1975885,128.5779689,033-633-8275,,,,0,0,0,NONE
H00437,속초항맥외과의원,CLINIC,"내과, 가정의학과","강원특별자치도 속초시 동해대로 4121, (조양동)",속초시,동해대로,38.1893228,128.5835057,033-635-1339,,,,0,0,0,NONE
H00438,손경수내과의원,CLINIC,"내과, 가정의학과","강원특별자치도 원주시 남원로 665, 1층일부,2,3,4층 (명륜동)",원주시,남원로,37.342086,127.9540904,033-763-8252,,,,0,0,0,NONE
H00439,손안과의원,CLINIC,"내과, 가정의학과","강원특별자치도 원주시 서원대로 170, 재영빌딩 6층 (단계동)",원주시,서원대로,37.343921,127.9302984,033-764-6494,,,,0,0,0,NONE
H00440,솔빛안과의원,CLINIC,"내과, 가정의학과","강원특별자치도 강릉시 경강로 2120, 5층 518호 (옥천동)",강릉시,경강로,37.7556996,128.8986261,033-646-7572,,,,0,0,0,NONE
H00441,솔올이비인후과의원,CLINIC,"내과, 가정의학과","강원특별자치도 강릉시 교동광장로 115, (교동)",강릉시,교동광장로,37.7649268,128.8775335,033-647-3120,,,,0,0,0,NONE
H00442,솔향 김지은신경과의원,CLINIC,"내과, 가정의학과","강원특별자치도 강릉시 솔올로5번길 55, 3층 301호 (교동)",강릉시,솔올로5번길,37.763874,128.8775458,033-642-5210,,,,0,0,0,NONE
H00443,송광선내과의원,CLINIC,"내과, 가정의학과","강원특별자치도 원주시 문막읍 문막시장1길 14, (문막읍)",원주시,문막읍,37.3081029,127.8172063,033-734-2020,,,,0,0,0,NONE
H00444,송내과의원,CLINIC,"내과, 가정의학과","강원특별자치도 원주시 원일로115번길 5, 4층 (일산동, 홍제빌딩)",원주시,원일로115번길,37.3495865,127.9480168,033-746-2100,,,,0,0,0,NONE
H00445,송소아청소년과의원,CLINIC,"내과, 가정의학과","강원특별자치도 속초시 동해대로 4121, (조양동)",속초시,동해대로,38.1893228,128.5835057,033-633-1621,,,,0,0,0,NONE
H00446,송이비인후과의원,CLINIC,"내과, 가정의학과","강원특별자치도 홍천군 홍천읍 신장대로 47-1, 2층",홍천군,홍천읍,37.6903573,127.8815204,033-434-1908,,,,0,0,0,NONE
H00447,송이비인후과의원,CLINIC,"내과, 가정의학과","강원특별자치도 춘천시 춘주로 143, (퇴계동)",춘천시,춘주로,37.8590035,127.7244625,033-244-7550,,,,0,0,0,NONE
H00448,"송제일,전종민내과의원",CLINIC,"내과, 가정의학과","강원특별자치도 속초시 중앙로 93, (청학동)",속초시,중앙로,38.2019094,128.5863583,033-633-1755,,,,0,0,0,NONE
H00449,송춘익내과의원,CLINIC,"내과, 가정의학과","강원특별자치도 속초시 중앙로 29, (교동)",속초시,중앙로,38.1992391,128.5798789,033-631-9824,,,,0,0,0,NONE
H00450,수앤영산부인과의원,CLINIC,"내과, 가정의학과","강원특별자치도 춘천시 금강로 72, 2층 (조양동, 흥안빌딩)",춘천시,금강로,37.8788481,127.7289024,033-253-0005,,,,0,0,0,NONE
H00451,숲이비인후과의원,CLINIC,"내과, 가정의학과","강원특별자치도 원주시 서원대로 170, 재영빌딩 3, 4, 5층 (단계동)",원주시,서원대로,37.343921,127.9302984,033-900-1016,,,,0,0,0,NONE
H00452,스마일가정의학과의원,CLINIC,"내과, 가정의학과","강원특별자치도 강릉시 성덕로 328-18, 주영프라자 4층 401호 (입암동)",강릉시,성덕로,37.7546597,128.9199562,033-651-6517,,,,0,0,0,NONE
H00453,스마일연세의원,CLINIC,"내과, 가정의학과","강원특별자치도 원주시 서원대로 502, 2층 (단구동, 골드프라자)",원주시,서원대로,37.3249113,127.9583215,033-744-0411,,,,0,0,0,NONE
H00454,슬기로운정형외과의원,CLINIC,"내과, 가정의학과","강원특별자치도 춘천시 경춘로 2364, 강남병원 2층 (온의동)",춘천시,경춘로,37.8644049,127.7207553,033-257-6700,,,,0,0,0,NONE
H00455,승리의원,CLINIC,"내과, 가정의학과","강원특별자치도 화천군 사내면 수피령로 163, (사내면)",화천군,사내면,38.0798968,127.5217523,033-440-6980,,,,0,0,0,NONE
H00456,신림연세의원,CLINIC,"내과, 가정의학과","강원특별자치도 원주시 신림면 치악로 9, 2층",원주시,신림면,37.2295583,128.0814606,033-763-3600,,,,0,0,0,NONE
H00457,신샘내과의원,CLINIC,"내과, 가정의학과","강원특별자치도 원주시 원일로115번길 12, 3층 (일산동, 서진빌딩)",원주시,원일로115번길,37.3495291,127.9474327,033-735-9909,,,,0,0,0,NONE
H00458,신세계의원,CLINIC,"내과, 가정의학과","강원특별자치도 동해시 청운1길 64, 모던파크빌딩 301호 (나안동)",동해시,청운1길,37.485907,129.1102081,033-533-3652,,,,0,0,0,NONE
H00459,신소아청소년과의원,CLINIC,"내과, 가정의학과","강원특별자치도 동해시 효자로 691, 308, 309호 (효가동, 동성프라자)",동해시,효자로,37.4929224,129.1097088,033-522-3773,,,,0,0,0,NONE
H00460,신주호정형외과의원,CLINIC,"내과, 가정의학과","강원특별자치도 춘천시 퇴계로 207, (석사동)",춘천시,퇴계로,37.8568439,127.7415799,033-264-3344,,,,0,0,0,NONE
H00461,신준현신경과의원,CLINIC,"내과, 가정의학과","강원특별자치도 원주시 능라동길 35, 베르뉴시티 3층 301호,302호 (무실동)",원주시,능라동길,37.3337993,127.9285578,033-735-5254,,,,0,0,0,NONE
H00462,신준호의원,CLINIC,"내과, 가정의학과","강원특별자치도 삼척시 진주로 10, (남양동, 중앙약국)",삼척시,진주로,37.4416017,129.1643332,033-575-0018,,,,0,0,0,NONE
H00463,신천호내과의원,CLINIC,"내과, 가정의학과","강원특별자치도 속초시 동해대로 4174, 3층 2호 (조양동)",속초시,동해대로,38.1919714,128.5794514,033-637-1055,,,,0,0,0,NONE
H00464,신통의원,CLINIC,"내과, 가정의학과","강원특별자치도 강릉시 주문진읍 주문로 77, (주문진읍)",강릉시,주문진읍,37.8907956,128.8258724,033-662-2931,,,,0,0,0,NONE
H00465,신해철신경외과의원,CLINIC,"내과, 가정의학과","강원특별자치도 춘천시 중앙로 72, 1층 (중앙로2가)",춘천시,중앙로,37.8791705,127.7259167,033-254-2664,,,,0,0,0,NONE
H00466,신희경산부인과의원,CLINIC,"내과, 가정의학과","강원특별자치도 원주시 서원대로 158, 2층 (단계동)",원주시,서원대로,37.3440523,127.9292196,033-735-0755,,,,0,0,0,NONE
H00467,심내과의원,CLINIC,"내과, 가정의학과","강원특별자치도 동해시 천곡로 50, 2층 (천곡동, 삼성빌딩)",동해시,천곡로,37.5238378,129.1106683,033-532-9338,,,,0,0,0,NONE
H00468,심명규의원,CLINIC,"내과, 가정의학과","강원특별자치도 횡성군 횡성읍 횡성로 401, (횡성읍)",횡성군,횡성읍,37.4889062,127.9854385,033-343-9855,,,,0,0,0,NONE
H00469,심소아청소년과의원,CLINIC,"내과, 가정의학과","강원특별자치도 춘천시 동면 춘천순환로 609, 3층",춘천시,동면,37.8931719,127.7556521,033-264-0369,,,,0,0,0,NONE
H00470,아나파마취통증의학과의원,CLINIC,"내과, 가정의학과","강원특별자치도 원주시 봉화로 22, 302호 (단계동, 더파크타워)",원주시,봉화로,37.3462366,127.928795,033-744-3123,,,,0,0,0,NONE
H00471,아라한의원,CLINIC,"내과, 가정의학과","강원특별자치도 동해시 중앙로 249, 4층 401호 (천곡동)",동해시,중앙로,37.522743,129.1134223,033-535-6566,,,,0,0,0,NONE
H00472,아름다운산부인과의원,CLINIC,"내과, 가정의학과","강원특별자치도 원주시 봉화로 10, 2층 (단계동)",원주시,봉화로,37.3453522,127.928622,033-747-8855,,,,0,0,0,NONE
H00473,아름다운산부인과의원,CLINIC,"내과, 가정의학과","강원특별자치도 춘천시 터미널길 21, 1~4층 (온의동)",춘천시,터미널길,37.8643822,127.7191266,033-244-7800,,,,0,0,0,NONE
H00474,아름다운성형외과의원,CLINIC,"내과, 가정의학과","강원특별자치도 춘천시 터미널길 21, 1층,3층 101호,301호 (온의동)",춘천시,터미널길,37.8643822,127.7191266,033-241-7771,,,,0,0,0,NONE
H00475,아름다운의원,CLINIC,"내과, 가정의학과","강원특별자치도 속초시 중앙로 96, 씨티아이빌딩 2층 201호 (청학동)",속초시,중앙로,38.2012797,128.5862698,033-637-0110,,,,0,0,0,NONE
H00476,아름다운피부과의원,CLINIC,"내과, 가정의학과","강원특별자치도 강릉시 경강로 2100, 2층 (임당동, 신영빌딩 2)",강릉시,경강로,37.7547828,128.8966951,033-646-7891,,,,0,0,0,NONE
H00477,아름다운피부과의원,CLINIC,"내과, 가정의학과","강원특별자치도 춘천시 금강로 67-1, 4층 (조양동)",춘천시,금강로,37.879341,127.729191,033-242-7975,,,,0,0,0,NONE
H00478,아산마취통증의학과의원,CLINIC,"내과, 가정의학과","강원특별자치도 춘천시 중앙로 104, (낙원동)",춘천시,중앙로,37.8772875,127.7233376,033-244-7585,,,,0,0,0,NONE
H00479,아산마취통증의학과의원,CLINIC,"내과, 가정의학과","강원특별자치도 강릉시 교동광장로 105, 3층 (교동)",강릉시,교동광장로,37.7650697,128.876436,033-644-2131,,,,0,0,0,NONE
H00480,아산맑은내과의원,CLINIC,"내과, 가정의학과","강원특별자치도 강릉시 성덕포남로 189, (포남동)",강릉시,성덕포남로,37.7682793,128.9080935,033-647-7976,,,,0,0,0,NONE
H00481,아산봄내과의원,CLINIC,"내과, 가정의학과","강원특별자치도 속초시 청대로 347, 4층 (교동)",속초시,청대로,38.1974651,128.5721888,033-800-7582,,,,0,0,0,NONE
H00482,아산탑내과의원,CLINIC,"내과, 가정의학과","강원특별자치도 속초시 미시령로3359번길 20, 2층 201호 (교동)",속초시,미시령로3359번길,38.2070773,128.5746259,033-636-1339,,,,0,0,0,NONE
H00483,아산퍼스트마취통증의학과의원,CLINIC,"내과, 가정의학과","강원특별자치도 삼척시 진주로 19, M 1965 3층 301, 302호 (남양동)",삼척시,진주로,37.4425304,129.1637519,033-572-7588,,,,0,0,0,NONE
H00484,아이리스의원,CLINIC,"내과, 가정의학과","강원특별자치도 동해시 천곡로 86, (천곡동, 동진빌딩)",동해시,천곡로,37.5234458,129.1147123,033-535-0032,,,,0,0,0,NONE
H00485,아이맘산부인과의원,CLINIC,"내과, 가정의학과","강원특별자치도 동해시 한섬로 113-7, (천곡동)",동해시,한섬로,37.5223215,129.1159264,033-532-8081,,,,0,0,0,NONE
H00486,아이앤맘산부인과의원,CLINIC,"내과, 가정의학과","강원특별자치도 강릉시 옥가로 21, 4,5층 (옥천동)",강릉시,옥가로,37.7583465,128.8990071,033-648-8114,,,,0,0,0,NONE
H00487,아이앤맘소아청소년과의원,CLINIC,"내과, 가정의학과","강원특별자치도 강릉시 옥가로 21, 3,7층 (옥천동)",강릉시,옥가로,37.7583465,128.8990071,033-645-7512,,,,0,0,0,NONE
H00488,아이튼튼소아청소년과의원,CLINIC,"내과, 가정의학과","강원특별자치도 원주시 서원대로 406, 5층 504,505호 (단구동)",원주시,서원대로,37.3302107,127.9496766,033-761-7585,,,,0,0,0,NONE
H00489,안아픈세상의원,CLINIC,"내과, 가정의학과","강원특별자치도 원주시 판부면 남원로 380-1, (판부면)",원주시,판부면,37.3196667,127.9401009,033-764-5577,,,,0,0,0,NONE
H00490,안이비인후과의원,CLINIC,"내과, 가정의학과","강원특별자치도 철원군 동송읍 금학로 225-5, (동송읍)",철원군,동송읍,38.2084913,127.2172632,033-455-0071,,,,0,0,0,NONE
H00491,안정신건강의학과의원,CLINIC,"내과, 가정의학과","강원특별자치도 춘천시 금강로 68-2, (조양동,대원빌딩 4층)",춘천시,금강로,37.8792388,127.7286278,033-244-8333,,,,0,0,0,NONE
H00492,안정효내과의원,CLINIC,"내과, 가정의학과","강원특별자치도 춘천시 퇴계로 188, 썬타워 3층 (석사동)",춘천시,퇴계로,37.8571406,127.7393719,033-262-9889,,,,0,0,0,NONE
H00493,앨리스의원,CLINIC,"내과, 가정의학과","강원특별자치도 원주시 치악로 1786, 3층 (개운동, 양문 153빌딩)",원주시,치악로,37.3418974,127.955823,033-762-2007,,,,0,0,0,NONE
H00494,양구세브란스 가정의학과의원,CLINIC,"내과, 가정의학과","강원특별자치도 양구군 양구읍 청춘로 11, (양구읍)",양구군,양구읍,38.1012958,127.9883835,033-482-7755,,,,0,0,0,NONE
H00495,양양정형외과의원,CLINIC,"내과, 가정의학과","강원특별자치도 양양군 양양읍 양양로 9-1, (양양읍)",양양군,양양읍,38.078527,128.6272076,033-672-6723,,,,0,0,0,NONE
H00496,양이비인후과의원,CLINIC,"내과, 가정의학과","강원특별자치도 속초시 중앙로 106, (청학동)",속초시,중앙로,38.2017548,128.5876889,033-633-4569,,,,0,0,0,NONE
H00497,양학석영상의학과의원,CLINIC,"내과, 가정의학과","강원특별자치도 홍천군 홍천읍 홍천로 316, (홍천읍)",홍천군,홍천읍,37.6882611,127.8802984,033-434-8972,,,,0,0,0,NONE
H00498,엄마맘소아청소년과의원,CLINIC,"내과, 가정의학과","강원특별자치도 원주시 양지로 4, 2층 202호 (반곡동, 더조은메디컬빌딩 )",원주시,양지로,37.3254059,127.9788386,033-742-1119,,,,0,0,0,NONE
H00499,엄재동정형외과의원,CLINIC,"내과, 가정의학과","강원특별자치도 원주시 남원로534번길 10, 3층 (단구동)",원주시,남원로534번길,37.3309515,127.9476535,033-763-7077,,,,0,0,0,NONE
H00500,엄준형이비인후과의원,CLINIC,"내과, 가정의학과","강원특별자치도 삼척시 진주로 20, (남양동)",삼척시,진주로,37.4425646,129.1642913,033-572-7526,,,,0,0,0,NONE
H00501,에스엠 가정의학과의원,CLINIC,"내과, 가정의학과","강원특별자치도 강릉시 주문진읍 주문로 97, (주문진읍)",강릉시,주문진읍,37.8927219,128.8266073,033-662-8380,,,,0,0,0,NONE
H00502,에스엠이비인후과의원,CLINIC,"내과, 가정의학과","강원특별자치도 춘천시 안마산로 111, 2층 (퇴계동)",춘천시,안마산로,37.8564987,127.7292931,033-243-5050,,,,0,0,0,NONE
H00503,엠디(MD)서울내과의원,CLINIC,"내과, 가정의학과","강원특별자치도 속초시 중앙로 96, 1층 101호 (청학동)",속초시,중앙로,38.2012797,128.5862698,033-638-0077,,,,0,0,0,NONE
H00504,엠앤비의원,CLINIC,"내과, 가정의학과","강원특별자치도 속초시 중앙로 3, 속초보광빌딩 3층 302호 (교동)",속초시,중앙로,38.1975885,128.5779689,033-635-9400,,,,0,0,0,NONE
H00505,여정언산부인과의원,CLINIC,"내과, 가정의학과","강원특별자치도 강릉시 경강로 2082, (임당동)",강릉시,경강로,37.7538334,128.8951953,033-648-4906,,,,0,0,0,NONE
H00506,연규홍소아청소년과의원,CLINIC,"내과, 가정의학과","강원특별자치도 원주시 남원로534번길 26, 3층 (단구동, 중앙빌딩)",원주시,남원로534번길,37.3301572,127.9490404,033-764-1808,,,,0,0,0,NONE
H00507,연세 혁신내과의원,CLINIC,"내과, 가정의학과","강원특별자치도 원주시 혁신로 53, (반곡동)",원주시,혁신로,37.3234965,127.9799833,033-747-4253,,,,0,0,0,NONE
H00508,연세 호 내과의원,CLINIC,"내과, 가정의학과","강원특별자치도 태백시 황지로 131, 2층 (황지동)",태백시,황지로,37.1706235,128.9919692,033-553-2468,,,,0,0,0,NONE
H00509,연세강이비인후과의원,CLINIC,"내과, 가정의학과","강원특별자치도 춘천시 금강로 72, (조양동)",춘천시,금강로,37.8788481,127.7289024,033-243-0815,,,,0,0,0,NONE
H00510,연세고운맘소아청소년과의원,CLINIC,"내과, 가정의학과","강원특별자치도 원주시 시청로 86, 203호 (무실동, 부영골든빌)",원주시,시청로,37.3361438,127.9278637,033-742-9515,,,,0,0,0,NONE
H00511,연세굿모닝내과의원,CLINIC,"내과, 가정의학과","강원특별자치도 원주시 행구로 148, 3층 (행구동)",원주시,행구로,37.341715,127.9725155,033-733-0799,,,,0,0,0,NONE
H00512,연세그린내과의원,CLINIC,"내과, 가정의학과","강원특별자치도 원주시 원문로 106, 3층 (단계동, 선암빌딩)",원주시,원문로,37.3569935,127.935604,033-746-1723,,,,0,0,0,NONE
H00513,연세나비이비인후과의원,CLINIC,"내과, 가정의학과","강원특별자치도 원주시 지정면 신지정로 316-2, 2층",원주시,지정면,37.3820253,127.8729252,033-731-7730,,,,0,0,0,NONE
H00514,연세남부내과의원,CLINIC,"내과, 가정의학과","강원특별자치도 원주시 남원로 667, 2층 (명륜동)",원주시,남원로,37.3421732,127.9541742,033-763-2398,,,,0,0,0,NONE
H00515,연세남부정형외과의원,CLINIC,"내과, 가정의학과","강원특별자치도 원주시 치악로 1788, (개운동, 동원주새마을금고)",원주시,치악로,37.3420809,127.9557254,033-761-9128,,,,0,0,0,NONE
H00516,연세늘내과이비인후과의원,CLINIC,"내과, 가정의학과","강원특별자치도 원주시 능라동길 61, 205,506호 (무실동)",원주시,능라동길,37.3341487,127.9312335,033-742-5522,,,,0,0,0,NONE
H00517,연세더봄안과의원,CLINIC,"내과, 가정의학과","강원특별자치도 원주시 남원로534번길 14, 3층 (단구동)",원주시,남원로534번길,37.330781,127.9481548,033-762-7577,,,,0,0,0,NONE
H00518,연세라움의원,CLINIC,"내과, 가정의학과","강원특별자치도 원주시 혁신로 53, 6층 604, 605호 (반곡동)",원주시,혁신로,37.3234965,127.9799833,033-734-2026,,,,0,0,0,NONE
H00519,연세마디의원,CLINIC,"내과, 가정의학과","강원특별자치도 강릉시 경강로 2109, 6층 (임당동)",강릉시,경강로,37.7556928,128.8972549,033-655-7582,,,,0,0,0,NONE
H00520,연세마취통증의학과의원,CLINIC,"내과, 가정의학과","강원특별자치도 강릉시 경강로 2110, 2층 (임당동)",강릉시,경강로,37.7553336,128.8976716,033-643-7775,,,,0,0,0,NONE
H00521,연세맑은내과의원,CLINIC,"내과, 가정의학과","강원특별자치도 원주시 남원로 528-31, 신세계프라자 303,304,305,306,307,308호 (단구동)",원주시,남원로,37.3295387,127.9497785,033-765-3200,,,,0,0,0,NONE
H00522,연세메디컬의원,CLINIC,"내과, 가정의학과","강원특별자치도 원주시 시청로 70, (무실동)",원주시,시청로,37.3373549,127.9264145,033-734-0365,,,,0,0,0,NONE
H00523,연세미라클의원,CLINIC,"내과, 가정의학과","강원특별자치도 춘천시 방송길 77, 2층 2122~2127, 2256~2257호 (온의동, 춘천 센트럴타워 푸르지오)",춘천시,방송길,37.8690014,127.7207752,033-256-2023,,,,0,0,0,NONE
H00524,연세민내과의원,CLINIC,"내과, 가정의학과","강원특별자치도 원주시 중앙로 86, 4층 (중앙동, 세븐스타빌딩)",원주시,중앙로,37.3488831,127.9517657,033-733-7582,,,,0,0,0,NONE
H00525,연세바른마취통증의학과의원,CLINIC,"내과, 가정의학과","강원특별자치도 홍천군 홍천읍 홍천로 367, 2층",홍천군,홍천읍,37.6895382,127.8860683,033-435-8008,,,,0,0,0,NONE
H00526,연세본비뇨기과의원,CLINIC,"내과, 가정의학과","강원특별자치도 원주시 시청로 84, 3층 301호 (무실동, 애드피아)",원주시,시청로,37.3363835,127.9280559,033-746-5667,,,,0,0,0,NONE
H00527,연세본정형외과마취통증의학과의원,CLINIC,"내과, 가정의학과","강원특별자치도 원주시 영랑길 14-2, 401.402-2호 (행구동)",원주시,영랑길,37.3410021,127.9717075,033-900-7582,,,,0,0,0,NONE
H00528,연세봄산부인과의원,CLINIC,"내과, 가정의학과","강원특별자치도 원주시 시청로 98, (무실동)",원주시,시청로,37.335933,127.9287734,033-745-5600,,,,0,0,0,NONE
H00529,연세봄이비인후과의원,CLINIC,"내과, 가정의학과","강원특별자치도 원주시 영랑길 2, 201, 301호 (행구동)",원주시,영랑길,37.3414184,127.9712715,033-747-2537,,,,0,0,0,NONE
H00530,연세봄재활의학과의원,CLINIC,"내과, 가정의학과","강원특별자치도 원주시 무실로 113, 원동프라자 2층, 3층 (원동)",원주시,무실로,37.344005,127.9436931,033-762-0330,,,,0,0,0,NONE
H00531,연세사랑의원,CLINIC,"내과, 가정의학과","강원특별자치도 철원군 서면 와수로 183, (서면)",철원군,서면,38.2398598,127.438976,033-458-9977,,,,0,0,0,NONE
H00532,연세소아청소년과의원,CLINIC,"내과, 가정의학과","강원특별자치도 강릉시 금성로22번길 8, (금학동)",강릉시,금성로22번길,37.7544997,128.897785,033-641-9508,,,,0,0,0,NONE
H00533,연세소울정신건강의학과의원,CLINIC,"내과, 가정의학과","강원특별자치도 원주시 능라동길 3, (무실동, 5층 501호)",원주시,능라동길,37.3315842,127.9261786,033-762-9960,,,,0,0,0,NONE
H00534,연세속이편한내과의원,CLINIC,"내과, 가정의학과","강원특별자치도 동해시 효자로 683, 2층 (효가동)",동해시,효자로,37.4926963,129.1088937,033-521-0551,,,,0,0,0,NONE
H00535,연세수비뇨기과의원,CLINIC,"내과, 가정의학과","강원특별자치도 원주시 서원대로 163, (단계동)",원주시,서원대로,37.3444936,127.9297834,033-747-6932,,,,0,0,0,NONE
H00536,연세순풍산부인과의원,CLINIC,"내과, 가정의학과","강원특별자치도 원주시 장미공원길 43-6, (단계동)",원주시,장미공원길,37.3465223,127.9302295,033-745-0199,,,,0,0,0,NONE
H00537,연세시원한외과의원,CLINIC,"내과, 가정의학과","강원특별자치도 원주시 능라동길 27, SK타워 404~406호 (무실동)",원주시,능라동길,37.3332833,127.9280282,033-904-7575,,,,0,0,0,NONE
H00538,연세신영내과의원,CLINIC,"내과, 가정의학과","강원특별자치도 강릉시 경강로 2102, 2층 (임당동, 신영빌딩)",강릉시,경강로,37.7549326,128.8969302,033-655-7878,,,,0,0,0,NONE
H00539,연세안과의원,CLINIC,"내과, 가정의학과","강원특별자치도 원주시 원일로 119, 2층 (일산동)",원주시,원일로,37.3502521,127.9480053,033-731-0505,,,,0,0,0,NONE
H00540,연세안과의원,CLINIC,"내과, 가정의학과","강원특별자치도 속초시 동해대로 4177, 3층 (조양동)",속초시,동해대로,38.1921319,128.5785904,033-632-3289,,,,0,0,0,NONE
H00541,연세열린내과의원,CLINIC,"내과, 가정의학과","강원특별자치도 원주시 백간길 25, 2층 (단계동)",원주시,백간길,37.3520827,127.9263005,033-733-1346,,,,0,0,0,NONE
H00542,연세오케이정형외과의원,CLINIC,"내과, 가정의학과","강원특별자치도 원주시 서원대로 402, 대신프라자 5층 (단구동)",원주시,서원대로,37.330486,127.9493095,033-766-7575,,,,0,0,0,NONE
H00543,연세온성형외과의원,CLINIC,"내과, 가정의학과","강원특별자치도 강릉시 경강로 2102, 601호 (임당동)",강릉시,경강로,37.7549326,128.8969302,033-823-2775,,,,0,0,0,NONE
H00544,연세우리비뇨기과의원,CLINIC,"내과, 가정의학과","강원특별자치도 홍천군 홍천읍 홍천로 356, 4층",홍천군,홍천읍,37.688697,127.8850218,033-436-8200,,,,0,0,0,NONE
H00545,연세의원,CLINIC,"내과, 가정의학과","강원특별자치도 양양군 양양읍 양양로 38, (양양읍)",양양군,양양읍,38.0768859,128.6244468,033-672-0888,,,,0,0,0,NONE
H00546,연세의원,CLINIC,"내과, 가정의학과","강원특별자치도 영월군 영월읍 중앙1로 48, (영월읍)",영월군,영월읍,37.1853758,128.4659745,033-374-8788,,,,0,0,0,NONE
H00547,연세의원,CLINIC,"내과, 가정의학과","강원특별자치도 정선군 임계면 송계5길 2, (임계면)",정선군,임계면,37.495498,128.8500938,033-563-8008,,,,0,0,0,NONE
H00548,연세의원,CLINIC,"내과, 가정의학과","강원특별자치도 동해시 발한로 180, (발한동)",동해시,발한로,37.5468778,129.1063034,033-535-0096,,,,0,0,0,NONE
H00549,연세이명규내과의원,CLINIC,"내과, 가정의학과","강원특별자치도 원주시 치악로 1791, 3층 (개운동)",원주시,치악로,37.3421181,127.9550598,033-761-6451,,,,0,0,0,NONE
H00550,연세이비인후과의원,CLINIC,"내과, 가정의학과","강원특별자치도 원주시 봉화로 12, (단계동)",원주시,봉화로,37.3455345,127.9286623,033-745-5075,,,,0,0,0,NONE
H00551,연세이상무신경과의원,CLINIC,"내과, 가정의학과","강원특별자치도 춘천시 보안길 65, 501호 (후평동, 엠타워빌딩)",춘천시,보안길,37.8801477,127.7503481,033-252-9606,,,,0,0,0,NONE
H00552,연세임유리내과의원,CLINIC,"내과, 가정의학과","강원특별자치도 원주시 지정면 신지정로 322-1, 6층",원주시,지정면,37.3824014,127.8731714,033-901-7582,,,,0,0,0,NONE
H00553,연세장상민재활의학과의원,CLINIC,"내과, 가정의학과","강원특별자치도 원주시 문막읍 문막시장1길 39, 2~3층",원주시,문막읍,37.3063384,127.8167199,033-742-2473,,,,0,0,0,NONE
H00554,연세재활의학과의원,CLINIC,"내과, 가정의학과","강원특별자치도 강릉시 솔올로5번길 40, 3층 (교동)",강릉시,솔올로5번길,37.7638404,128.8755224,033-655-7522,,,,0,0,0,NONE
H00555,연세정신건강의학과의원,CLINIC,"내과, 가정의학과","강원특별자치도 홍천군 홍천읍 번영로 4, 2층",홍천군,홍천읍,37.6894249,127.8807853,033-435-1375,,,,0,0,0,NONE
H00556,연세조안과의원,CLINIC,"내과, 가정의학과","강원특별자치도 춘천시 금강로 72, 4,5층 (조양동)",춘천시,금강로,37.8788481,127.7289024,033-243-0309,,,,0,0,0,NONE
H00557,연세주피부과의원,CLINIC,"내과, 가정의학과","강원특별자치도 춘천시 방송길 98, (온의동)",춘천시,방송길,37.8679122,127.7201749,033-243-1777,,,,0,0,0,NONE
H00558,연세준내과의원,CLINIC,"내과, 가정의학과","강원특별자치도 원주시 서원대로 162, (단계동)",원주시,서원대로,37.3438737,127.9293537,033-733-7711,,,,0,0,0,NONE
H00559,연세준재활의학과의원,CLINIC,"내과, 가정의학과","강원특별자치도 원주시 지정면 신지정로 216, 6,7층",원주시,지정면,37.3750208,127.87306,033-900-0847,,,,0,0,0,NONE
H00560,연세지안비뇨의학과의원,CLINIC,"내과, 가정의학과","강원특별자치도 원주시 능라동길 70, 4층 405,406호 (무실동)",원주시,능라동길,37.3337964,127.9302031,033-743-7788,,,,0,0,0,NONE
H00561,연세진의원,CLINIC,"내과, 가정의학과","강원특별자치도 동해시 지양길 2-1, (효가동)",동해시,지양길,37.492828,129.1084087,033-522-1013,,,,0,0,0,NONE
H00562,연세참외과의원,CLINIC,"내과, 가정의학과","강원특별자치도 원주시 서원대로 392, 3층 (단구동)",원주시,서원대로,37.3310468,127.9484815,033-764-0048,,,,0,0,0,NONE
H00563,연세키즈 소아청소년과의원,CLINIC,"내과, 가정의학과","강원특별자치도 원주시 서원대로 402, 3층 (단구동, 대신프라자)",원주시,서원대로,37.330486,127.9493095,033-764-6644,,,,0,0,0,NONE
H00564,연세탑이비인후과의원,CLINIC,"내과, 가정의학과","강원특별자치도 원주시 혁신로 55, 207호 (반곡동)",원주시,혁신로,37.3234325,127.9804354,033-743-5075,,,,0,0,0,NONE
H00565,연세통증의학과의원,CLINIC,"내과, 가정의학과","강원특별자치도 춘천시 중앙로 91-1, (중앙로2가)",춘천시,중앙로,37.8775574,127.7245737,033-243-0153,,,,0,0,0,NONE
H00566,연세프라임안과의원,CLINIC,"내과, 가정의학과","강원특별자치도 원주시 원일로 89, 대림빌딩 2층 (일산동)",원주시,원일로,37.3486308,127.9498072,033-731-2753,,,,0,0,0,NONE
H00567,연세플러스비뇨기과의원,CLINIC,"내과, 가정의학과","강원특별자치도 춘천시 금강로 69, (조양동)",춘천시,금강로,37.8791348,127.7292441,033-243-6400,,,,0,0,0,NONE
H00568,연세플러스비뇨의학과의원,CLINIC,"내과, 가정의학과","강원특별자치도 원주시 원일로115번길 12, 7층 (일산동)",원주시,원일로115번길,37.3495291,127.9474327,033-744-6875,,,,0,0,0,NONE
H00569,연세피부과의원,CLINIC,"내과, 가정의학과","강원특별자치도 강릉시 경강로 2071, 한성빌딩 3층 (임당동)",강릉시,경강로,37.7536467,128.8940403,033-642-0619,,,,0,0,0,NONE
H00570,연세피부과의원,CLINIC,"내과, 가정의학과","강원특별자치도 원주시 원일로 111, 2,3층 (일산동)",원주시,원일로,37.3496789,127.9485528,033-748-0480,,,,0,0,0,NONE
H00571,연세한울내과의원,CLINIC,"내과, 가정의학과","강원특별자치도 원주시 평원로 45, 2.3층 (중앙동)",원주시,평원로,37.350071,127.9514501,033-745-7588,,,,0,0,0,NONE
H00572,연세항운외과의원,CLINIC,"내과, 가정의학과","강원특별자치도 강릉시 경강로 2110, 4층 (임당동, 동아빌딩)",강릉시,경강로,37.7553336,128.8976716,033-648-9768,,,,0,0,0,NONE
H00573,연희영상의학과의원,CLINIC,"내과, 가정의학과","강원특별자치도 원주시 북원로 2235-6, 4층 (단계동, 남원주타워)",원주시,북원로,37.3457341,127.9316252,033-735-7570,,,,0,0,0,NONE
H00574,열린이비인후과의원,CLINIC,"내과, 가정의학과","강원특별자치도 동해시 천곡로 76, 다나빌딩 2층 204호 (천곡동)",동해시,천곡로,37.5229022,129.1132361,033-533-9955,,,,0,0,0,NONE
H00575,열린재활의학과의원,CLINIC,"내과, 가정의학과","강원특별자치도 속초시 조양상가길 5, 2층 (조양동)",속초시,조양상가길,38.1912456,128.5791852,033-631-3123,,,,0,0,0,NONE
H00576,영광의원,CLINIC,"내과, 가정의학과","강원특별자치도 원주시 우산초교길 22, (우산동)",원주시,우산초교길,37.3676198,127.9386777,033-731-1212,,,,0,0,0,NONE
H00577,영동마취통증의학과의원,CLINIC,"내과, 가정의학과","강원특별자치도 강릉시 경강로 2089, (임당동, 청암메디컬빌딩)",강릉시,경강로,37.754583,128.8955034,033-641-7531,,,,0,0,0,NONE
H00578,영동의원,CLINIC,"내과, 가정의학과","강원특별자치도 속초시  중앙로 10, (교동)",속초시,중앙로,38.1976334,128.579026,033-631-6300,,,,0,0,0,NONE
H00579,영월정형외과의원,CLINIC,"내과, 가정의학과","강원특별자치도 영월군 영월읍 단종로9번길 51, (영월읍)",영월군,영월읍,37.1841416,128.4652211,033-373-1161,,,,0,0,0,NONE
H00580,영월제일의원,CLINIC,"내과, 가정의학과","강원특별자치도 영월군 영월읍 영모전길 21, (영월읍)",영월군,영월읍,37.1844951,128.4709816,033-373-9114,,,,0,0,0,NONE
H00581,영의원,CLINIC,"내과, 가정의학과","강원특별자치도 춘천시 중앙로 55, (중앙로2가)",춘천시,중앙로,37.8800321,127.7276065,033-244-0774,,,,0,0,0,NONE
H00582,예쁨주의쁨의원,CLINIC,"내과, 가정의학과","강원특별자치도 춘천시 금강로 59, 3층 (조양동)",춘천시,금강로,37.879982,127.7285306,033-256-5200,,,,0,0,0,NONE
H00583,예사랑내과의원,CLINIC,"내과, 가정의학과","강원특별자치도 춘천시 퇴계로93번길 4-8, 3층 301호 (퇴계동, 이삭빌딩)",춘천시,퇴계로93번길,37.861891,127.7316485,033-264-8875,,,,0,0,0,NONE
H00584,예사랑산부인과의원,CLINIC,"내과, 가정의학과","강원특별자치도 원주시 원일로 120, 6층 (중앙동, 중앙빌딩)",원주시,원일로,37.3503162,127.9484763,033-764-3333,,,,0,0,0,NONE
H00585,예손정형외과의원,CLINIC,"내과, 가정의학과","강원특별자치도 춘천시 중앙로 97, (중앙로3가)",춘천시,중앙로,37.8772546,127.7241155,033-252-4450,,,,0,0,0,NONE
H00586,예수강릉메디컬의원,CLINIC,"내과, 가정의학과","강원특별자치도 강릉시 경강로 2075, 2-3(302)-4층 (임당동)",강릉시,경강로,37.7538462,128.8942075,033-655-9225,,,,0,0,0,NONE
H00587,예인미의원,CLINIC,"내과, 가정의학과","강원특별자치도 춘천시 금강로 65, 4층 (조양동)",춘천시,금강로,37.8795165,127.7290237,033-261-1175,,,,0,0,0,NONE
H00588,예인의원,CLINIC,"내과, 가정의학과","강원특별자치도 철원군 갈말읍 삼부연로8번길 4-2, 2층",철원군,갈말읍,38.1447395,127.3088114,033-452-8275,,,,0,0,0,NONE
H00589,오드리의원,CLINIC,"내과, 가정의학과","강원특별자치도 원주시 능라동길 51, 시네시티타워 3층 302,303,304호 (무실동)",원주시,능라동길,37.3348376,127.9301516,033-733-3322,,,,0,0,0,NONE
H00590,오렌지가정의원,CLINIC,"내과, 가정의학과","강원특별자치도 원주시 봉화로 1, (단계동)",원주시,봉화로,37.3456889,127.9276521,033-742-7595,,,,0,0,0,NONE
H00591,오스정형외과의원,CLINIC,"내과, 가정의학과","강원특별자치도 원주시 북원로 2235-4, 1,2층 118호, 201~7호호 (단계동)",원주시,북원로,37.3456541,127.9322485,033-900-8282,,,,0,0,0,NONE
H00592,오은경소아청소년과의원,CLINIC,"내과, 가정의학과","강원특별자치도 원주시 영랑길 14-2, 청연재빌딩 5층 502호 (행구동)",원주시,영랑길,37.3410021,127.9717075,033-765-2027,,,,0,0,0,NONE
H00593,오킴스의원,CLINIC,"내과, 가정의학과","강원특별자치도 원주시 남원로 589-5, (명륜동)",원주시,남원로,37.3362969,127.9490967,033-761-0072,,,,0,0,0,NONE
H00594,오형균정형외과의원,CLINIC,"내과, 가정의학과","강원특별자치도 동해시 발한로 104, (발한동)",동해시,발한로,37.5414633,129.1021465,033-532-8244,,,,0,0,0,NONE
H00595,오훈정형외과의원,CLINIC,"내과, 가정의학과","강원특별자치도 춘천시 영서로 2777, 2, 4층 (우두동)",춘천시,영서로,37.9011692,127.7284765,033-255-5055,,,,0,0,0,NONE
H00596,온산부인과의원,CLINIC,"내과, 가정의학과","강원특별자치도 강릉시 솔올로5번길 55, 4층 401호 (교동)",강릉시,솔올로5번길,37.763874,128.8775458,033-823-3120,,,,0,0,0,NONE
H00597,온유가정의학과의원,CLINIC,"내과, 가정의학과","강원특별자치도 원주시 지정면 신지정로 216, 402, 403호",원주시,지정면,37.3750208,127.87306,033-732-5255,,,,0,0,0,NONE
H00598,우두정형외과의원,CLINIC,"내과, 가정의학과","강원특별자치도 춘천시 우두1길 87, 3층 (우두동)",춘천시,우두1길,37.9075288,127.7340769,033-251-1234,,,,0,0,0,NONE
H00599,우리가정의원,CLINIC,"내과, 가정의학과","강원특별자치도 원주시 나비허리길 169, 2층 (관설동)",원주시,나비허리길,37.3185058,127.9658482,033-766-1177,,,,0,0,0,NONE
H00600,우리가정의원,CLINIC,"내과, 가정의학과","강원특별자치도 강릉시 하평길 21, 2층 (포남동)",강릉시,하평길,37.7704611,128.9109001,033-651-8275,,,,0,0,0,NONE
H00601,우리가정의학과의원,CLINIC,"내과, 가정의학과","강원특별자치도 춘천시 후석로186번길 10-1, (석사동, 유명빌딩 2층)",춘천시,후석로186번길,37.8674303,127.7533385,033-263-1717,,,,0,0,0,NONE
H00602,우리들가정의학과의원,CLINIC,"내과, 가정의학과","강원특별자치도 홍천군 홍천읍 홍천로8길 4, (홍천읍)",홍천군,홍천읍,37.6899134,127.8870154,033-436-8277,,,,0,0,0,NONE
H00603,우리들내과의원,CLINIC,"내과, 가정의학과","강원특별자치도 강릉시 경강로 2079, 2~5층(임당동, 유암빌딩)",강릉시,경강로,37.7539035,128.8945126,033-610-1500,,,,0,0,0,NONE
H00604,우리들마취통증의학과의원,CLINIC,"내과, 가정의학과","강원특별자치도 속초시 중앙로 29-1, (교동)",속초시,중앙로,38.1993328,128.5800148,033-638-0080,,,,0,0,0,NONE
H00605,우리들성형외과의원,CLINIC,"내과, 가정의학과","강원특별자치도 원주시 서원대로 184, 4층 (단계동)",원주시,서원대로,37.3437804,127.9317024,033-731-9551,,,,0,0,0,NONE
H00606,우리들소아청소년과의원,CLINIC,"내과, 가정의학과","강원특별자치도 원주시 감영길 11, (일산동)",원주시,감영길,37.3474624,127.9500358,033-747-0202,,,,0,0,0,NONE
H00607,우리들의원,CLINIC,"내과, 가정의학과","강원특별자치도 태백시 감천로 18, (황지동)",태백시,감천로,37.159057,128.9880611,033-553-6600,,,,0,0,0,NONE
H00608,우리메디의원,CLINIC,"내과, 가정의학과","강원특별자치도 춘천시 우두1길 17, 우리 프라자 3층 303,304호 (우두동)",춘천시,우두1길,37.9113569,127.7385546,033-252-7553,,,,0,0,0,NONE
H00609,우리산부인과의원,CLINIC,"내과, 가정의학과","강원특별자치도 원주시 영랑길 14-2, 청연재빌딩 6,7층 (행구동)",원주시,영랑길,37.3410021,127.9717075,033-900-5959,,,,0,0,0,NONE
H00610,우리소아과의원,CLINIC,"내과, 가정의학과","강원특별자치도 춘천시 영서로 2025, (석사동)",춘천시,영서로,37.8525787,127.7457743,033-263-9502,,,,0,0,0,NONE
H00611,우리아이소아청소년과의원,CLINIC,"내과, 가정의학과","강원특별자치도 원주시 단구로 388, 2층 (단구동)",원주시,단구로,37.3221526,127.956006,033-761-2755,,,,0,0,0,NONE
H00612,우리아이소아청소년과의원,CLINIC,"내과, 가정의학과","강원특별자치도 삼척시 척주로 7, 삼일빌딩 가동 3층 303호 (남양동)",삼척시,척주로,37.4441942,129.1645932,033-573-7770,,,,0,0,0,NONE
H00613,우리안과의원,CLINIC,"내과, 가정의학과","강원특별자치도 원주시 시청로 31, 2~5층 601, 608~612호 (무실동)",원주시,시청로,37.3400563,127.9237027,033-746-0212,,,,0,0,0,NONE
H00614,우리안과의원,CLINIC,"내과, 가정의학과","강원특별자치도 삼척시 진주로 29, 동일빌딩 302호 (남양동)",삼척시,진주로,37.4432875,129.1637643,033-573-7582,,,,0,0,0,NONE
H00615,우리연합의원,CLINIC,"내과, 가정의학과","강원특별자치도 인제군 기린면 기린로 43-1, (기린면)",인제군,기린면,37.9561646,128.3179864,033-463-5251,,,,0,0,0,NONE
H00616,우리예수의원,CLINIC,"내과, 가정의학과","강원특별자치도 강릉시 옥계면 현내시장길 81, (옥계면)",강릉시,옥계면,37.6085859,129.0350407,033-534-2119,,,,0,0,0,NONE
H00617,우리의원,CLINIC,"내과, 가정의학과","강원특별자치도 횡성군 안흥면 안흥로 32-6, (안흥면)",횡성군,안흥면,37.412007,128.157163,033-342-0081,,,,0,0,0,NONE
H00618,우리의원,CLINIC,"내과, 가정의학과","강원특별자치도 평창군 봉평면 기풍로 134, (봉평면)",평창군,봉평면,37.6144374,128.3785046,033-335-8275,,,,0,0,0,NONE
H00619,우리정형외과의원,CLINIC,"내과, 가정의학과","강원특별자치도 춘천시 후석로 348-1, (후평동)",춘천시,후석로,37.8819344,127.7487587,033-243-7588,,,,0,0,0,NONE
H00620,우성애 여성의원,CLINIC,"내과, 가정의학과","강원특별자치도 원주시 남원로 589, (명륜동)",원주시,남원로,37.3363047,127.9494884,033-766-7889,,,,0,0,0,NONE
H00621,우성재활의학과의원,CLINIC,"내과, 가정의학과","강원특별자치도 춘천시 중앙로 86, (중앙로2가)",춘천시,중앙로,37.8782743,127.7248471,033-257-5455,,,,0,0,0,NONE
H00622,우신김비뇨기과의원,CLINIC,"내과, 가정의학과","강원특별자치도 강릉시 경강로 2082, (임당동)",강릉시,경강로,37.7538334,128.8951953,033-644-4951,,,,0,0,0,NONE
H00623,우주 가정의학과 의원,CLINIC,"내과, 가정의학과","강원특별자치도 강릉시 솔올로5번길 40-4, 2층 (교동)",강릉시,솔올로5번길,37.7636303,128.8754828,033-655-9887,,,,0,0,0,NONE
H00624,원더스의원,CLINIC,"내과, 가정의학과","강원특별자치도 원주시 서원대로 164, 3층 (단계동)",원주시,서원대로,37.3439898,127.9297609,033-812-2828,,,,0,0,0,NONE
H00625,원의원,CLINIC,"내과, 가정의학과","강원특별자치도 원주시 우산로 42, (우산동)",원주시,우산로,37.3680751,127.9366851,033-744-8275,,,,0,0,0,NONE
H00626,원정형외과의원,CLINIC,"내과, 가정의학과","강원특별자치도 춘천시 지석로 75, (석사동)",춘천시,지석로,37.8513182,127.7437076,033-264-3500,,,,0,0,0,NONE
H00627,원주교도소부속의원,CLINIC,"내과, 가정의학과","강원특별자치도 원주시 북원로 2155, (무실동)",원주시,북원로,37.34029,127.9279317,033-741-4875,,,,0,0,0,NONE
H00628,원주김안과의원,CLINIC,"내과, 가정의학과","강원특별자치도 원주시 능라동길 70, 3층 306호 (무실동)",원주시,능라동길,37.3337964,127.9302031,033-747-2300,,,,0,0,0,NONE
H00629,원주마디정형외과의원,CLINIC,"내과, 가정의학과","강원특별자치도 원주시 서원대로 502, 3층 (단구동, 골드프라자)",원주시,서원대로,37.3249113,127.9583215,033-765-0810,,,,0,0,0,NONE
H00630,원주밝은안과의원,CLINIC,"내과, 가정의학과","강원특별자치도 원주시 서원대로 406, 5층 (단구동, 리더스타워)",원주시,서원대로,37.3302107,127.9496766,033-766-9000,,,,0,0,0,NONE
H00631,원주스노우의원,CLINIC,"내과, 가정의학과","강원특별자치도 원주시 능라동길 61, 9층 (무실동)",원주시,능라동길,37.3341487,127.9312335,033-732-0601,,,,0,0,0,NONE
H00632,원주연세의원,CLINIC,"내과, 가정의학과","강원특별자치도 원주시 흥업면 남원로 57, 2층",원주시,흥업면,37.3014171,127.9192109,033-766-7881,,,,0,0,0,NONE
H00633,원주영상의학과의원,CLINIC,"내과, 가정의학과","강원특별자치도 원주시 능라동길 61, 정한빌딩  607~608호 (무실동)",원주시,능라동길,37.3341487,127.9312335,033-764-9700,,,,0,0,0,NONE
H00634,원주위대한내과의원,CLINIC,"내과, 가정의학과","강원특별자치도 원주시 능라동길 27, SK타워 504~506호 (무실동)",원주시,능라동길,37.3332833,127.9280282,033-742-9669,,,,0,0,0,NONE
H00635,원주유앤항외과의원,CLINIC,"내과, 가정의학과","강원특별자치도 원주시 능라동길 51, 시네시티타워 401, 402호 (무실동)",원주시,능라동길,37.3348376,127.9301516,033-734-1515,,,,0,0,0,NONE
H00636,원주의원,CLINIC,"내과, 가정의학과","강원특별자치도 원주시 원일로 176-1, (학성동)",원주시,원일로,37.3537541,127.9461524,033-747-6701,,,,0,0,0,NONE
H00637,원플러스원비뇨기과의원,CLINIC,"내과, 가정의학과","강원특별자치도 동해시 천곡로 76, 3층 (천곡동, 다나빌딩)",동해시,천곡로,37.5229022,129.1132361,033-532-0558,,,,0,0,0,NONE
H00638,웰비뇨기과의원,CLINIC,"내과, 가정의학과","강원특별자치도 춘천시 후석로 12, (석사동)",춘천시,후석로,37.8561315,127.7395676,033-261-9975,,,,0,0,0,NONE
H00639,위드내과의원,CLINIC,"내과, 가정의학과","강원특별자치도 강릉시 솔올로 35, 2층 (교동)",강릉시,솔올로,37.7651376,128.8778692,033-641-9222,,,,0,0,0,NONE
H00640,위즈팍서울정형외과의원,CLINIC,"내과, 가정의학과","강원특별자치도 원주시 봉화로 16, 2층 (단계동)",원주시,봉화로,37.3459695,127.9288427,033-734-1275,,,,0,0,0,NONE
H00641,유로진비뇨기과의원,CLINIC,"내과, 가정의학과","강원특별자치도 원주시 서원대로 184, 새동빌딩  2층 (단계동)",원주시,서원대로,37.3437804,127.9317024,033-734-7752,,,,0,0,0,NONE
H00642,유소아청소년과의원,CLINIC,"내과, 가정의학과","강원특별자치도 횡성군 횡성읍 태기로 25, (횡성읍)",횡성군,횡성읍,37.4911482,127.9862967,033-345-5333,,,,0,0,0,NONE
H00643,유주왕외과의원,CLINIC,"내과, 가정의학과","강원특별자치도 강릉시 주문진읍 해안3길 7, 7",강릉시,주문진읍,37.885732,128.8258687,033-662-8767,,,,0,0,0,NONE
H00644,윤가정의원,CLINIC,"내과, 가정의학과","강원특별자치도 철원군 동송읍 금학로 222, 2층",철원군,동송읍,38.2084031,127.2181884,033-455-1777,,,,0,0,0,NONE
H00645,윤내과의원,CLINIC,"내과, 가정의학과","강원특별자치도 강릉시 경강로 2082, 2층 (임당동)",강릉시,경강로,37.7538334,128.8951953,033-648-9557,,,,0,0,0,NONE
H00646,윤덕형내과의원,CLINIC,"내과, 가정의학과","강원특별자치도 춘천시 동내면 춘천순환로 58, 2,4층",춘천시,동내면,37.8551213,127.7503301,033-264-9897,,,,0,0,0,NONE
H00647,윤동석내과의원,CLINIC,"내과, 가정의학과","강원특별자치도 춘천시 칠전서길 38-14, (칠전동)",춘천시,칠전서길,37.8421741,127.7133787,033-263-7524,,,,0,0,0,NONE
H00648,윤비뇨기과의원,CLINIC,"내과, 가정의학과","강원특별자치도 삼척시 진주로 21, (남양동)",삼척시,진주로,37.4425874,129.1637342,033-574-0051,,,,0,0,0,NONE
H00649,윤성일정형외과의원,CLINIC,"내과, 가정의학과","강원특별자치도 홍천군 홍천읍 홍천로 316, (메디뱅크빌딩 4,5층)",홍천군,홍천읍,37.6882611,127.8802984,033-439-9999,,,,0,0,0,NONE
H00650,윤이비인후과의원,CLINIC,"내과, 가정의학과","강원특별자치도 강릉시 금성로 42, (금학동)",강릉시,금성로,37.7529594,128.8962579,033-648-9333,,,,0,0,0,NONE
H00651,윤이비인후과의원,CLINIC,"내과, 가정의학과","강원특별자치도 동해시 중앙로 237, (천곡동)",동해시,중앙로,37.5220356,129.113774,033-535-7501,,,,0,0,0,NONE
H00652,윤장운마취통증의학과의원,CLINIC,"내과, 가정의학과","강원특별자치도 원주시 중앙로 86, 5층 (중앙동, 세븐스타빌딩)",원주시,중앙로,37.3488831,127.9517657,033-747-0094,,,,0,0,0,NONE
H00653,윤화준소아청소년과의원,CLINIC,"내과, 가정의학과","강원특별자치도 춘천시 퇴계농공로 22, (석사동)",춘천시,퇴계농공로,37.8512402,127.7441194,033-262-8275,,,,0,0,0,NONE
H00654,율산부인과의원,CLINIC,"내과, 가정의학과","강원특별자치도 원주시 능라동길 61, 8층 (무실동, 정한타워)",원주시,능라동길,37.3341487,127.9312335,033-765-0655,,,,0,0,0,NONE
H00655,이건내과의원,CLINIC,"내과, 가정의학과","강원특별자치도 원주시 시청로 84, 203호 (무실동, 애드피아상가)",원주시,시청로,37.3363835,127.9280559,033-747-8275,,,,0,0,0,NONE
H00656,이광훈내과의원,CLINIC,"내과, 가정의학과","강원특별자치도 원주시 평원로 76, 4,5층 (평원동)",원주시,평원로,37.3519423,127.9503108,033-746-5300,,,,0,0,0,NONE
H00657,이내과의원,CLINIC,"내과, 가정의학과","강원특별자치도 철원군 서면 와수로 162-1, (서면)",철원군,서면,38.2379805,127.438143,033-458-8275,,,,0,0,0,NONE
H00658,이도현성형외과의원,CLINIC,"내과, 가정의학과","강원특별자치도 강릉시 하평1길 14, (포남동)",강릉시,하평1길,37.7712309,128.9115941,033-653-4213,,,,0,0,0,NONE
H00659,이룸의원,CLINIC,"내과, 가정의학과","강원특별자치도 춘천시 안마산로 97, 4층 (퇴계동)",춘천시,안마산로,37.8550619,127.7264996,050713928875,,,,0,0,0,NONE
H00660,이명호내과의원,CLINIC,"내과, 가정의학과","강원특별자치도 강릉시 솔올로5번길 40, 2층 (교동)",강릉시,솔올로5번길,37.7638404,128.8755224,033-645-7747,,,,0,0,0,NONE
H00661,이미영샘내과의원,CLINIC,"내과, 가정의학과","강원특별자치도 원주시 영랑길 14-2, 청연재빌딩 2층 (행구동)",원주시,영랑길,37.3410021,127.9717075,033-900-3000,,,,0,0,0,NONE
H00662,이병호내과의원,CLINIC,"내과, 가정의학과","강원특별자치도 속초시 청학로 27, (청학동)",속초시,청학로,38.2015575,128.5832687,033-631-1718,,,,0,0,0,NONE
H00663,이복순의원,CLINIC,"내과, 가정의학과","강원특별자치도 철원군 동송읍 금학로 224-1, 3층",철원군,동송읍,38.2088068,127.2180759,033-455-2262,,,,0,0,0,NONE
H00664,이상봉비뇨기과의원,CLINIC,"내과, 가정의학과","강원특별자치도 원주시 남원로 671, 2층,5층 (명륜동)",원주시,남원로,37.3424591,127.9544838,033-761-3939,,,,0,0,0,NONE
H00665,이상진안과의원,CLINIC,"내과, 가정의학과","강원특별자치도 원주시 북원로 2245, (단계동)",원주시,북원로,37.3462285,127.9333351,033-743-9344,,,,0,0,0,NONE
H00666,이상호내과의원,CLINIC,"내과, 가정의학과","강원특별자치도 속초시 동해대로 4177, 1층 (조양동)",속초시,동해대로,38.1921319,128.5785904,033-637-7902,,,,0,0,0,NONE
H00667,이석원내과의원,CLINIC,"내과, 가정의학과","강원특별자치도 원주시 평원로 76, 201호 (평원동)",원주시,평원로,37.3519423,127.9503108,033-900-5155,,,,0,0,0,NONE
H00668,이성우내과의원,CLINIC,"내과, 가정의학과","강원특별자치도 원주시 평원로 54, (평원동)",원주시,평원로,37.3507961,127.9514049,033-746-2888,,,,0,0,0,NONE
H00669,이소아청소년과의원,CLINIC,"내과, 가정의학과","강원특별자치도 강릉시 주문진읍 주문로 107, 2층",강릉시,주문진읍,37.8934539,128.8271895,033-662-8636,,,,0,0,0,NONE
H00670,이승재내과의원,CLINIC,"내과, 가정의학과","강원특별자치도 동해시 동굴로 106, (천곡동)",동해시,동굴로,37.5175295,129.1157084,033-532-6880,,,,0,0,0,NONE
H00671,이승훈내과의원,CLINIC,"내과, 가정의학과","강원특별자치도 춘천시 중앙로 66, (중앙로2가)",춘천시,중앙로,37.8795873,127.7264336,033-253-5118,,,,0,0,0,NONE
H00672,이신경정신과의원,CLINIC,"내과, 가정의학과","강원특별자치도 원주시 원일로 114, 2층 (중앙동)",원주시,원일로,37.3499886,127.9487173,033-744-1142,,,,0,0,0,NONE
H00673,이안과의원,CLINIC,"내과, 가정의학과","강원특별자치도 강릉시 주문진읍 항구로 48, 6층",강릉시,주문진읍,37.8931667,128.8267222,033-662-9799,,,,0,0,0,NONE
H00674,이앤신 소아청소년과의원,CLINIC,"내과, 가정의학과","강원특별자치도 춘천시 동내면 춘천순환로 58, (동내면)",춘천시,동내면,37.8551213,127.7503301,033-263-2255,,,,0,0,0,NONE
H00675,이연수내과의원,CLINIC,"내과, 가정의학과","강원특별자치도 동해시 중앙로 229, 2층 (천곡동)",동해시,중앙로,37.5211818,129.1142632,033-532-4600,,,,0,0,0,NONE
H00676,이영순내과의원,CLINIC,"내과, 가정의학과","강원특별자치도 춘천시 퇴계농공로 22, (석사동)",춘천시,퇴계농공로,37.8512402,127.7441194,033-263-3007,,,,0,0,0,NONE
H00677,이옥찬내과의원,CLINIC,"내과, 가정의학과","강원특별자치도 동해시 중앙로 249, (천곡동)",동해시,중앙로,37.522743,129.1134223,033-535-5315,,,,0,0,0,NONE
H00678,이외과의원,CLINIC,"내과, 가정의학과","강원특별자치도 양구군 양구읍 중앙길 27, 27",양구군,양구읍,38.1062186,127.9894218,033-481-2929,,,,0,0,0,NONE
H00679,이외과의원,CLINIC,"내과, 가정의학과","강원특별자치도 삼척시 진주로 12-38, (남양동)",삼척시,진주로,37.4413667,129.1645984,033-573-9931,,,,0,0,0,NONE
H00680,이용규내과의원,CLINIC,"내과, 가정의학과","강원특별자치도 원주시 무실로 178, 2층 (단계동, 원예농협하나로클럽)",원주시,무실로,37.3407809,127.9397621,033-731-7582,,,,0,0,0,NONE
H00681,이이비인후과의원,CLINIC,"내과, 가정의학과","강원특별자치도 태백시 황지로 146, (황지동)",태백시,황지로,37.1718884,128.9924633,033-554-4300,,,,0,0,0,NONE
H00682,이이비인후과의원,CLINIC,"내과, 가정의학과","강원특별자치도 동해시 청운1길 51, 2층 (쇄운동, 백봉빌딩)",동해시,청운1길,37.4862869,129.1088409,033-535-1616,,,,0,0,0,NONE
H00683,이일남내과의원,CLINIC,"내과, 가정의학과","강원특별자치도 속초시 동해대로 3958, 제주택동 210, 211, 212호 (조양동, 속초 서희스타힐스 더베이)",속초시,동해대로,38.188142,128.6010627,033-635-2752,,,,0,0,0,NONE
H00684,이재순내과의원,CLINIC,"내과, 가정의학과","강원특별자치도 원주시 원일로115번길 1, (일산동)",원주시,원일로115번길,37.3498077,127.9483615,033-748-5200,,,,0,0,0,NONE
H00685,이재현내과의원,CLINIC,"내과, 가정의학과","강원특별자치도 동해시 청운1길 64, 모던파크 201호 (나안동)",동해시,청운1길,37.485907,129.1102081,033-521-2288,,,,0,0,0,NONE
H00686,이재형내과의원,CLINIC,"내과, 가정의학과","강원특별자치도 횡성군 횡성읍 한우로 306, (횡성읍)",횡성군,횡성읍,37.487369,127.9866302,033-343-3636,,,,0,0,0,NONE
H00687,이재홍정형외과의원,CLINIC,"내과, 가정의학과","강원특별자치도 강릉시 옥가로 57, (교동)",강릉시,옥가로,37.7614816,128.899993,033-642-3459,,,,0,0,0,NONE
H00688,이정신건강의학과의원,CLINIC,"내과, 가정의학과","강원특별자치도 동해시 천곡로 52, (천곡동)",동해시,천곡로,37.5237799,129.1109039,033-533-9895,,,,0,0,0,NONE
H00689,이정열내과의원,CLINIC,"내과, 가정의학과","강원특별자치도 춘천시 춘주로 151, 2층 (퇴계동)",춘천시,춘주로,37.8586312,127.7251484,033-243-7659,,,,0,0,0,NONE
H00690,이정환내과의원,CLINIC,"내과, 가정의학과","강원특별자치도 춘천시 동내면 영서로 1794, 2층",춘천시,동내면,37.836898,127.7598286,033-263-8899,,,,0,0,0,NONE
H00691,이종화외과의원,CLINIC,"내과, 가정의학과","강원특별자치도 강릉시 강릉대로 165, (교동)",강릉시,강릉대로,37.7575434,128.888733,033-646-0196,,,,0,0,0,NONE
H00692,이지마취통증의학과의원,CLINIC,"내과, 가정의학과","강원특별자치도 강릉시 경강로 2108, 4층 (임당동)",강릉시,경강로,37.7552401,128.8974907,033-644-2782,,,,0,0,0,NONE
H00693,이진호이비인후과의원,CLINIC,"내과, 가정의학과","강원특별자치도 원주시 원일로 93, (일산동)",원주시,원일로,37.3488206,127.9495975,033-744-5015,,,,0,0,0,NONE
H00694,이하우신경외과의원,CLINIC,"내과, 가정의학과","강원특별자치도 원주시 치악로 1864, (봉산동)",원주시,치악로,37.347566,127.9562344,033-745-3686,,,,0,0,0,NONE
H00695,이해욱성형외과의원,CLINIC,"내과, 가정의학과","강원특별자치도 강릉시 경강로 2109, 4층 (임당동, 문선빌딩)",강릉시,경강로,37.7556928,128.8972549,033-648-4353,,,,0,0,0,NONE
H00696,이현철소아청소년과의원,CLINIC,"내과, 가정의학과","강원특별자치도 속초시 동해대로 4147, 비동3층 (조양동)",속초시,동해대로,38.1895574,128.5805187,033-636-0282,,,,0,0,0,NONE
H00697,이형준내과의원,CLINIC,"내과, 가정의학과","강원특별자치도 원주시 원일로 120, 3층 302호 (중앙동, 중앙빌딩)",원주시,원일로,37.3503162,127.9484763,033-732-7575,,,,0,0,0,NONE
H00698,이호영소아청소년과의원,CLINIC,"내과, 가정의학과","강원특별자치도 속초시 동해대로 4177, 5층 (조양동)",속초시,동해대로,38.1921319,128.5785904,033-635-6030,,,,0,0,0,NONE
H00699,이화의원,CLINIC,"내과, 가정의학과","강원특별자치도 강릉시 율곡로 2791, 2층 (성남동)",강릉시,율곡로,37.7540661,128.9009344,033-655-8575,,,,0,0,0,NONE
H00700,인구보건복지협회강원지회가족보건의원,CLINIC,"내과, 가정의학과","강원특별자치도 춘천시 김유정로 1846, (퇴계동)",춘천시,김유정로,37.8515894,127.7345608,033-260-8900,,,,0,0,0,NONE
H00701,임내과의원,CLINIC,"내과, 가정의학과","강원특별자치도 동해시 효자남길 68, 2층동 (효가동)",동해시,효자남길,37.4922127,129.1085588,033-522-2104,,,,0,0,0,NONE
H00702,임수빈내과의원,CLINIC,"내과, 가정의학과","강원특별자치도 원주시 시청로 98, (무실동)",원주시,시청로,37.335933,127.9287734,033-743-2266,,,,0,0,0,NONE
H00703,임수빈신경과의원,CLINIC,"내과, 가정의학과","강원특별자치도 강릉시 옥가로 21, 2층 (옥천동)",강릉시,옥가로,37.7583465,128.8990071,033-646-5522,,,,0,0,0,NONE
H00704,임연웅신경외과의원,CLINIC,"내과, 가정의학과","강원특별자치도 원주시 만대공원길 59, 3층 302호 (무실동)",원주시,만대공원길,37.3394268,127.9247117,033-735-7882,,,,0,0,0,NONE
H00705,임정근내과의원,CLINIC,"내과, 가정의학과","강원특별자치도 춘천시 후석로 278, (후평동)",춘천시,후석로,37.8763991,127.7527471,033-244-3900,,,,0,0,0,NONE
H00706,자혜의원,CLINIC,"내과, 가정의학과","강원특별자치도 태백시 황지로 203, 자혜의원 (황지동)",태백시,황지로,37.1756727,128.98824,033-552-2795,,,,0,0,0,NONE
H00707,장신경과의원,CLINIC,"내과, 가정의학과","강원특별자치도 강릉시 경강로2095번길 3, (임당동)",강릉시,경강로2095번길,37.7548073,128.8957413,033-641-2717,,,,0,0,0,NONE
H00708,장외과의원,CLINIC,"내과, 가정의학과","강원특별자치도 속초시 중앙로 35, (교동)",속초시,중앙로,38.1996946,128.580559,033-635-3938,,,,0,0,0,NONE
H00709,전병선정신건강의학과의원,CLINIC,"내과, 가정의학과","강원특별자치도 삼척시 진주로 5, 그린라이프약국 3층 (남양동)",삼척시,진주로,37.4413375,129.1639203,033-573-7070,,,,0,0,0,NONE
H00710,전창호내과의원,CLINIC,"내과, 가정의학과","강원특별자치도 춘천시 중앙로 136, (소양로4가)",춘천시,중앙로,37.876118,127.7201096,033-254-9119,,,,0,0,0,NONE
H00711,정내과의원,CLINIC,"내과, 가정의학과","강원특별자치도 원주시 단구로 353, 3층 (단구동)",원주시,단구로,37.3243455,127.9584301,033-761-0822,,,,0,0,0,NONE
H00712,정담의원,CLINIC,"내과, 가정의학과","강원특별자치도 춘천시 스포츠타운길 496, 202호 (온의동)",춘천시,스포츠타운길,37.8668058,127.7117373,033-910-1005,,,,0,0,0,NONE
H00713,정대진비뇨기과의원,CLINIC,"내과, 가정의학과","강원특별자치도 태백시 번영로 357, (황지동)",태백시,번영로,37.1718025,128.9924905,033-553-5201,,,,0,0,0,NONE
H00714,정봉기내과의원,CLINIC,"내과, 가정의학과","강원특별자치도 춘천시 동면 춘천로 457, (동면)",춘천시,동면,37.8929584,127.755563,033-241-1511,,,,0,0,0,NONE
H00715,정선연세외과의원,CLINIC,"내과, 가정의학과","강원특별자치도 정선군 정선읍 봉양6길 14, (연세외과의원)",정선군,정선읍,37.3788693,128.6639751,033-563-7778,,,,0,0,0,NONE
H00716,정성마취통증의학과의원,CLINIC,"내과, 가정의학과","강원특별자치도 홍천군 홍천읍 홍천로 315, 315",홍천군,홍천읍,37.6886939,127.8804017,033-432-7588,,,,0,0,0,NONE
H00717,정외과의원,CLINIC,"내과, 가정의학과","강원특별자치도 화천군 사내면 사내로 30, (사내면)",화천군,사내면,38.0707515,127.5217394,033-441-6846,,,,0,0,0,NONE
H00718,정웅교비뇨기과의원,CLINIC,"내과, 가정의학과","강원특별자치도 원주시 원일로 106, (중앙동)",원주시,원일로,37.3495566,127.9491936,033-735-6622,,,,0,0,0,NONE
H00719,정의흠외과의원,CLINIC,"내과, 가정의학과","강원특별자치도 강릉시 경강로 2085, (임당동)",강릉시,경강로,37.754252,128.8950459,033-646-2630,,,,0,0,0,NONE
H00720,제11기동사단의무대대의원,CLINIC,"내과, 가정의학과","강원특별자치도 홍천군 북방면 홍천로 132, (북방면)",홍천군,북방면,37.6927938,127.86156,033-430-6055,,,,0,0,0,NONE
H00721,제로마취통증의학과의원,CLINIC,"내과, 가정의학과","강원특별자치도 원주시 서원대로 406, 303,304호 (단구동)",원주시,서원대로,37.3302107,127.9496766,033-761-8900,,,,0,0,0,NONE
H00722,제이여성의원,CLINIC,"내과, 가정의학과","강원특별자치도 춘천시 춘천순환로 46, 3층 (석사동)",춘천시,춘천순환로,37.8551093,127.7491188,033-264-7097,,,,0,0,0,NONE
H00723,제일몸편한의원,CLINIC,"내과, 가정의학과","강원특별자치도 속초시 청학로 47, 3층 (청학동)",속초시,청학로,38.2023059,128.5828453,033-631-8475,,,,0,0,0,NONE
H00724,제일산부인과의원,CLINIC,"내과, 가정의학과","강원특별자치도 속초시 청학로 47, (청학동)",속초시,청학로,38.2023059,128.5828453,033-635-9050,,,,0,0,0,NONE
H00725,제일의원,CLINIC,"내과, 가정의학과","강원특별자치도 정선군 사북읍 사북5길 1, (사북읍)",정선군,사북읍,37.2273373,128.8198885,033-592-2115,,,,0,0,0,NONE
H00726,제일의원,CLINIC,"내과, 가정의학과","강원특별자치도 원주시 중앙로 75, 1호 (중앙동)",원주시,중앙로,37.3482878,127.9516921,033-746-3344,,,,0,0,0,NONE
H00727,제일의원,CLINIC,"내과, 가정의학과","강원특별자치도 홍천군 남면 양덕원로 87, (남면)",홍천군,남면,37.6171192,127.7678192,033-432-7413,,,,0,0,0,NONE
H00728,제일의원,CLINIC,"내과, 가정의학과","강원특별자치도 철원군 서면 와수1로 34, (제일 의원)",철원군,서면,38.2399724,127.4375415,033-458-5866,,,,0,0,0,NONE
H00729,제일의원,CLINIC,"내과, 가정의학과","강원특별자치도 고성군 간성읍 간성로 40, 2층",고성군,간성읍,38.3792942,128.4706443,033-681-7582,,,,0,0,0,NONE
H00730,제일정신건강의학과의원,CLINIC,"내과, 가정의학과","강원특별자치도 태백시 황지로 79-1, (황지동)",태백시,황지로,37.1659884,128.9915874,033-552-7990,,,,0,0,0,NONE
H00731,조관식안과의원,CLINIC,"내과, 가정의학과","강원특별자치도 속초시 중앙로 124, (금호동)",속초시,중앙로,38.2022034,128.5897061,033-633-7229,,,,0,0,0,NONE
H00732,조남천항맥외과의원,CLINIC,"내과, 가정의학과","강원특별자치도 원주시 서원대로 180, (단계동)",원주시,서원대로,37.343816,127.9313437,033-745-5678,,,,0,0,0,NONE
H00733,조도연정형외과의원,CLINIC,"내과, 가정의학과","강원특별자치도 춘천시 경춘로 2348, 지하층,1층 (온의동)",춘천시,경춘로,37.8629901,127.7196582,033-252-2800,,,,0,0,0,NONE
H00734,조비뇨기과의원,CLINIC,"내과, 가정의학과","강원특별자치도 속초시 중앙로 126, (금호동)",속초시,중앙로,38.2023079,128.5900447,033-635-8486,,,,0,0,0,NONE
H00735,조세흠성형외과의원,CLINIC,"내과, 가정의학과","강원특별자치도 춘천시 시청길10번길 4-2, (조양동)",춘천시,시청길10번길,37.8802535,127.7285455,033-242-2447,,,,0,0,0,NONE
H00736,조소아청소년과의원,CLINIC,"내과, 가정의학과","강원특별자치도 강릉시 교동광장로 105, (교동)",강릉시,교동광장로,37.7650697,128.876436,033-644-8256,,,,0,0,0,NONE
H00737,조아가정의학과의원,CLINIC,"내과, 가정의학과","강원특별자치도 동해시 한섬로 94, 3층 (천곡동, 동해농협)",동해시,한섬로,37.5203766,129.114226,033-534-7559,,,,0,0,0,NONE
H00738,조안과의원,CLINIC,"내과, 가정의학과","강원특별자치도 원주시 원일로115번길 12, 2층 (일산동)",원주시,원일로115번길,37.3495291,127.9474327,033-746-8005,,,,0,0,0,NONE
H00739,조은가정의원,CLINIC,"내과, 가정의학과","강원특별자치도 원주시 태장둔치길 41, (태장동)",원주시,태장둔치길,37.3837375,127.9520232,033-745-7734,,,,0,0,0,NONE
H00740,조은내과의원,CLINIC,"내과, 가정의학과","강원특별자치도 고성군 거진읍 거진길 38, (거진읍)",고성군,거진읍,38.4472182,128.4549924,033-822-2008,,,,0,0,0,NONE
H00741,조은안과의원,CLINIC,"내과, 가정의학과","강원특별자치도 강릉시 율곡로 2827, 그랜드치과타워빌딩 2층 (옥천동)",강릉시,율곡로,37.7565441,128.8982458,033-655-0741,,,,0,0,0,NONE
H00742,좋은 마음 정신건강의학과 의원,CLINIC,"내과, 가정의학과","강원특별자치도 원주시 서원대로 162, 601호 (단계동)",원주시,서원대로,37.3438737,127.9293537,033-733-6300,,,,0,0,0,NONE
H00743,죠훈신경외과의원,CLINIC,"내과, 가정의학과","강원특별자치도 원주시 양지로 4, 3~5층 (반곡동)",원주시,양지로,37.3254059,127.9788386,033-748-9111,,,,0,0,0,NONE
H00744,주니스의원,CLINIC,"내과, 가정의학과","강원특별자치도 춘천시 퇴계로105번길 5, 3층 (퇴계동, 지효빌딩)",춘천시,퇴계로105번길,37.8618287,127.7319754,033-263-7741,,,,0,0,0,NONE
H00745,주민하내과의원,CLINIC,"내과, 가정의학과","강원특별자치도 홍천군 홍천읍 홍천로 284, (홍천읍)",홍천군,홍천읍,37.6887097,127.8768804,033-432-0875,,,,0,0,0,NONE
H00746,주안내과의원,CLINIC,"내과, 가정의학과","강원특별자치도 춘천시 지석로 89, 302호 (석사동, 더퍼스트빌딩)",춘천시,지석로,37.8510191,127.7452409,033-263-1500,,,,0,0,0,NONE
H00747,주천의원,CLINIC,"내과, 가정의학과","강원특별자치도 영월군 주천면 주천로 92, (2층)",영월군,주천면,37.2710765,128.2687092,033-372-9339,,,,0,0,0,NONE
H00748,주천제일의원,CLINIC,"내과, 가정의학과","강원특별자치도 영월군 주천면 주천로 81, (주천면)",영월군,주천면,37.2705588,128.2676625,033-372-0145,,,,0,0,0,NONE
H00749,준소아청소년과의원,CLINIC,"내과, 가정의학과","강원특별자치도 원주시 백간길 25, SG프라자 2층 (단계동)",원주시,백간길,37.3520827,127.9263005,033-744-2119,,,,0,0,0,NONE
H00750,중앙내과의원,CLINIC,"내과, 가정의학과","강원특별자치도 평창군 진부면 진부시장뒷길 66, (진부면)",평창군,진부면,37.6381484,128.5588597,033-335-0805,,,,0,0,0,NONE
H00751,중앙메디칼연합의원,CLINIC,"내과, 가정의학과","강원특별자치도 원주시 평원로 33, (중앙동)",원주시,평원로,37.3492849,127.9521831,033-735-5511,,,,0,0,0,NONE
H00752,중앙방사선과의원,CLINIC,"내과, 가정의학과","강원특별자치도 태백시 연지로 21, (황지동)",태백시,연지로,37.1757031,128.9893745,033-552-8970,,,,0,0,0,NONE
H00753,중앙산부인과의원,CLINIC,"내과, 가정의학과","강원특별자치도 속초시 동해대로 4117, 3층 (조양동)",속초시,동해대로,38.1892434,128.5840154,033-637-9887,,,,0,0,0,NONE
H00754,중앙외과의원,CLINIC,"내과, 가정의학과","강원특별자치도 양양군 양양읍 양양로 48, (양양읍)",양양군,양양읍,38.0762196,128.6236065,033-672-0911,,,,0,0,0,NONE
H00755,중앙의원,CLINIC,"내과, 가정의학과","강원특별자치도 화천군 화천읍 중앙로 9-1, 9",화천군,화천읍,38.104885,127.7054275,033-442-2071,,,,0,0,0,NONE
H00756,중앙의원,CLINIC,"내과, 가정의학과","강원특별자치도 원주시 평원로 63, 2,5층 (중앙동)",원주시,평원로,37.3512506,127.9503654,033-733-2277,,,,0,0,0,NONE
H00757,중앙의원,CLINIC,"내과, 가정의학과","강원특별자치도 평창군 진부면 청송로 107, 107",평창군,진부면,37.6366334,128.5584586,033-335-2238,,,,0,0,0,NONE
H00758,중앙재활의학과의원,CLINIC,"내과, 가정의학과","강원특별자치도 춘천시 중앙로 63, (중앙로2가)",춘천시,중앙로,37.879461,127.7269295,033-254-7555,,,,0,0,0,NONE
H00759,중앙정형외과의원,CLINIC,"내과, 가정의학과","강원특별자치도 원주시 학성철길 59, (학성동)",원주시,학성철길,37.3539727,127.9489072,033-743-5221,,,,0,0,0,NONE
H00760,지성정형외과의원,CLINIC,"내과, 가정의학과","강원특별자치도 원주시 문막읍 구암길 9, 스카이블루1 빌딩 1~4층",원주시,문막읍,37.3185769,127.8289155,033-734-6700,,,,0,0,0,NONE
H00761,지쉘의원,CLINIC,"내과, 가정의학과","강원특별자치도 원주시 지정면 기업도시로 6, 2층 203호",원주시,지정면,37.378554,127.8926324,033-733-8901,,,,0,0,0,NONE
H00762,지정내과의원,CLINIC,"내과, 가정의학과","강원특별자치도 원주시 지정면 신지정로 266, 301,302호",원주시,지정면,37.3785403,127.8705794,033-733-2355,,,,0,0,0,NONE
H00763,지화영소아청소년과의원,CLINIC,"내과, 가정의학과","강원특별자치도 춘천시 안마산로 109, 2층 (퇴계동)",춘천시,안마산로,37.8556346,127.7286296,033-252-9993,,,,0,0,0,NONE
H00764,진부성심의원,CLINIC,"내과, 가정의학과","강원특별자치도 평창군 진부면 진부중앙로 56, 2층",평창군,진부면,37.6364588,128.5581717,033-334-1934,,,,0,0,0,NONE
H00765,진부연세내과의원,CLINIC,"내과, 가정의학과","강원특별자치도 평창군 진부면 진부중앙로 80, (진부면)",평창군,진부면,37.6382829,128.5597803,033-335-7040,,,,0,0,0,NONE
H00766,진의원,CLINIC,"내과, 가정의학과","강원특별자치도 태백시 황지로 98, 1층 (황지동, 서울빌딩)",태백시,황지로,37.1675896,128.992152,033-553-7271,,,,0,0,0,NONE
H00767,진제통의원,CLINIC,"내과, 가정의학과","강원특별자치도 원주시 양지로 26, 1층 106호 (반곡동)",원주시,양지로,37.3245927,127.9816052,033-813-0233,,,,0,0,0,NONE
H00768,참가정의원,CLINIC,"내과, 가정의학과","강원특별자치도 춘천시 금강로 73, (조양동)",춘천시,금강로,37.8789248,127.7294231,033-244-7582,,,,0,0,0,NONE
H00769,참사랑내과의원,CLINIC,"내과, 가정의학과","강원특별자치도 춘천시 효자로 57, (효자동)",춘천시,효자로,37.8691151,127.7298148,033-242-7560,,,,0,0,0,NONE
H00770,참사랑의원,CLINIC,"내과, 가정의학과","강원특별자치도 삼척시 도계읍 도계로 295, (도계읍)",삼척시,도계읍,37.2353425,129.0441629,033-541-7580,,,,0,0,0,NONE
H00771,참조은의원,CLINIC,"내과, 가정의학과","강원특별자치도 춘천시 남춘천새길 42, 101호 (석사동, 세경5차아파트)",춘천시,남춘천새길,37.8627959,127.7370336,033-263-5770,,,,0,0,0,NONE
H00772,창문외과의원,CLINIC,"내과, 가정의학과","강원특별자치도 원주시 이화6길 1, 3층 (단계동)",원주시,이화6길,37.343555,127.9322618,033-743-4567,,,,0,0,0,NONE
H00773,천정학내과의원,CLINIC,"내과, 가정의학과","강원특별자치도 원주시 남원로 528-11, 3층 (단구동, 광덕빌딩)",원주시,남원로,37.3306037,127.9479735,033-766-7588,,,,0,0,0,NONE
H00774,철원중앙의원,CLINIC,"내과, 가정의학과","강원특별자치도 철원군 갈말읍 삼부연로 11, (갈말읍)",철원군,갈말읍,38.1454173,127.3091852,033-452-1012,,,,0,0,0,NONE
H00775,청담심스성형외과의원,CLINIC,"내과, 가정의학과","강원특별자치도 원주시 남원로534번길 6, (단구동, 이룸빌딩)",원주시,남원로534번길,37.3311596,127.9474733,033-763-6688,,,,0,0,0,NONE
H00776,청담엠의원,CLINIC,"내과, 가정의학과","강원특별자치도 춘천시 금강로 68-12, 7층 (조양동, 엠백화점 별관)",춘천시,금강로,37.87878,127.7278818,033-241-3379,,,,0,0,0,NONE
H00777,청십자내과의원,CLINIC,"내과, 가정의학과","강원특별자치도 삼척시 진주로 29, (남양동, 찬스노래방)",삼척시,진주로,37.4432875,129.1637643,033-574-3388,,,,0,0,0,NONE
H00778,청플러스비뇨기과의원,CLINIC,"내과, 가정의학과","강원특별자치도 강릉시 경강로 2110, 3층 (임당동)",강릉시,경강로,37.7553336,128.8976716,033-646-0182,,,,0,0,0,NONE
H00779,초당의원,CLINIC,"내과, 가정의학과","강원특별자치도 강릉시 연당길 76, 2층 (초당동)",강릉시,연당길,37.784336,128.9152144,070-7372-8275,,,,0,0,0,NONE
H00780,최경훈 내과의원,CLINIC,"내과, 가정의학과","강원특별자치도 원주시 원일로115번길 12, (일산동)",원주시,원일로115번길,37.3495291,127.9474327,033-742-7400,,,,0,0,0,NONE
H00781,최내과의원,CLINIC,"내과, 가정의학과","강원특별자치도 속초시 중앙로 127, 503호 (금호동)",속초시,중앙로,38.2027849,128.5900198,033-637-7575,,,,0,0,0,NONE
H00782,최동익성형외과의원,CLINIC,"내과, 가정의학과","강원특별자치도 원주시 서원대로 396, 3층 301호 (단구동)",원주시,서원대로,37.3307458,127.9488807,033-744-3737,,,,0,0,0,NONE
H00783,최병기재활의학과의원,CLINIC,"내과, 가정의학과","강원특별자치도 춘천시 안마산로 36, (퇴계동)",춘천시,안마산로,37.8578951,127.7204982,033-256-5559,,,,0,0,0,NONE
H00784,최원규소아청소년과의원,CLINIC,"내과, 가정의학과","강원특별자치도 원주시 원일로115번길 5, (일산동)",원주시,원일로115번길,37.3495865,127.9480168,033-734-9595,,,,0,0,0,NONE
H00785,최이비인후과의원,CLINIC,"내과, 가정의학과","강원특별자치도 강릉시 주문진읍 항구로 48, 7층",강릉시,주문진읍,37.8931667,128.8267222,033-661-6680,,,,0,0,0,NONE
H00786,최정준성형외과의원,CLINIC,"내과, 가정의학과","강원특별자치도 강릉시 경강로 2110, 7층 (임당동, 동아빌딩)",강릉시,경강로,37.7553336,128.8976716,033-643-7033,,,,0,0,0,NONE
H00787,최종열산부인과의원,CLINIC,"내과, 가정의학과","강원특별자치도 속초시 중앙로108번길 6, (청학동)",속초시,중앙로108번길,38.2016628,128.5879533,033-633-0055,,,,0,0,0,NONE
H00788,최해천성형외과의원,CLINIC,"내과, 가정의학과","강원특별자치도 원주시 남원로 622, (개운동)",원주시,남원로,37.3385017,127.9520012,033-765-7575,,,,0,0,0,NONE
H00789,최훈정형외과의원,CLINIC,"내과, 가정의학과","강원특별자치도 춘천시 후석로 376, (후평동)",춘천시,후석로,37.8842378,127.7476276,033-252-8400,,,,0,0,0,NONE
H00790,춘천교도소부속의원,CLINIC,"내과, 가정의학과","강원특별자치도 춘천시 동내면 신촌양지길 5, (동내면)",춘천시,동내면,37.8506831,127.7582994,033-262-1332,,,,0,0,0,NONE
H00791,춘천드림마취통증의학과의원,CLINIC,"내과, 가정의학과","강원특별자치도 춘천시 지석로 85, 2,3층 (석사동)",춘천시,지석로,37.851124,127.7448581,033-261-8275,,,,0,0,0,NONE
H00792,춘천마음벗의원,CLINIC,"내과, 가정의학과","강원특별자치도 춘천시 후석로 326, (후평동)",춘천시,후석로,37.880073,127.7501374,033-255-0300,,,,0,0,0,NONE
H00793,춘천마음숲정신건강의학과의원,CLINIC,"내과, 가정의학과","강원특별자치도 춘천시 방송길 98, 6층 (온의동)",춘천시,방송길,37.8679122,127.7201749,033-256-0426,,,,0,0,0,NONE
H00794,춘천밝은안과의원,CLINIC,"내과, 가정의학과","강원특별자치도 춘천시 중앙로 136, 4층 (소양로4가)",춘천시,중앙로,37.876118,127.7201096,033-257-1110,,,,0,0,0,NONE
H00795,춘천복십자의원,CLINIC,"내과, 가정의학과","강원특별자치도 춘천시 방송길 98-1, 3층 (온의동)",춘천시,방송길,37.8677575,127.7204261,033-257-2057,,,,0,0,0,NONE
H00796,춘천순산부인과의원,CLINIC,"내과, 가정의학과","강원특별자치도 춘천시 중앙로 82-1, (중앙로2가)",춘천시,중앙로,37.8785081,127.7251396,033-252-2345,,,,0,0,0,NONE
H00797,춘천우리마취통증의학과의원,CLINIC,"내과, 가정의학과","강원특별자치도 춘천시 영서로 2779, 3층 2호 (우두동, 낙원빌딩)",춘천시,영서로,37.9013552,127.7284277,033-241-6955,,,,0,0,0,NONE
H00798,춘천정신건강의학과의원,CLINIC,"내과, 가정의학과","강원특별자치도 춘천시 퇴계로 184, (석사동)",춘천시,퇴계로,37.8573471,127.7391206,033-264-0507,,,,0,0,0,NONE
H00799,춘천채안과의원,CLINIC,"내과, 가정의학과","강원특별자치도 춘천시 중앙로 69-1, (중앙로2가)",춘천시,중앙로,37.8790396,127.7263742,033-254-2684,,,,0,0,0,NONE
H00800,춘천탑정형외과의원,CLINIC,"내과, 가정의학과","강원특별자치도 춘천시 후석로 6, 5층 (석사동)",춘천시,후석로,37.8556621,127.7391211,033-241-8275,,,,0,0,0,NONE
H00801,칠성의원,CLINIC,"내과, 가정의학과","강원특별자치도 화천군 하남면 논미로 347-11, (하남면)",화천군,하남면,38.0968527,127.6778648,033-442-6752,,,,0,0,0,NONE
H00802,쾌의원,CLINIC,"내과, 가정의학과","강원특별자치도 강릉시 율곡로 2745, 율곡빌딩 2층 (노암동)",강릉시,율곡로,37.7516869,128.9052279,033-921-9219,,,,0,0,0,NONE
H00803,퀸스영상의학과의원,CLINIC,"내과, 가정의학과","강원특별자치도 원주시 무실로12번길 24, 3층 (일산동)",원주시,무실로12번길,37.349656,127.9483257,033-733-7575,,,,0,0,0,NONE
H00804,큰나무이비인후과의원,CLINIC,"내과, 가정의학과","강원특별자치도 춘천시 방송길 104, (온의동)",춘천시,방송길,37.8675179,127.7208602,033-257-7588,,,,0,0,0,NONE
H00805,키다리소아청소년과의원,CLINIC,"내과, 가정의학과","강원특별자치도 원주시 지정면 신지정로 316-1, 302,303호",원주시,지정면,37.3822288,127.8726745,033-743-8080,,,,0,0,0,NONE
H00806,키즈메디소아청소년과의원,CLINIC,"내과, 가정의학과","강원특별자치도 홍천군 홍천읍 홍천로 326, (홍천읍)",홍천군,홍천읍,37.6880778,127.8816456,033-433-9933,,,,0,0,0,NONE
H00807,키즈메디소아청소년과의원,CLINIC,"내과, 가정의학과","강원특별자치도 원주시 능라동길 61, (무실동)",원주시,능라동길,37.3341487,127.9312335,033-742-0707,,,,0,0,0,NONE
H00808,킴스여성의원,CLINIC,"내과, 가정의학과","강원특별자치도 속초시 동해대로 4288, 3층 (교동)",속초시,동해대로,38.1988717,128.5724665,033-635-3525,,,,0,0,0,NONE
H00809,타토아의원,CLINIC,"내과, 가정의학과","강원특별자치도 원주시 서원대로 408, 3층 (단구동)",원주시,서원대로,37.3299891,127.9500079,033-766-0211,,,,0,0,0,NONE
H00810,타토아의원 강릉점,CLINIC,"내과, 가정의학과","강원특별자치도 강릉시 율곡로 2827, 4층 (옥천동)",강릉시,율곡로,37.7565441,128.8982458,033-646-5055,,,,0,0,0,NONE
H00811,탁내과의원,CLINIC,"내과, 가정의학과","강원특별자치도 동해시 천곡로 68, 204호 (천곡동)",동해시,천곡로,37.5232812,129.1128123,033-532-7100,,,,0,0,0,NONE
H00812,탑정형외과의원,CLINIC,"내과, 가정의학과","강원특별자치도 원주시 봉화로 31, 시재메디타워 (단계동)",원주시,봉화로,37.3473021,127.9283387,15997501,,,,0,0,0,NONE
H00813,태백밝은안과의원,CLINIC,"내과, 가정의학과","강원특별자치도 태백시 황지로 169, (황지동)",태백시,황지로,37.1734339,128.9910273,033-554-0071,,,,0,0,0,NONE
H00814,태장고려의원,CLINIC,"내과, 가정의학과","강원특별자치도 원주시 치악로 2031, (태장동)",원주시,치악로,37.3610894,127.9604654,033-748-7570,,,,0,0,0,NONE
H00815,톡스앤필의원 원주점,CLINIC,"내과, 가정의학과","강원특별자치도 원주시 서원대로 162, 3층 302호 (단계동)",원주시,서원대로,37.3438737,127.9293537,033-735-7999,,,,0,0,0,NONE
H00816,튼튼소아청소년과의원,CLINIC,"내과, 가정의학과","강원특별자치도 태백시 서황지로 4, 한마음산부인과 3층 (황지동)",태백시,서황지로,37.1719974,128.9901659,,,,,0,0,0,NONE
H00817,튼튼소아청소년과의원,CLINIC,"내과, 가정의학과","강원특별자치도 양구군 양구읍 사명길 50-10, (양구읍)",양구군,양구읍,38.1043556,127.9887111,033-482-8275,,,,0,0,0,NONE
H00818,튼튼정형외과의원,CLINIC,"내과, 가정의학과","강원특별자치도 춘천시 춘천로 68, 1, 2층 (효자동)",춘천시,춘천로,37.8702921,127.7250159,033-254-7300,,,,0,0,0,NONE
H00819,팀하트의원,CLINIC,"내과, 가정의학과","강원특별자치도 춘천시 경춘로 2354, 2층 (온의동)",춘천시,경춘로,37.8636757,127.7201087,033-253-3881,,,,0,0,0,NONE
H00820,파란소아청소년과의원,CLINIC,"내과, 가정의학과","강원특별자치도 강릉시 선수촌로 64-3, 유천이스턴빌딩 2층 202호 (홍제동)",강릉시,선수촌로,37.7568689,128.8706925,033-645-3165,,,,0,0,0,NONE
H00821,파인땡큐앤드유외과의원,CLINIC,"내과, 가정의학과","강원특별자치도 원주시 시청로 98, 4층 (무실동)",원주시,시청로,37.335933,127.9287734,033-745-7800,,,,0,0,0,NONE
H00822,파티마의원,CLINIC,"내과, 가정의학과","강원특별자치도 춘천시 후석로 16, (석사동)",춘천시,후석로,37.8564431,127.7399401,033-263-3055,,,,0,0,0,NONE
H00823,페런트 연합의원,CLINIC,"내과, 가정의학과","강원특별자치도 원주시 능라동길 63, 7층 (무실동)",원주시,능라동길,37.3337632,127.9309639,033-743-3113,,,,0,0,0,NONE
H00824,편안한마취통증의학과의원,CLINIC,"내과, 가정의학과","강원특별자치도 원주시 남원로 671, 4층 (명륜동)",원주시,남원로,37.3424591,127.9544838,033-766-8275,,,,0,0,0,NONE
H00825,편하지의원,CLINIC,"내과, 가정의학과","강원특별자치도 원주시 시청로 25, 태성프라자 602~603호 (무실동)",원주시,시청로,37.3404422,127.923086,033-813-0777,,,,0,0,0,NONE
H00826,편한의원,CLINIC,"내과, 가정의학과","강원특별자치도 평창군 대화면 대화1길 17, (대화면)",평창군,대화면,37.4989599,128.4546736,033-333-6114,,,,0,0,0,NONE
H00827,평창의원,CLINIC,"내과, 가정의학과","강원특별자치도 평창군 평창읍 평창중앙로 47, (평창읍)",평창군,평창읍,37.3681484,128.3952832,033-334-8877,,,,0,0,0,NONE
H00828,포인트피부과의원,CLINIC,"내과, 가정의학과","강원특별자치도 춘천시 금강로 69, (조양동)",춘천시,금강로,37.8791348,127.7292441,033-252-9700,,,,0,0,0,NONE
H00829,푸른내과의원,CLINIC,"내과, 가정의학과","강원특별자치도 강릉시 금성로22번길 10, (금학동)",강릉시,금성로22번길,37.7547463,128.8976279,033-648-9878,,,,0,0,0,NONE
H00830,푸른솔의원,CLINIC,"내과, 가정의학과","강원특별자치도 원주시 천사로 50, 2층 (단계동)",원주시,천사로,37.3475681,127.9309947,033-747-8259,,,,0,0,0,NONE
H00831,퓨어린의원 춘천점,CLINIC,"내과, 가정의학과","강원특별자치도 춘천시 춘천로 7, 스카이에비뉴 빌딩 2층 202,203호 (온의동)",춘천시,춘천로,37.8660069,127.7208897,033-251-9300,,,,0,0,0,NONE
H00832,피부사랑피부과의원,CLINIC,"내과, 가정의학과","강원특별자치도 춘천시 영서로 2341, 6층 (온의동)",춘천시,영서로,37.8683518,127.7158638,033-241-0094,,,,0,0,0,NONE
H00833,피어라의원,CLINIC,"내과, 가정의학과","강원특별자치도 원주시 지정면 신지정로 172, 현대프라자 3층",원주시,지정면,37.3744349,127.8776795,033-731-0333,,,,0,0,0,NONE
H00834,하나내과의원,CLINIC,"내과, 가정의학과","강원특별자치도 춘천시 후석로 355, (후평동)",춘천시,후석로,37.8824913,127.7477797,033-248-7532,,,,0,0,0,NONE
H00835,하나내과의원,CLINIC,"내과, 가정의학과","강원특별자치도 원주시 치악로 1527, 판부농협하나로마트 2층 (관설동)",원주시,치악로,37.3202105,127.9648052,033-763-9080,,,,0,0,0,NONE
H00836,하나산부인과의원,CLINIC,"내과, 가정의학과","강원특별자치도 강릉시 강릉대로 385, (포남동)",강릉시,강릉대로,37.7691299,128.9078428,033-651-6008,,,,0,0,0,NONE
H00837,하나의원,CLINIC,"내과, 가정의학과","강원특별자치도 춘천시 후석로 355, (후평동, 지하1층, 2,3,4,6층)",춘천시,후석로,37.8824913,127.7477797,033-248-7500,,,,0,0,0,NONE
H00838,하나의원,CLINIC,"내과, 가정의학과","강원특별자치도 정선군 고한읍 고한로 191, (고한읍)",정선군,고한읍,37.1988483,128.8559611,033-592-7957,,,,0,0,0,NONE
H00839,하나통증의학과의원,CLINIC,"내과, 가정의학과","강원특별자치도 동해시 천곡로 76, 4층 401호 (천곡동)",동해시,천곡로,37.5229022,129.1132361,033-533-3275,,,,0,0,0,NONE
H00840,하늘빛 정신건강의학과 의원,CLINIC,"내과, 가정의학과","강원특별자치도 원주시 능라동길 61, 5층 (무실동, 정한타워)",원주시,능라동길,37.3341487,127.9312335,033-743-7975,,,,0,0,0,NONE
H00841,하니유외과의원,CLINIC,"내과, 가정의학과","강원특별자치도 원주시 영랑길 14-2, 청연재 빌딩 3층 (행구동)",원주시,영랑길,37.3410021,127.9717075,033-900-6075,,,,0,0,0,NONE
H00842,하얀나라피부과의원,CLINIC,"내과, 가정의학과","강원특별자치도 속초시 동해대로 4215, 3층 (교동)",속초시,동해대로,38.1952331,128.5772842,033-635-1664,,,,0,0,0,NONE
H00843,하이맨비뇨기과의원,CLINIC,"내과, 가정의학과","강원특별자치도 원주시 봉화로 12, (단계동)",원주시,봉화로,37.3455345,127.9286623,033-733-3744,,,,0,0,0,NONE
H00844,학교법인상지학원부설상지푸른의원,CLINIC,"내과, 가정의학과","강원특별자치도 원주시 상지대길 80, 상지대학교부속상지한방병원 (우산동)",원주시,상지대길,37.3704256,127.9342834,033-741-9235,,,,0,0,0,NONE
H00845,한국건강관리협회건강증진의원,CLINIC,"내과, 가정의학과","강원특별자치도 춘천시 남춘로 50, 한국건강관리협회 신청사 1-6층 (효자동)",춘천시,남춘로,37.865212,127.7328565,033-260-0800,,,,0,0,0,NONE
H00846,한국의원,CLINIC,"내과, 가정의학과","강원특별자치도 태백시 황지로 89, (황지동)",태백시,황지로,37.1668345,128.9916666,033-552-0355,,,,0,0,0,NONE
H00847,한국한센복지협회강원도지부부설복지의원,CLINIC,"내과, 가정의학과","강원특별자치도 원주시 원일로 155, (일산동)",원주시,원일로,37.3523412,127.9464921,033-742-8718,,,,0,0,0,NONE
H00848,한기철내과의원,CLINIC,"내과, 가정의학과","강원특별자치도 강릉시 솔올로 25, 3층 (교동, 현진빌딩)",강릉시,솔올로,37.7642131,128.8776272,033-641-6714,,,,0,0,0,NONE
H00849,한내과의원,CLINIC,"내과, 가정의학과","강원특별자치도 정선군 정선읍 정선로 1350, (정선읍)",정선군,정선읍,37.3796089,128.6640004,033-563-0162,,,,0,0,0,NONE
H00850,한독의원,CLINIC,"내과, 가정의학과","강원특별자치도 태백시 황지로 208, (황지동)",태백시,황지로,37.1761116,128.9883107,033-552-8877,,,,0,0,0,NONE
H00851,한림내과의원,CLINIC,"내과, 가정의학과","강원특별자치도 홍천군 홍천읍 홍천로 316, 3층",홍천군,홍천읍,37.6882611,127.8802984,033-435-8275,,,,0,0,0,NONE
H00852,한림성심의원,CLINIC,"내과, 가정의학과","강원특별자치도 화천군 사내면 사내로5길 16-1, (한림성심의원)",화천군,사내면,38.0710401,127.5204173,033-441-1175,,,,0,0,0,NONE
H00853,한림의원,CLINIC,"내과, 가정의학과","강원특별자치도 고성군 간성읍 간성로 56, 56",고성군,간성읍,38.3794895,128.4688756,033-682-7575,,,,0,0,0,NONE
H00854,한림의원,CLINIC,"내과, 가정의학과","강원특별자치도 인제군 북면 원통로 218, (북면)",인제군,북면,38.1242119,128.2075319,033-462-4261,,,,0,0,0,NONE
H00855,한림정형외과의원,CLINIC,"내과, 가정의학과","강원특별자치도 강릉시 주문진읍 주문로 64, (주문진읍)",강릉시,주문진읍,37.8896425,128.826079,033-661-6119,,,,0,0,0,NONE
H00856,한림중앙의원,CLINIC,"내과, 가정의학과","강원특별자치도 홍천군 홍천읍 꽃뫼로 79, 79",홍천군,홍천읍,37.6913269,127.8824762,033-432-0911,,,,0,0,0,NONE
H00857,한림피부과의원,CLINIC,"내과, 가정의학과","강원특별자치도 춘천시 후석로 7, 2층 (석사동)",춘천시,후석로,37.8563129,127.7389389,033-263-6263,,,,0,0,0,NONE
H00858,한마음 소아청소년과의원,CLINIC,"내과, 가정의학과","강원특별자치도 춘천시 후석로 326, 5층 (후평동)",춘천시,후석로,37.880073,127.7501374,033-241-3667,,,,0,0,0,NONE
H00859,한마음산부인과의원,CLINIC,"내과, 가정의학과","강원특별자치도 태백시 서황지로 4, (황지동)",태백시,서황지로,37.1719974,128.9901659,033-553-6901,,,,0,0,0,NONE
H00860,한마음연합의원,CLINIC,"내과, 가정의학과","강원특별자치도 춘천시 보안길 65, (후평동, 503호,504호)",춘천시,보안길,37.8801477,127.7503481,033-243-7550,,,,0,0,0,NONE
H00861,한마음의원,CLINIC,"내과, 가정의학과","강원특별자치도 철원군 서면 와수1로 16, (서면)",철원군,서면,38.2382973,127.4369574,033-458-5777,,,,0,0,0,NONE
H00862,한마음의원,CLINIC,"내과, 가정의학과","강원특별자치도 고성군 간성읍 간성로 23, 2층",고성군,간성읍,38.3786616,128.4723494,033-681-9076,,,,0,0,0,NONE
H00863,한비뇨기과의원,CLINIC,"내과, 가정의학과","강원특별자치도 홍천군 홍천읍 홍천로3길 9, 2층",홍천군,홍천읍,37.6894321,127.8801298,033-434-8597,,,,0,0,0,NONE
H00864,한빛소아청소년과의원,CLINIC,"내과, 가정의학과","강원특별자치도 원주시 태장둔치길 41-1, (태장동)",원주시,태장둔치길,37.3840035,127.9519942,033-743-3388,,,,0,0,0,NONE
H00865,한빛안과의원,CLINIC,"내과, 가정의학과","강원특별자치도 강릉시 경강로 2100, 신영빌딩2관 6층 (임당동)",강릉시,경강로,37.7547828,128.8966951,033-642-6429,,,,0,0,0,NONE
H00866,한빛의원,CLINIC,"내과, 가정의학과","강원특별자치도 태백시 장성로 32, (장성동)",태백시,장성로,37.1020126,129.0092972,033-581-7580,,,,0,0,0,NONE
H00867,한빛의원,CLINIC,"내과, 가정의학과","강원특별자치도 춘천시 사우로 38, 태영빌딩 2층 (사농동)",춘천시,사우로,37.9066785,127.7287809,033-263-6190,,,,0,0,0,NONE
H00868,한빛이비인후과의원,CLINIC,"내과, 가정의학과","강원특별자치도 원주시 시청로 36, (무실동)",원주시,시청로,37.3391898,127.9236214,033-761-5002,,,,0,0,0,NONE
H00869,한사랑내과의원,CLINIC,"내과, 가정의학과","강원특별자치도 양구군 양구읍 사명길 123, (양구읍)",양구군,양구읍,38.1078248,127.9883258,033-481-3566,,,,0,0,0,NONE
H00870,한사랑의원,CLINIC,"내과, 가정의학과","강원특별자치도 인제군 인제읍 인제로193번길 1, 1",인제군,인제읍,38.068985,128.1716909,033-462-2223,,,,0,0,0,NONE
H00871,한사랑의원,CLINIC,"내과, 가정의학과","강원특별자치도 평창군 진부면 청송로 104, (진부면)",평창군,진부면,37.6365414,128.5577626,033-335-0222,,,,0,0,0,NONE
H00872,한세의원,CLINIC,"내과, 가정의학과","강원특별자치도 춘천시 효자로 127, (효자동)",춘천시,효자로,37.8740709,127.734247,033-254-4939,,,,0,0,0,NONE
H00873,한소아과의원,CLINIC,"내과, 가정의학과","강원특별자치도 동해시 천곡로 86-2, 대륜빌딩 2층 (천곡동)",동해시,천곡로,37.5228662,129.1150224,033-531-6247,,,,0,0,0,NONE
H00874,한솔내과의원,CLINIC,"내과, 가정의학과","강원특별자치도 강릉시 하평길 46, (포남동)",강릉시,하평길,37.7700803,128.9136161,033-653-7588,,,,0,0,0,NONE
H00875,한양정태열의원,CLINIC,"내과, 가정의학과","강원특별자치도 원주시 태장둔치길 55, 3층 (태장동)",원주시,태장둔치길,37.3839794,127.9535652,033-748-7582,,,,0,0,0,NONE
H00876,한피부과의원,CLINIC,"내과, 가정의학과","강원특별자치도 춘천시 후석로 304, (후평동)",춘천시,후석로,37.8784031,127.751335,033-253-3457,,,,0,0,0,NONE
H00877,함경종정형외과의원,CLINIC,"내과, 가정의학과","강원특별자치도 원주시 평원로 52, (평원동)",원주시,평원로,37.3506768,127.9515139,033-732-0700,,,,0,0,0,NONE
H00878,함께하는 정신건강의학과 의원,CLINIC,"내과, 가정의학과","강원특별자치도 춘천시 동내면 춘천순환로 58, 5층",춘천시,동내면,37.8551213,127.7503301,033-261-1239,,,,0,0,0,NONE
H00879,햇살따뜻한의원,CLINIC,"내과, 가정의학과","강원특별자치도 춘천시 경춘로 2353, 5층 (온의동, 이마트)",춘천시,경춘로,37.8637836,127.7186205,033-242-2553,,,,0,0,0,NONE
H00880,햇살정신건강의학과의원,CLINIC,"내과, 가정의학과","강원특별자치도 강릉시 경강로 2110, 4층 (임당동, 동아빌딩)",강릉시,경강로,37.7553336,128.8976716,033-643-7711,,,,0,0,0,NONE
H00881,행복누리산부인과의원,CLINIC,"내과, 가정의학과","강원특별자치도 강릉시 경강로 2109, 5층 (임당동)",강릉시,경강로,37.7556928,128.8972549,033-641-6680,,,,0,0,0,NONE
H00882,행복한내과의원,CLINIC,"내과, 가정의학과","강원특별자치도 강릉시 성덕포남로 66, 나동 3층 (입암동)",강릉시,성덕포남로,37.7606812,128.9184833,033-653-8767,,,,0,0,0,NONE
H00883,행복한소아청소년과의원,CLINIC,"내과, 가정의학과","강원특별자치도 강릉시 성덕포남로182번길 46, (포남동)",강릉시,성덕포남로182번길,37.7700173,128.9133402,033-652-4650,,,,0,0,0,NONE
H00884,허남현내과의원,CLINIC,"내과, 가정의학과","강원특별자치도 춘천시 지석로 11, 2층 (퇴계동)",춘천시,지석로,37.8535241,127.7375259,033-263-5010,,,,0,0,0,NONE
H00885,현대연합의원,CLINIC,"내과, 가정의학과","강원특별자치도 춘천시 중앙로 136, (소양로4가)",춘천시,중앙로,37.876118,127.7201096,033-243-7585,,,,0,0,0,NONE
H00886,현대의원,CLINIC,"내과, 가정의학과","강원특별자치도 태백시 광장로 13, 현대의원 (황지동)",태백시,광장로,37.1775388,128.9855057,033-553-0177,,,,0,0,0,NONE
H00887,현대의원,CLINIC,"내과, 가정의학과","강원특별자치도 춘천시 행촌로 14, 상가동 205호 (퇴계동, 현대2차아파트 )",춘천시,행촌로,37.8577849,127.7236676,033-242-2231,,,,0,0,0,NONE
H00888,현대정형외과의원,CLINIC,"내과, 가정의학과","강원특별자치도 춘천시 후석로 10, (석사동)",춘천시,후석로,37.8559755,127.7394165,033-262-6300,,,,0,0,0,NONE
H00889,현대통증의학과의원,CLINIC,"내과, 가정의학과","강원특별자치도 속초시 중앙로 20, A동 301호 (교동)",속초시,중앙로,38.1982739,128.5795054,033-637-2332,,,,0,0,0,NONE
H00890,혜현의원,CLINIC,"내과, 가정의학과","강원특별자치도 강릉시 주문진읍 주문로 113, (주문진읍)",강릉시,주문진읍,37.8938272,128.8274198,033-661-2325,,,,0,0,0,NONE
H00891,호산부인과의원,CLINIC,"내과, 가정의학과","강원특별자치도 춘천시 퇴계로 189, (석사동)",춘천시,퇴계로,37.8575025,127.7398383,033-264-1700,,,,0,0,0,NONE
H00892,호산외과의원,CLINIC,"내과, 가정의학과","강원특별자치도 홍천군 남면 양덕원2길 19, (남면)",홍천군,남면,37.6168203,127.7686344,033-432-9387,,,,0,0,0,NONE
H00893,호산의원,CLINIC,"내과, 가정의학과","강원특별자치도 삼척시 원덕읍 호산2길 58, (원덕읍)",삼척시,원덕읍,37.1743503,129.3355038,033-575-7573,,,,0,0,0,NONE
H00894,홍&권이비인후과의원,CLINIC,"내과, 가정의학과","강원특별자치도 원주시 중앙로 105, 2층,3층 (중앙동)",원주시,중앙로,37.3494603,127.9506579,033-735-7707,,,,0,0,0,NONE
H00895,홍내과의원,CLINIC,"내과, 가정의학과","강원특별자치도 강릉시 금성로 18, (금학동)",강릉시,금성로,37.7544549,128.8984796,033-643-5007,,,,0,0,0,NONE
H00896,홍내과의원,CLINIC,"내과, 가정의학과","강원특별자치도 춘천시 보안길 70-2, (후평동)",춘천시,보안길,37.8805741,127.7503936,033-244-7722,,,,0,0,0,NONE
H00897,홍성국신경정신과의원,CLINIC,"내과, 가정의학과","강원특별자치도 원주시 원일로 150-1, (학성동)",원주시,원일로,37.3520697,127.9471916,033-743-5356,,,,0,0,0,NONE
H00898,홍영기비뇨기과의원,CLINIC,"내과, 가정의학과","강원특별자치도 속초시 동해대로 4177, 2층 (조양동)",속초시,동해대로,38.1921319,128.5785904,033-633-0696,,,,0,0,0,NONE
H00899,홍정안외과의원,CLINIC,"내과, 가정의학과","강원특별자치도 동해시 중앙로 237, 4층 (천곡동, 삼양골든상가)",동해시,중앙로,37.5220356,129.113774,033-535-0959,,,,0,0,0,NONE
H00900,홍천연세안과의원,CLINIC,"내과, 가정의학과","강원특별자치도 홍천군 홍천읍 홍천로 318, 3층",홍천군,홍천읍,37.6882798,127.8805521,033-435-9009,,,,0,0,0,NONE
H00901,홍현일내과의원,CLINIC,"내과, 가정의학과","강원특별자치도 강릉시 경강로 2110, 3층 (임당동, 동아빌딩)",강릉시,경강로,37.7553336,128.8976716,033-648-2571,,,,0,0,0,NONE
H00902,화인가정의원,CLINIC,"내과, 가정의학과","강원특별자치도 원주시 지정면 신지정로 322-1, 303,304호",원주시,지정면,37.3824014,127.8731714,033-735-1111,,,,0,0,0,NONE
H00903,화인비뇨기과의원,CLINIC,"내과, 가정의학과","강원특별자치도 강릉시 경강로 2109, 2층 (임당동, 문선빌딩)",강릉시,경강로,37.7556928,128.8972549,033-655-0030,,,,0,0,0,NONE
H00904,화천내과의원,CLINIC,"내과, 가정의학과","강원특별자치도 화천군 화천읍 중앙로 19-1, (화천읍)",화천군,화천읍,38.1042722,127.7064708,033-442-8001,,,,0,0,0,NONE
H00905,화천연세의원,CLINIC,"내과, 가정의학과","강원특별자치도 화천군 화천읍 중앙로2길 41-8, (화천읍)",화천군,화천읍,38.1030399,127.7042091,033-441-3800,,,,0,0,0,NONE
H00906,황이비인후과의원,CLINIC,"내과, 가정의학과","강원특별자치도 홍천군 홍천읍 홍천로 356, ((3층))",홍천군,홍천읍,37.688697,127.8850218,033-432-7873,,,,0,0,0,NONE
H00907,황효섭비뇨기과의원,CLINIC,"내과, 가정의학과","강원특별자치도 춘천시 중앙로 88, (중앙로2가)",춘천시,중앙로,37.8781595,127.7247114,033-252-7050,,,,0,0,0,NONE
H00908,횡계고려의원,CLINIC,"내과, 가정의학과","강원특별자치도 평창군 대관령면 대관령로 104, (대관령면)",평창군,대관령면,37.6721407,128.7081932,033-335-0811,,,,0,0,0,NONE
H00909,횡계의원,CLINIC,"내과, 가정의학과","강원특별자치도 평창군 대관령면 축제길 40, (대관령면)",평창군,대관령면,37.6717356,128.7079749,033-336-8052,,,,0,0,0,NONE
H00910,횡성내과의원,CLINIC,"내과, 가정의학과","강원특별자치도 횡성군 횡성읍 태기로 35, (횡성읍)",횡성군,횡성읍,37.4911461,127.987483,033-344-8275,,,,0,0,0,NONE
H00911,횡성스마일정형외과의원,CLINIC,"내과, 가정의학과","강원특별자치도 횡성군 횡성읍 횡성로 371, (횡성벨라시티)",횡성군,횡성읍,37.4865208,127.9839157,033-345-9110,,,,0,0,0,NONE
H00912,횡성정형외과의원,CLINIC,"내과, 가정의학과","강원특별자치도 횡성군 횡성읍 태기로19번길 14, (횡성읍)",횡성군,횡성읍,37.4917101,127.986448,033-343-5337,,,,0,0,0,NONE
H00913,횡성중앙의원,CLINIC,"내과, 가정의학과","강원특별자치도 횡성군 횡성읍 문정로 17, (횡성읍)",횡성군,횡성읍,37.4900747,127.985568,033-345-2233,,,,0,0,0,NONE
H00914,효성신경외과의원,CLINIC,"내과, 가정의학과","강원특별자치도 원주시 서원대로 509, (단구동)",원주시,서원대로,37.3250383,127.9595519,033-761-7582,,,,0,0,0,NONE
H00915,효자한림의원,CLINIC,"내과, 가정의학과","강원특별자치도 춘천시 춘천로 181, (운교동)",춘천시,춘천로,37.8767383,127.7343186,033-242-7581,,,,0,0,0,NONE
H00916,후평성심의원,CLINIC,"내과, 가정의학과","강원특별자치도 춘천시 춘천로296번길 3, (후평동)",춘천시,춘천로296번길,37.8810336,127.7461598,033-256-3638,,,,0,0,0,NONE
H00917,흥업성모의원,CLINIC,"내과, 가정의학과","강원특별자치도 원주시 흥업면 남원로 76, (흥업면)",원주시,흥업면,37.3028412,127.9203165,033-765-2275,,,,0,0,0,NONE
H00918,희망정형외과의원,CLINIC,"내과, 가정의학과","강원특별자치도 원주시 시청로 84, 4층 (무실동, 애드피아빌딩)",원주시,시청로,37.3363835,127.9280559,033-743-2575,,,,0,0,0,NONE
H00919,희망찬여성의원,CLINIC,"내과, 가정의학과","강원특별자치도 원주시 혁신로 39-1, 3, 4층 (반곡동)",원주시,혁신로,37.3242341,127.9791195,033-733-2888,,,,0,0,0,NONE
H00920,강원대학교치과병원,DENTAL,"치과, 구강악안면외과, 치과보철과, 치과교정과, 치주과, 치과보존과","강원특별자치도 강릉시 죽헌길 7,  (지변동)",강릉시,죽헌길,37.7706675,128.8701111,033-640-3114,,,,0,0,0,NONE
H00921,그랜드치과병원,DENTAL,"치과, 구강악안면외과, 치과보철과, 치과교정과, 치주과, 치과보존과","강원특별자치도 원주시 서원대로 188, (단계동)",원주시,서원대로,37.3437392,127.9321635,033-732-6000,,,,0,0,0,NONE
H00922,서울매일치과병원,DENTAL,"치과, 구강악안면외과, 치과보철과, 치과교정과, 치주과, 치과보존과","강원특별자치도 원주시 만대공원길 59-0,  4~6층 (무실동)",원주시,만대공원길,37.3394268,127.9247117,033-812-2882,,,,0,0,0,NONE
H00923,위덴치과병원,DENTAL,"치과, 구강악안면외과, 치과보철과, 치과교정과, 치주과, 치과보존과","강원특별자치도 속초시 동해대로 4236, (교동)",속초시,동해대로,38.1977477,128.5775676,033-1877-7007,,,,0,0,0,NONE
H00924,28지킴이치과의원,DENTAL,치과,"강원특별자치도 원주시 봉화로 16, (단계동)",원주시,봉화로,37.3459695,127.9288427,033-747-2891,,,,0,0,0,NONE
H00925,365시에스치과의원,DENTAL,치과,"강원특별자치도 춘천시 후석로 294, 4층 1,2호 (후평동)",춘천시,후석로,37.8775952,127.7520118,033-244-7528,,,,0,0,0,NONE
H00926,NY드림치과의원,DENTAL,치과,"강원특별자치도 춘천시 지석로 80, 5층 (퇴계동)",춘천시,지석로,37.8504889,127.7437664,033-269-7555,,,,0,0,0,NONE
H00927,e-플란트미래치과의원,DENTAL,치과,"강원특별자치도 원주시 서원대로 383, 4층 (개운동, 한신플라자)",원주시,서원대로,37.3319866,127.9486022,033-764-7528,,,,0,0,0,NONE
H00928,e조은치과의원,DENTAL,치과,"강원특별자치도 춘천시 영서로 2333, (온의동)",춘천시,영서로,37.8677841,127.7162905,033-242-2877,,,,0,0,0,NONE
H00929,e플러스치과의원,DENTAL,치과,"강원특별자치도 강릉시 경강로 2120, 5층 (옥천동, 씨네몰)",강릉시,경강로,37.7556996,128.8986261,033-643-8275,,,,0,0,0,NONE
H00930,가인치과의원,DENTAL,치과,"강원특별자치도 강릉시 경강로 2091, (임당동)",강릉시,경강로,37.7546803,128.8956443,033-647-8222,,,,0,0,0,NONE
H00931,강남 스마일 치과의원,DENTAL,치과,"강원특별자치도 철원군 동송읍 금학로 229, 현대빌딩 4층",철원군,동송읍,38.2089055,127.217289,033-455-2829,,,,0,0,0,NONE
H00932,강남S치과의원,DENTAL,치과,"강원특별자치도 춘천시 경춘로 2362, 4층 (온의동)",춘천시,경춘로,37.8642732,127.7205718,033-244-1640,,,,0,0,0,NONE
H00933,강남후생치과의원,DENTAL,치과,"강원특별자치도 원주시 북원로 2706, 2층 (태장동)",원주시,북원로,37.3850834,127.9479381,033-746-2827,,,,0,0,0,NONE
H00934,강릉바른이치과의원,DENTAL,치과,"강원특별자치도 강릉시 경강로 2092, (금학동)",강릉시,경강로,37.7543463,128.895931,033-648-0212,,,,0,0,0,NONE
H00935,강릉사과나무치과의원,DENTAL,치과,"강원특별자치도 강릉시 교동광장로 103, 4층 (교동)",강릉시,교동광장로,37.7651089,128.8762283,033-643-0340,,,,0,0,0,NONE
H00936,강릉에이스치과의원,DENTAL,치과,"강원특별자치도 강릉시 경강로 2108, 5층 (임당동)",강릉시,경강로,37.7552401,128.8974907,033-641-7522,,,,0,0,0,NONE
H00937,강릉조은이플란트치과의원,DENTAL,치과,"강원특별자치도 강릉시 경강로 2100, 3층 (임당동)",강릉시,경강로,37.7547828,128.8966951,033-642-2228,,,,0,0,0,NONE
H00938,강릉치과의원,DENTAL,치과,"강원특별자치도 강릉시 경강로 2110, 4층 (임당동, 동아빌딩)",강릉시,경강로,37.7553336,128.8976716,033-647-1107,,,,0,0,0,NONE
H00939,강수만치과의원,DENTAL,치과,"강원특별자치도 춘천시 후석로 278, (후평동)",춘천시,후석로,37.8763991,127.7527471,033-254-2069,,,,0,0,0,NONE
H00940,강치과의원,DENTAL,치과,"강원특별자치도 고성군 간성읍 간성로 34, (간성읍)",고성군,간성읍,38.3792044,128.4712948,033-681-7528,,,,0,0,0,NONE
H00941,건강한치과의원,DENTAL,치과,"강원특별자치도 원주시 건강로 21, 2층 (반곡동, 조은빌딩)",원주시,건강로,37.325568,127.9877902,033-734-2275,,,,0,0,0,NONE
H00942,경희유치과의원,DENTAL,치과,"강원특별자치도 속초시 중앙로 37, 1층 (교동)",속초시,중앙로,38.1998568,128.5807654,033-800-7172,,,,0,0,0,NONE
H00943,고성 좋은 치과의원,DENTAL,치과,"강원특별자치도 고성군 거진읍 거진길 37-1, 37",고성군,거진읍,38.4473816,128.4547489,033-682-7888,,,,0,0,0,NONE
H00944,고운미소치과의원,DENTAL,치과,"강원특별자치도 정선군 사북읍 사북2길 30, 3층 (고운미소빌딩)",정선군,사북읍,37.2278401,128.8181355,033-591-9409,,,,0,0,0,NONE
H00945,고운치과교정과치과의원,DENTAL,치과,"강원특별자치도 원주시 서원대로 408, 501,502호 (단구동, 광장빌딩)",원주시,서원대로,37.3299891,127.9500079,033-761-2804,,,,0,0,0,NONE
H00946,고은아이치과의원,DENTAL,치과,"강원특별자치도 원주시 서원대로 408, 203호 (단구동, 광장빌딩)",원주시,서원대로,37.3299891,127.9500079,033-766-7528,,,,0,0,0,NONE
H00947,고헌주치과의원,DENTAL,치과,"강원특별자치도 동해시 발한로 206, (발한동)",동해시,발한로,37.547894,129.1091305,033-533-0003,,,,0,0,0,NONE
H00948,관동치과의원,DENTAL,치과,"강원특별자치도 강릉시 범일로 604, (내곡동)",강릉시,범일로,37.7412779,128.8808217,033-642-3327,,,,0,0,0,NONE
H00949,교동치과의원,DENTAL,치과,"강원특별자치도 속초시 미시령로 3383, (교동)",속초시,미시령로,38.2067303,128.57637,033-636-2877,,,,0,0,0,NONE
H00950,구구플란트치과의원,DENTAL,치과,"강원특별자치도 춘천시 영서로 2777, 3층 (우두동)",춘천시,영서로,37.9011692,127.7284765,033-244-9901,,,,0,0,0,NONE
H00951,구용치과의원,DENTAL,치과,"강원특별자치도 속초시 동해대로 4288, 2층 (교동)",속초시,동해대로,38.1988717,128.5724665,033-632-2828,,,,0,0,0,NONE
H00952,굿모닝치과의원,DENTAL,치과,"강원특별자치도 동해시 청운1길 48, 2층 202호 (쇄운동)",동해시,청운1길,37.4859413,129.1085081,033-521-1575,,,,0,0,0,NONE
H00953,굿모닝치과의원,DENTAL,치과,"강원특별자치도 원주시 입춘로 110, 3층 307호 (반곡동)",원주시,입춘로,37.3234174,127.9816785,033-747-7527,,,,0,0,0,NONE
H00954,굿모닝치과의원,DENTAL,치과,"강원특별자치도 강릉시 하평길 56, 2층 (포남동, 우호빌딩)",강릉시,하평길,37.7697211,128.9147074,033-642-7528,,,,0,0,0,NONE
H00955,권치과의원,DENTAL,치과,"강원특별자치도 화천군 화천읍 중앙로2길 8, (화천읍)",화천군,화천읍,38.1046565,127.7046934,033-441-2550,,,,0,0,0,NONE
H00956,권혁태치과의원,DENTAL,치과,"강원특별자치도 강릉시 주문진읍 주문로 68-1, (주문진읍)",강릉시,주문진읍,37.890046,128.8260537,033-661-3342,,,,0,0,0,NONE
H00957,그랜드치과의원,DENTAL,치과,"강원특별자치도 강릉시 율곡로 2827, 5-7층 (옥천동)",강릉시,율곡로,37.7565441,128.8982458,033-653-0000,,,,0,0,0,NONE
H00958,그린치과의원,DENTAL,치과,"강원특별자치도 속초시 동해대로 4147, 비동2층 (조양동)",속초시,동해대로,38.1895574,128.5805187,033-636-7774,,,,0,0,0,NONE
H00959,근덕하나치과의원,DENTAL,치과,"강원특별자치도 삼척시 근덕면 교가1길 3, 3",삼척시,근덕면,37.3805246,129.2262273,033-572-3334,,,,0,0,0,NONE
H00960,김강용치과의원,DENTAL,치과,"강원특별자치도 홍천군 홍천읍 꽃뫼로 107, 3층",홍천군,홍천읍,37.6916667,127.8856588,033-432-2875,,,,0,0,0,NONE
H00961,김경수치과의원,DENTAL,치과,"강원특별자치도 춘천시 충열로 1, 3층 (우두동)",춘천시,충열로,37.9011582,127.7295218,033-242-2879,,,,0,0,0,NONE
H00962,김미소치과의원,DENTAL,치과,"강원특별자치도 춘천시 안마산로 224-1, (퇴계동)",춘천시,안마산로,37.8481368,127.7378634,033-264-2879,,,,0,0,0,NONE
H00963,김성권치과의원,DENTAL,치과,"강원특별자치도 춘천시 중앙로 69-1, (중앙로2가)",춘천시,중앙로,37.8790396,127.7263742,033-251-7575,,,,0,0,0,NONE
H00964,김영근치과의원,DENTAL,치과,"강원특별자치도 춘천시 중앙로67번길 18, (죽림동)",춘천시,중앙로67번길,37.8777017,127.727759,033-255-7528,,,,0,0,0,NONE
H00965,김원래치과의원,DENTAL,치과,"강원특별자치도 홍천군 홍천읍 홍천로 321, 2층 (안정스위트타워)",홍천군,홍천읍,37.6889055,127.8807723,033-434-7582,,,,0,0,0,NONE
H00966,김은겸치과의원,DENTAL,치과,"강원특별자치도 강릉시 선수촌로 73, 3층 302호 (홍제동, 유천메타폴리스1 B동)",강릉시,선수촌로,37.7575042,128.8700381,033-647-3301,,,,0,0,0,NONE
H00967,김재구치과의원,DENTAL,치과,"강원특별자치도 강릉시 경강로 2068, (성내동)",강릉시,경강로,37.7529979,128.8938376,033-643-5562,,,,0,0,0,NONE
H00968,김재원치과의원,DENTAL,치과,"강원특별자치도 춘천시 금강로 70, (조양동)",춘천시,금강로,37.8790182,127.7288067,033-253-3979,,,,0,0,0,NONE
H00969,김종호치과의원,DENTAL,치과,"강원특별자치도 태백시 황지로 178, (황지동)",태백시,황지로,37.1742071,128.9906038,033-552-1898,,,,0,0,0,NONE
H00970,김주선치과의원,DENTAL,치과,"강원특별자치도 동해시 발한로 63, (부곡동)",동해시,발한로,37.5381119,129.1019128,033-535-1515,,,,0,0,0,NONE
H00971,김치과의원,DENTAL,치과,"강원특별자치도 삼척시 진주로 8-1, (남양동, 김치과의원)",삼척시,진주로,37.4414823,129.1643222,033-574-5128,,,,0,0,0,NONE
H00972,김치과의원,DENTAL,치과,"강원특별자치도 강릉시 주문진읍 주문로 105, 2층",강릉시,주문진읍,37.8931155,128.8268917,033-662-1399,,,,0,0,0,NONE
H00973,김현진치과의원,DENTAL,치과,"강원특별자치도 태백시 번영로 351, (황지동)",태백시,번영로,37.1718502,128.9917618,033-553-2804,,,,0,0,0,NONE
H00974,김형태치과의원,DENTAL,치과,"강원특별자치도 삼척시 진주로 25, (남양동)",삼척시,진주로,37.443009,129.1637851,033-572-2875,,,,0,0,0,NONE
H00975,김화치과의원,DENTAL,치과,"강원특별자치도 철원군 서면 와수로 174, (서면)",철원군,서면,38.2389151,127.4388003,033-458-6323,,,,0,0,0,NONE
H00976,김환준치과의원,DENTAL,치과,"강원특별자치도 강릉시 경강로 2082, (임당동)",강릉시,경강로,37.7538334,128.8951953,033-643-2822,,,,0,0,0,NONE
H00977,내이플란트치과의원,DENTAL,치과,"강원특별자치도 춘천시 후석로 18, 하나빌딩 3층 (석사동)",춘천시,후석로,37.8565888,127.7400968,033-264-7528,,,,0,0,0,NONE
H00978,뉴사랑심는치과의원,DENTAL,치과,"강원특별자치도 강릉시 경강로 2109, 3층 (임당동, 문선빌딩)",강릉시,경강로,37.7556928,128.8972549,033-648-2875,,,,0,0,0,NONE
H00979,뉴욕치과의원,DENTAL,치과,"강원특별자치도 동해시 한섬로 111-7, 현진빌딩 4층 404호 (천곡동)",동해시,한섬로,37.5222543,129.1152178,,,,,0,0,0,NONE
H00980,늘좋은치과의원,DENTAL,치과,"강원특별자치도 춘천시 춘천로 197-1, 4층 (효자동, 벨몽드건물)",춘천시,춘천로,37.8771861,127.7358948,033-256-7528,,,,0,0,0,NONE
H00981,늘푸른치과의원,DENTAL,치과,"강원특별자치도 원주시 흥양로51번길 1, 2층 (태장동, 원마트)",원주시,흥양로51번길,37.3839867,127.952572,033-744-5363,,,,0,0,0,NONE
H00982,다나치과의원,DENTAL,치과,"강원특별자치도 홍천군 홍천읍 홍천로 343, 1,2,3층",홍천군,홍천읍,37.688807,127.8833965,033-433-2582,,,,0,0,0,NONE
H00983,다나치과의원,DENTAL,치과,"강원특별자치도 정선군 정선읍 봉양5길 26, 2층",정선군,정선읍,37.3794775,128.6629726,033-563-2875,,,,0,0,0,NONE
H00984,다나치과의원,DENTAL,치과,"강원특별자치도 춘천시 금강로 67-1, 2층 (조양동)",춘천시,금강로,37.879341,127.729191,033-254-9111,,,,0,0,0,NONE
H00985,다담웃음치과의원,DENTAL,치과,"강원특별자치도 원주시 지정면 신지정로 316-1, 304,305호",원주시,지정면,37.3822288,127.8726745,033-748-2275,,,,0,0,0,NONE
H00986,다람쥐키즈치과의원,DENTAL,치과,"강원특별자치도 원주시 지정면 신지정로 322, 501~504호",원주시,지정면,37.3825827,127.8724962,033-900-2800,,,,0,0,0,NONE
H00987,닥터리치과의원,DENTAL,치과,"강원특별자치도 원주시 행구로 148, 3층 (행구동)",원주시,행구로,37.341715,127.9725155,033-748-7522,,,,0,0,0,NONE
H00988,닥터유부부치과의원,DENTAL,치과,"강원특별자치도 원주시 오리현길 57, 5층 (반곡동)",원주시,오리현길,37.3386438,127.9722138,033-733-1880,,,,0,0,0,NONE
H00989,닥터준치과교정과치과의원,DENTAL,치과,"강원특별자치도 강릉시 솔올로5번길 40-1, 3층 (교동)",강릉시,솔올로5번길,37.7637508,128.8759656,033-641-2885,,,,0,0,0,NONE
H00990,닥터후치과의원,DENTAL,치과,"강원특별자치도 원주시 시청로 98, 3층 (무실동, 새봄빌딩)",원주시,시청로,37.335933,127.9287734,033-742-2875,,,,0,0,0,NONE
H00991,단계뿌리깊은치과의원,DENTAL,치과,"강원특별자치도 원주시 서원대로 165, (단계동)",원주시,서원대로,37.3444803,127.929959,033-743-4025,,,,0,0,0,NONE
H00992,대관령치과의원,DENTAL,치과,"강원특별자치도 평창군 대관령면 눈마을길 39, (부띠끄올리브 몽떼2층,202-1)",평창군,대관령면,37.6716944,128.7095868,033-336-2884,,,,0,0,0,NONE
H00993,대화치과의원,DENTAL,치과,"강원특별자치도 평창군 대화면 대화1길 20, 1층",평창군,대화면,37.4985582,128.4550975,033-335-2802,,,,0,0,0,NONE
H00994,더봄치과교정과치과의원,DENTAL,치과,"강원특별자치도 속초시 중앙로 43, 2층 (교동)",속초시,중앙로,38.2000862,128.5811885,033-800-8528,,,,0,0,0,NONE
H00995,더봄치과의원,DENTAL,치과,"강원특별자치도 춘천시 방송길 104, 2,3층 (온의동)",춘천시,방송길,37.8675179,127.7208602,033-254-2800,,,,0,0,0,NONE
H00996,동부연세치과의원,DENTAL,치과,"강원특별자치도 춘천시 충열로 32, (우두동)",춘천시,충열로,37.8984366,127.7323852,033-255-5288,,,,0,0,0,NONE
H00997,동아연세치과의원,DENTAL,치과,"강원특별자치도 춘천시 후석로228번길 5, (후평동)",춘천시,후석로228번길,37.8719369,127.7532593,033-244-2875,,,,0,0,0,NONE
H00998,동해아이온소아치과의원,DENTAL,치과,"강원특별자치도 동해시 한섬로 113-7, 송원빌딩 6층 601호 (천곡동)",동해시,한섬로,37.5223215,129.1159264,033-533-7528,,,,0,0,0,NONE
H00999,동해화이트치과의원,DENTAL,치과,"강원특별자치도 동해시 천곡로 76, 3층 301호 (천곡동, 다나빌딩)",동해시,천곡로,37.5229022,129.1132361,033-532-7532,,,,0,0,0,NONE
H01000,디지털월드치과의원,DENTAL,치과,"강원특별자치도 원주시 판부면 내남송길 103, 2층",원주시,판부면,37.3101437,127.9445558,033-761-7772,,,,0,0,0,NONE
H01001,라인치과의원,DENTAL,치과,"강원특별자치도 강릉시 경강로 2102, 3층 (임당동)",강릉시,경강로,37.7549326,128.8969302,033-647-5275,,,,0,0,0,NONE
H01002,라임치과의원,DENTAL,치과,"강원특별자치도 춘천시 후석로186번길 14, (석사동)",춘천시,후석로186번길,37.867306,127.7537849,033-264-4004,,,,0,0,0,NONE
H01003,로덴치과의원,DENTAL,치과,"강원특별자치도 춘천시 충열로 39, (우두동)",춘천시,충열로,37.8994774,127.7327187,033-241-2375,,,,0,0,0,NONE
H01004,로스윌서울이싫어내려온치과의원,DENTAL,치과,"강원특별자치도 원주시 서원대로 410, (단구동, 한솔프라자)",원주시,서원대로,37.3297852,127.9503251,033-765-2851,,,,0,0,0,NONE
H01005,로이스치과의원,DENTAL,치과,"강원특별자치도 강릉시 금성로61번길 7, 2층 (성남동)",강릉시,금성로61번길,37.7514582,128.8955459,033-641-7575,,,,0,0,0,NONE
H01006,리더스치과의원,DENTAL,치과,"강원특별자치도 원주시 봉화로 65, (단계동)",원주시,봉화로,37.3504025,127.9281711,033-742-2025,,,,0,0,0,NONE
H01007,마리치과의원,DENTAL,치과,"강원특별자치도 원주시 중평길 2, 2층 (중앙동)",원주시,중평길,37.3491017,127.9498648,033-742-8275,,,,0,0,0,NONE
H01008,마음담은치과의원,DENTAL,치과,"강원특별자치도 고성군 간성읍 간성로 40, 3층",고성군,간성읍,38.3792942,128.4706443,033-681-2275,,,,0,0,0,NONE
H01009,메디플란트치과의원,DENTAL,치과,"강원특별자치도 춘천시 후석로 352, 3층 302호 (후평동)",춘천시,후석로,37.8820972,127.7486855,033-256-3636,,,,0,0,0,NONE
H01010,메리트치과의원,DENTAL,치과,"강원특별자치도 춘천시 지석로 29, (석사동)",춘천시,지석로,37.8540945,127.7397671,033-253-8275,,,,0,0,0,NONE
H01011,메이시스치과의원,DENTAL,치과,"강원특별자치도 춘천시 퇴계로93번길 4-8, 2층 (퇴계동, 이삭빌딩)",춘천시,퇴계로93번길,37.861891,127.7316485,033-255-2003,,,,0,0,0,NONE
H01012,명인치과의원,DENTAL,치과,"강원특별자치도 고성군 간성읍 간성로 50, (간성읍)",고성군,간성읍,38.3793832,128.4696256,033-682-7528,,,,0,0,0,NONE
H01013,문막애치과의원,DENTAL,치과,"강원특별자치도 원주시 문막읍 왕건로 81, 동화빌딩 201호",원주시,문막읍,37.3266562,127.8291598,033-746-2275,,,,0,0,0,NONE
H01014,미래치과의원,DENTAL,치과,"강원특별자치도 양양군 양양읍 양양로 62, (양양읍)",양양군,양양읍,38.075549,128.6223509,033-673-2275,,,,0,0,0,NONE
H01015,미소드림치과의원,DENTAL,치과,"강원특별자치도 철원군 동송읍 금학로 247, 2층",철원군,동송읍,38.2103689,127.216385,033-455-2875,,,,0,0,0,NONE
H01016,미소디자인치과의원,DENTAL,치과,"강원특별자치도 동해시 청운1길 55, 2층 (나안동)",동해시,청운1길,37.4862811,129.1095046,033-522-2878,,,,0,0,0,NONE
H01017,미소치과의원,DENTAL,치과,"강원특별자치도 원주시 시청로 84, 3층 (무실동)",원주시,시청로,37.3363835,127.9280559,033-735-7538,,,,0,0,0,NONE
H01018,미소치과의원,DENTAL,치과,"강원특별자치도 홍천군 홍천읍 홍천로 363, (홍천읍)",홍천군,홍천읍,37.6894654,127.885674,033-436-9011,,,,0,0,0,NONE
H01019,미소치과의원,DENTAL,치과,"강원특별자치도 양구군 양구읍 양구새싹로 27, 2층",양구군,양구읍,38.1026419,127.9883863,033-481-2875,,,,0,0,0,NONE
H01020,미소치과의원,DENTAL,치과,"강원특별자치도 강릉시 성덕포남로 53, 204호 (입암동, 모닝프라자)",강릉시,성덕포남로,37.7595952,128.9189549,033-652-2275,,,,0,0,0,NONE
H01021,미소치과의원,DENTAL,치과,"강원특별자치도 고성군 간성읍 간성로 57-1, 유한철물 2층",고성군,간성읍,38.3791822,128.4685763,033-681-2875,,,,0,0,0,NONE
H01022,미시간치과의원,DENTAL,치과,"강원특별자치도 강릉시 강릉대로228번길 4, 3~4층 (임당동)",강릉시,강릉대로228번길,37.7583691,128.8955688,033-646-2875,,,,0,0,0,NONE
H01023,미치과의원,DENTAL,치과,"강원특별자치도 춘천시 영서로 2341, (온의동)",춘천시,영서로,37.8683518,127.7158638,033-252-2275,,,,0,0,0,NONE
H01024,미치과의원,DENTAL,치과,"강원특별자치도 속초시 중앙로 132, 2,3층 (금호동)",속초시,중앙로,38.2025116,128.5904542,033-637-2875,,,,0,0,0,NONE
H01025,미플란트치과의원,DENTAL,치과,"강원특별자치도 속초시 동해대로 4202, 2층 (교동)",속초시,동해대로,38.1945496,128.5790825,033-636-2275,,,,0,0,0,NONE
H01026,민치과의원,DENTAL,치과,"강원특별자치도 양양군 양양읍 군청길 73, (양양읍)",양양군,양양읍,38.0782456,128.626114,6722875,,,,0,0,0,NONE
H01027,민치과의원,DENTAL,치과,"강원특별자치도 태백시 시장북길 3, (황지동)",태백시,시장북길,37.1731035,128.9918872,033-553-3325,,,,0,0,0,NONE
H01028,믿음소망치과의원,DENTAL,치과,"강원특별자치도 속초시 중앙로 35, 2층 (교동, 장호빌딩)",속초시,중앙로,38.1996946,128.580559,033-633-3535,,,,0,0,0,NONE
H01029,믿음치과의원,DENTAL,치과,"강원특별자치도 춘천시 금강로 105, (운교동)",춘천시,금강로,37.8765071,127.7314701,033-244-0770,,,,0,0,0,NONE
H01030,믿음치과의원,DENTAL,치과,"강원특별자치도 강릉시 주문진읍 작은다리길 16, 2층",강릉시,주문진읍,37.8903275,128.8260913,,,,,0,0,0,NONE
H01031,바른길치과의원,DENTAL,치과,"강원특별자치도 원주시 북원로 2489, (우산동)",원주시,북원로,37.3666863,127.9402405,033-743-2820,,,,0,0,0,NONE
H01032,바른마음치과의원,DENTAL,치과,"강원특별자치도 강릉시 금성로42번길 14, 3층 (임당동)",강릉시,금성로42번길,37.7539903,128.8956665,033-648-3200,,,,0,0,0,NONE
H01033,바른서울효치과교정과치과의원,DENTAL,치과,"강원특별자치도 춘천시 중앙로 55, 6층 (중앙로2가)",춘천시,중앙로,37.8800321,127.7276065,033-252-7528,,,,0,0,0,NONE
H01034,바른손치과의원,DENTAL,치과,"강원특별자치도 홍천군 홍천읍 홍천로 326, 2층",홍천군,홍천읍,37.6880778,127.8816456,033-436-2275,,,,0,0,0,NONE
H01035,바른이치과교정과치과의원,DENTAL,치과,"강원특별자치도 춘천시 영서로 2341, 5층 (온의동)",춘천시,영서로,37.8683518,127.7158638,033-253-2875,,,,0,0,0,NONE
H01036,바른치과교정과치과의원,DENTAL,치과,"강원특별자치도 동해시 중앙로 229, 3층 (천곡동)",동해시,중앙로,37.5211818,129.1142632,033-535-2885,,,,0,0,0,NONE
H01037,바른치과의원,DENTAL,치과,"강원특별자치도 고성군 간성읍 간성로 24, 24",고성군,간성읍,38.3790951,128.472487,033-681-1877,,,,0,0,0,NONE
H01038,바른플란트치과의원,DENTAL,치과,"강원특별자치도 속초시 중앙로 3, 301호 (교동, 속초보광빌딩)",속초시,중앙로,38.1975885,128.5779689,033-636-1989,,,,0,0,0,NONE
H01039,박대진치과의원,DENTAL,치과,"강원특별자치도 춘천시 후석로 120, 춘천 농협 유통센터 A동 3층 301호 (석사동)",춘천시,후석로,37.8633018,127.7482199,033-256-2858,,,,0,0,0,NONE
H01040,박종화치과의원,DENTAL,치과,"강원특별자치도 삼척시 진주로 24, (남양동)",삼척시,진주로,37.4429139,129.1642713,033-573-9999,,,,0,0,0,NONE
H01041,박치과의원,DENTAL,치과,"강원특별자치도 동해시 천곡로 86-2, (천곡동)",동해시,천곡로,37.5228662,129.1150224,033-532-5869,,,,0,0,0,NONE
H01042,밝은미소경희치과의원,DENTAL,치과,"강원특별자치도 태백시 황지로 169, (황지동)",태백시,황지로,37.1734339,128.9910273,033-553-2875,,,,0,0,0,NONE
H01043,밝은미소치과의원,DENTAL,치과,"강원특별자치도 속초시 조양상가길 5, 2층 (조양동, 대웅빌딩)",속초시,조양상가길,38.1912456,128.5791852,033-638-3158,,,,0,0,0,NONE
H01044,백골치과의원,DENTAL,치과,"강원특별자치도 철원군 서면 금강로 7628, (서면)",철원군,서면,38.2008325,127.4237165,033-450-6074,,,,0,0,0,NONE
H01045,백남운치과의원,DENTAL,치과,"강원특별자치도 강릉시 경강로 2113, 2층 2호 (임당동)",강릉시,경강로,37.7559699,128.8976619,033-642-6759,,,,0,0,0,NONE
H01046,백미치과의원,DENTAL,치과,"강원특별자치도 춘천시 후석로326번길 5, (후평동)",춘천시,후석로326번길,37.8804884,127.7500921,033-243-2752,,,,0,0,0,NONE
H01047,백호치과의원,DENTAL,치과,"강원특별자치도 원주시 소초면 치악로 2367, 의무대 2층",원주시,소초면,37.3860581,127.976279,033-736-7102,,,,0,0,0,NONE
H01048,베네치아치과교정과치과의원,DENTAL,치과,"강원특별자치도 동해시 청운1길 52, 402호 (쇄운동)",동해시,청운1길,37.4859538,129.108938,033-521-2856,,,,0,0,0,NONE
H01049,베네치아치과의원,DENTAL,치과,"강원특별자치도 동해시 청운1길 52, 401호 (쇄운동)",동해시,청운1길,37.4859538,129.108938,033-521-2855,,,,0,0,0,NONE
H01050,베스트치과의원,DENTAL,치과,"강원특별자치도 원주시 단구로 398, 가온프라자 2층 201호 (단구동)",원주시,단구로,37.3214515,127.9553045,033-743-2879,,,,0,0,0,NONE
H01051,본수치과의원,DENTAL,치과,"강원특별자치도 춘천시 후석로 328, 6층 (후평동)",춘천시,후석로,37.8803824,127.7498528,033-252-7525,,,,0,0,0,NONE
H01052,본치과의원,DENTAL,치과,"강원특별자치도 원주시 일산로 61, 4층 (원동)",원주시,일산로,37.3466069,127.9500699,033-744-7414,,,,0,0,0,NONE
H01053,본치과의원,DENTAL,치과,"강원특별자치도 강릉시 입암로 157, 2층 (입암동, 제일빌딩)",강릉시,입암로,37.7597295,128.9183652,033-652-2228,,,,0,0,0,NONE
H01054,본치과의원,DENTAL,치과,"강원특별자치도 인제군 인제읍 비봉로 29, 1층",인제군,인제읍,38.0668616,128.1740922,033-462-2828,,,,0,0,0,NONE
H01055,봄봄소아치과의원,DENTAL,치과,"강원특별자치도 춘천시 안마산로 99, 3층 302호 (퇴계동)",춘천시,안마산로,37.8548892,127.7269558,033-255-2275,,,,0,0,0,NONE
H01056,봄치과의원,DENTAL,치과,"강원특별자치도 춘천시 후석로 314, (후평동)",춘천시,후석로,37.8791628,127.7507662,033-253-2877,,,,0,0,0,NONE
H01057,봉평수치과의원,DENTAL,치과,"강원특별자치도 평창군 봉평면 기풍로 150, (봉평면)",평창군,봉평면,37.615986,128.3782998,033-336-2878,,,,0,0,0,NONE
H01058,부부치과의원,DENTAL,치과,"강원특별자치도 원주시 중앙로 105, 5,6층 (중앙동)",원주시,중앙로,37.3494603,127.9506579,033-745-1880,,,,0,0,0,NONE
H01059,부부치과의원,DENTAL,치과,"강원특별자치도 평창군 대화면 대화중앙로 140-1, (대화면)",평창군,대화면,37.5015055,128.4551856,033-333-3812,,,,0,0,0,NONE
H01060,북원치과의원,DENTAL,치과,"강원특별자치도 원주시 북원로 2698-1, (태장동)",원주시,북원로,37.384405,127.947825,033-748-2584,,,,0,0,0,NONE
H01061,뿌리플란트치과의원,DENTAL,치과,"강원특별자치도 동해시 천곡로 86-2, 대륜빌딩 502호 (천곡동)",동해시,천곡로,37.5228662,129.1150224,033-534-2080,,,,0,0,0,NONE
H01062,사랑심는치과의원,DENTAL,치과,"강원특별자치도 춘천시 후석로 12, (석사동)",춘천시,후석로,37.8561315,127.7395676,033-264-2804,,,,0,0,0,NONE
H01063,사랑치과의원,DENTAL,치과,"강원특별자치도 양구군 양구읍 중앙길 12, (양구읍)",양구군,양구읍,38.1069444,127.9891035,033-480-2872,,,,0,0,0,NONE
H01064,사북연세치과의원,DENTAL,치과,"강원특별자치도 정선군 사북읍 사북중앙로 15, (사북읍)",정선군,사북읍,37.2271372,128.8164675,033-592-4455,,,,0,0,0,NONE
H01065,산악치과의원,DENTAL,치과,"강원특별자치도 인제군 기린면 기린로 28, 기린우체국(사서함116-1) 1층",인제군,기린면,37.9546738,128.3175766,033-460-7861,,,,0,0,0,NONE
H01066,삼성서울 치과교정과 치과의원,DENTAL,치과,"강원특별자치도 원주시 능라동길 51, 3층 317, 318호 (무실동)",원주시,능라동길,37.3348376,127.9301516,033-812-2888,,,,0,0,0,NONE
H01067,삼성서울치과의원,DENTAL,치과,"강원특별자치도 원주시 능라동길 51, 3층 301호 (무실동)",원주시,능라동길,37.3348376,127.9301516,033-812-2875,,,,0,0,0,NONE
H01068,상아치과의원,DENTAL,치과,"강원특별자치도 태백시 황지로 180, (황지동)",태백시,황지로,37.1743684,128.9904699,033-552-4700,,,,0,0,0,NONE
H01069,상아치과의원,DENTAL,치과,"강원특별자치도 원주시 서원대로 402, 3층 (단구동, 대신프라자)",원주시,서원대로,37.330486,127.9493095,033-763-3477,,,,0,0,0,NONE
H01070,샤인치과의원,DENTAL,치과,"강원특별자치도 원주시 봉화로 27, (단계동)",원주시,봉화로,37.3469332,127.9282649,033-744-7525,,,,0,0,0,NONE
H01071,서석중앙치과의원,DENTAL,치과,"강원특별자치도 홍천군 서석면 구룡령로 2534, 2층",홍천군,서석면,37.7121101,128.1862558,,,,,0,0,0,NONE
H01072,서울감동치과의원,DENTAL,치과,"강원특별자치도 화천군 화천읍 중앙로 14-1, (화천읍)",화천군,화천읍,38.104421,127.7055847,033-441-2875,,,,0,0,0,NONE
H01073,서울감동치과의원,DENTAL,치과,"강원특별자치도 태백시 황지로 171, 영플라자 402호 (황지동)",태백시,황지로,37.1735625,128.9906776,033-553-2828,,,,0,0,0,NONE
H01074,서울니어치과의원,DENTAL,치과,"강원특별자치도 원주시 지정면 신지정로 190, 3층 301~305호",원주시,지정면,37.3743103,127.875889,033-734-0007,,,,0,0,0,NONE
H01075,서울더바른치과의원,DENTAL,치과,"강원특별자치도 원주시 문막읍 왕건로 22, 3층 301호",원주시,문막읍,37.3220154,127.8310971,033-813-2882,,,,0,0,0,NONE
H01076,서울마음치과의원,DENTAL,치과,"강원특별자치도 홍천군 홍천읍 홍천로 376, 3층",홍천군,홍천읍,37.6893321,127.8868771,033-434-2875,,,,0,0,0,NONE
H01077,서울마음치과의원,DENTAL,치과,"강원특별자치도 영월군 영월읍 은행나무길 3, 메디컬빌딩 5층",영월군,영월읍,37.1805032,128.4661927,033-373-2882,,,,0,0,0,NONE
H01078,서울마음치과의원,DENTAL,치과,"강원특별자치도 강릉시 주문진읍 오동나무길 1, 2층",강릉시,주문진읍,37.8868696,128.8252617,033-661-2828,,,,0,0,0,NONE
H01079,서울명문치과의원,DENTAL,치과,"강원특별자치도 홍천군 홍천읍 홍천로3길 16, (홍천읍)",홍천군,홍천읍,37.6896824,127.8806945,033-436-2804,,,,0,0,0,NONE
H01080,서울명문치과의원,DENTAL,치과,"강원특별자치도 원주시 시청로 528, 202,203호 (관설동)",원주시,시청로,37.3151448,127.9659907,033-901-2285,,,,0,0,0,NONE
H01081,서울미래치과의원,DENTAL,치과,"강원특별자치도 춘천시 후석로186번길 16, 2층 (석사동)",춘천시,후석로186번길,37.867297,127.7540755,033-262-6369,,,,0,0,0,NONE
H01082,서울미소치과의원,DENTAL,치과,"강원특별자치도 삼척시 정상로 71, 3층 (교동)",삼척시,정상로,37.4481111,129.1747714,033-572-2275,,,,0,0,0,NONE
H01083,서울본치과의원,DENTAL,치과,"강원특별자치도 평창군 진부면 진부중앙로 92, 2층",평창군,진부면,37.6390962,128.5605067,033-334-2828,,,,0,0,0,NONE
H01084,서울봄치과의원,DENTAL,치과,"강원특별자치도 양구군 양구읍 중심로 196, 2층",양구군,양구읍,38.1076598,127.9893968,033-482-2828,,,,0,0,0,NONE
H01085,서울부부치과의원,DENTAL,치과,"강원특별자치도 춘천시 금강로 59, 4층 (조양동)",춘천시,금강로,37.879982,127.7285306,033-241-2275,,,,0,0,0,NONE
H01086,서울수려한치과의원,DENTAL,치과,"강원특별자치도 원주시 능라동길 61, 207호 (무실동)",원주시,능라동길,37.3341487,127.9312335,033-900-7522,,,,0,0,0,NONE
H01087,서울수치과의원,DENTAL,치과,"강원특별자치도 춘천시 동내면 공지로 76, (동내면)",춘천시,동내면,37.8541327,127.7509776,033-263-8863,,,,0,0,0,NONE
H01088,서울수치과의원,DENTAL,치과,"강원특별자치도 원주시 혁신로 53, 5층 504호 (반곡동)",원주시,혁신로,37.3234965,127.9799833,033-748-7528,,,,0,0,0,NONE
H01089,서울수치과의원,DENTAL,치과,"강원특별자치도 횡성군 횡성읍 횡성로 412, 2층",횡성군,횡성읍,37.4893885,127.9863583,033-344-2828,,,,0,0,0,NONE
H01090,서울아이브치과의원,DENTAL,치과,"강원특별자치도 춘천시 우두1길 101, (우두동)",춘천시,우두1길,37.9089597,127.7335699,033-252-2080,,,,0,0,0,NONE
H01091,서울에이스치과의원,DENTAL,치과,"강원특별자치도 원주시 태장둔치길 55, 2층 (태장동)",원주시,태장둔치길,37.3839794,127.9535652,033-746-2842,,,,0,0,0,NONE
H01092,서울열린치과의원,DENTAL,치과,"강원특별자치도 원주시 시청로 96, 영신프라자 3층 303호 (무실동)",원주시,시청로,37.3360952,127.9285031,033-744-1369,,,,0,0,0,NONE
H01093,서울우리치과의원,DENTAL,치과,"강원특별자치도 춘천시 퇴계농공로 20, (석사동)",춘천시,퇴계농공로,37.8515591,127.744223,033-264-4875,,,,0,0,0,NONE
H01094,서울원치과의원,DENTAL,치과,"강원특별자치도 양양군 양양읍 양양로 15, 2층 1호",양양군,양양읍,38.0779812,128.6265781,033-850-8228,,,,0,0,0,NONE
H01095,서울윤치과의원,DENTAL,치과,"강원특별자치도 원주시 단구로 360, 2층 (단구동)",원주시,단구로,37.3239681,127.9575628,033-761-2879,,,,0,0,0,NONE
H01096,서울인생치과의원,DENTAL,치과,"강원특별자치도 횡성군 횡성읍 한우로 306, 명품빌딩 2층",횡성군,횡성읍,37.487369,127.9866302,033-921-7979,,,,0,0,0,NONE
H01097,서울인성치과의원,DENTAL,치과,"강원특별자치도 원주시 흥업면 남원로 57, 3, 4층",원주시,흥업면,37.3014171,127.9192109,033-766-2879,,,,0,0,0,NONE
H01098,서울정플란트치과의원,DENTAL,치과,"강원특별자치도 영월군 영월읍 하송로 91, 4층",영월군,영월읍,37.1800135,128.4618314,033-372-2080,,,,0,0,0,NONE
H01099,서울치과의원,DENTAL,치과,"강원특별자치도 인제군 북면 원통로 171-1, (북면)",인제군,북면,38.1224928,128.2032235,033-462-2875,,,,0,0,0,NONE
H01100,서울치과의원,DENTAL,치과,"강원특별자치도 강릉시 주문진읍 주문로 79-1, (주문진읍)",강릉시,주문진읍,37.8910019,128.82592,033-661-8275,,,,0,0,0,NONE
H01101,서울치과의원,DENTAL,치과,"강원특별자치도 철원군 동송읍 금학로217번길 1, 2층",철원군,동송읍,38.2079795,127.2180096,033-456-0075,,,,0,0,0,NONE
H01102,서울치과의원,DENTAL,치과,"강원특별자치도 양구군 양구읍 중앙길 48, (양구읍)",양구군,양구읍,38.1053191,127.9891115,033-482-7528,,,,0,0,0,NONE
H01103,서울치과의원,DENTAL,치과,"강원특별자치도 삼척시 원덕읍 삼척로 428, 2층",삼척시,원덕읍,37.1755637,129.3366327,033-575-2754,,,,0,0,0,NONE
H01104,서울케이스웨스턴치과교정과치과의원,DENTAL,치과,"강원특별자치도 춘천시 퇴계농공로 12, (석사동, 로얄프라자 601호)",춘천시,퇴계농공로,37.8521,127.7444061,033-263-7585,,,,0,0,0,NONE
H01105,서울토론토치과의원,DENTAL,치과,"강원특별자치도 원주시 혁신로 262, 2층, 3층 (반곡동)",원주시,혁신로,37.3315431,127.9911273,033-900-2875,,,,0,0,0,NONE
H01106,서울프라임치과의원,DENTAL,치과,"강원특별자치도 동해시 발한로 197, 1층 (발한동)",동해시,발한로,37.5476051,129.1081149,033-533-0533,,,,0,0,0,NONE
H01107,서울플란트치과의원,DENTAL,치과,"강원특별자치도 원주시 지정면 신지정로 266, 401호",원주시,지정면,37.3785403,127.8705794,033-743-9944,,,,0,0,0,NONE
H01108,서울하나치과의원,DENTAL,치과,"강원특별자치도 횡성군 횡성읍 태기로 29, 1층",횡성군,횡성읍,37.4912675,127.9871049,033-342-2828,,,,0,0,0,NONE
H01109,서울홍치과의원,DENTAL,치과,"강원특별자치도 속초시 동해대로 4215, 4층 (교동)",속초시,동해대로,38.1952331,128.5772842,033-633-2782,,,,0,0,0,NONE
H01110,서울효치과의원,DENTAL,치과,"강원특별자치도 춘천시 중앙로 55, 7층 (중앙로2가)",춘천시,중앙로,37.8800321,127.7276065,033-254-7528,,,,0,0,0,NONE
H01111,서울효치과의원,DENTAL,치과,"강원특별자치도 영월군 영월읍 중앙1로 26, 서울효치과의원 2층",영월군,영월읍,37.1834034,128.4658915,033-373-2879,,,,0,0,0,NONE
H01112,선치과의원,DENTAL,치과,"강원특별자치도 속초시 청학로 37, (청학동)",속초시,청학로,38.2019894,128.5830415,033-636-2822,,,,0,0,0,NONE
H01113,성모치과의원,DENTAL,치과,"강원특별자치도 철원군 서면 와수로 164-1, (서면)",철원군,서면,38.2382267,127.4382874,033-458-2112,,,,0,0,0,NONE
H01114,세명치과의원,DENTAL,치과,"강원특별자치도 원주시 행구로 67, 2층 (봉산동)",원주시,행구로,37.3419062,127.9646703,033-747-8228,,,,0,0,0,NONE
H01115,세브란스치과의원,DENTAL,치과,"강원특별자치도 원주시 원일로115번길 13, (일산동)",원주시,원일로115번길,37.3493052,127.9475102,033-748-2842,,,,0,0,0,NONE
H01116,세정치과의원,DENTAL,치과,"강원특별자치도 춘천시 새롬공원길4번길 23, 201호 (석사동, 새순빌딩)",춘천시,새롬공원길4번길,37.8524293,127.7485388,033-252-2875,,,,0,0,0,NONE
H01117,세한치과의원,DENTAL,치과,"강원특별자치도 원주시 문막읍 문막시장1길 27, 3층",원주시,문막읍,37.3070239,127.8170192,033-735-2875,,,,0,0,0,NONE
H01118,센텀플란트치과의원,DENTAL,치과,"강원특별자치도 원주시 능라동길 70, 2층 203~206호 (무실동)",원주시,능라동길,37.3337964,127.9302031,033-731-2080,,,,0,0,0,NONE
H01119,소망치과의원,DENTAL,치과,"강원특별자치도 강릉시 교동광장로 105, (교동)",강릉시,교동광장로,37.7650697,128.876436,033-645-7525,,,,0,0,0,NONE
H01120,속초가좋아서울에서온 치과의원,DENTAL,치과,"강원특별자치도 속초시 중앙로 29, 3층 (교동, 명인빌딩)",속초시,중앙로,38.1992391,128.5798789,033-635-7475,,,,0,0,0,NONE
H01121,속초엔 엘에이치과의원,DENTAL,치과,"강원특별자치도 속초시 미시령로 3395, 2층 206호 (교동, 현대쇼핑프라자)",속초시,미시령로,38.2073912,128.5774106,033-638-7528,,,,0,0,0,NONE
H01122,속초조은이플란트치과의원,DENTAL,치과,"강원특별자치도 속초시 중앙로 8, 1층 (교동)",속초시,중앙로,38.1974434,128.5787414,033-633-8828,,,,0,0,0,NONE
H01123,송재용치과의원,DENTAL,치과,"강원특별자치도 홍천군 홍천읍 홍천로 316, 메디뱅크 2층",홍천군,홍천읍,37.6882611,127.8802984,033-434-1900,,,,0,0,0,NONE
H01124,송치과의원,DENTAL,치과,"강원특별자치도 영월군 영월읍 중앙1로 22, (영월읍)",영월군,영월읍,37.183139,128.4659333,033-373-7528,,,,0,0,0,NONE
H01125,수치과의원,DENTAL,치과,"강원특별자치도 속초시 중앙로 119, 2층 (금호동)",속초시,중앙로,38.202487,128.5890953,033-636-7528,,,,0,0,0,NONE
H01126,스마일100치과의원,DENTAL,치과,"강원특별자치도 춘천시 방송길 84, (온의동)",춘천시,방송길,37.868583,127.7180606,033-251-9922,,,,0,0,0,NONE
H01127,스마일준치과의원,DENTAL,치과,"강원특별자치도 속초시 교동로 10, 3층 (교동, 이화빌딩)",속초시,교동로,38.2002543,128.5799359,033-636-2804,,,,0,0,0,NONE
H01128,스마일치과의원,DENTAL,치과,"강원특별자치도 원주시 문막읍 문막시장1길 10, (문막읍)",원주시,문막읍,37.308288,127.8173098,033-735-2860,,,,0,0,0,NONE
H01129,스마일치과의원,DENTAL,치과,"강원특별자치도 강릉시 선수촌로 77, (홍제동)",강릉시,선수촌로,37.7578212,128.8699889,033-655-2275,,,,0,0,0,NONE
H01130,스카이치과의원,DENTAL,치과,"강원특별자치도 원주시 원일로 57, 4층 (원동, 마노벨라빌딩)",원주시,원일로,37.3472612,127.9517285,033-761-2842,,,,0,0,0,NONE
H01131,스토리치과의원,DENTAL,치과,"강원특별자치도 원주시 능라동길 61, (무실동)",원주시,능라동길,37.3341487,127.9312335,033-733-2875,,,,0,0,0,NONE
H01132,승리치과의원,DENTAL,치과,"강원특별자치도 화천군 사내면 수피령로 163, (사내면)",화천군,사내면,38.0798968,127.5217523,033-440-6980,,,,0,0,0,NONE
H01133,시몬치과의원,DENTAL,치과,"강원특별자치도 동해시 발한로 224, (발한동)",동해시,발한로,37.5496038,129.1087268,033-531-8575,,,,0,0,0,NONE
H01134,신영치과의원,DENTAL,치과,"강원특별자치도 강릉시 용지각길 11, (포남동)",강릉시,용지각길,37.7610568,128.9049786,033-648-3888,,,,0,0,0,NONE
H01135,신호드림치과의원,DENTAL,치과,"강원특별자치도 원주시 치악로 1965, (태장동)",원주시,치악로,37.3564871,127.9561979,033-735-2836,,,,0,0,0,NONE
H01136,신호드림치과의원,DENTAL,치과,"강원특별자치도 속초시 동해대로 4030, 2층 211호 (조양동, 청초프라자)",속초시,동해대로,38.1901541,128.5938514,033-636-7075,,,,0,0,0,NONE
H01137,심상현치과의원,DENTAL,치과,"강원특별자치도 춘천시 시청길10번길 4-2, (조양동)",춘천시,시청길10번길,37.8802535,127.7285455,033-244-2877,,,,0,0,0,NONE
H01138,아동치과의원,DENTAL,치과,"강원특별자치도 속초시 동해대로 4024, 306호 (조양동, 제일프라자)",속초시,동해대로,38.1902066,128.5945497,033-635-6760,,,,0,0,0,NONE
H01139,아라치과의원,DENTAL,치과,"강원특별자치도 강릉시 솔올로 25, (교동)",강릉시,솔올로,37.7642131,128.8776272,033-644-7528,,,,0,0,0,NONE
H01140,아름다운치과의원,DENTAL,치과,"강원특별자치도 동해시 중앙로 223, 3층 302호 (천곡동, 그린빌딩)",동해시,중앙로,37.520579,129.1144663,033-532-1275,,,,0,0,0,NONE
H01141,아이앤맘어린이치과의원,DENTAL,치과,"강원특별자치도 강릉시 옥가로 21, 2층 (옥천동, 지산빌딩)",강릉시,옥가로,37.7583465,128.8990071,033-643-2827,,,,0,0,0,NONE
H01142,아이온가족치과의원,DENTAL,치과,"강원특별자치도 원주시 반곡초교로 78-6, 201, 202, 203호 (반곡동)",원주시,반곡초교로,37.3348261,127.9717917,033-733-7773,,,,0,0,0,NONE
H01143,아이조아치과의원,DENTAL,치과,"강원특별자치도 원주시 입춘로 110, 207, 208호 (반곡동)",원주시,입춘로,37.3234174,127.9816785,033-743-2275,,,,0,0,0,NONE
H01144,아이조은치과의원,DENTAL,치과,"강원특별자치도 강릉시 교동광장로 115, 3층 (교동)",강릉시,교동광장로,37.7649268,128.8775335,033-642-2879,,,,0,0,0,NONE
H01145,안경민치과의원,DENTAL,치과,"강원특별자치도 속초시 중앙로 194, (동명동)",속초시,중앙로,38.207807,128.593027,033-633-7787,,,,0,0,0,NONE
H01146,안병두치과의원,DENTAL,치과,"강원특별자치도 삼척시 진주로 8, (남양동)",삼척시,진주로,37.441352,129.1643459,033-574-4020,,,,0,0,0,NONE
H01147,약손치과의원,DENTAL,치과,"강원특별자치도 강릉시 경강로 2098, 2층 (임당동, 동해칼라)",강릉시,경강로,37.75465,128.8964387,033-647-4849,,,,0,0,0,NONE
H01148,양구치과의원,DENTAL,치과,"강원특별자치도 양구군 양구읍 중앙길 26, (양구읍)",양구군,양구읍,38.1063568,127.9891457,033-481-1988,,,,0,0,0,NONE
H01149,양성진치과의원,DENTAL,치과,"강원특별자치도 평창군 진부면 진부중앙로 74-2, 2층",평창군,진부면,37.6376755,128.5592848,033-332-3132,,,,0,0,0,NONE
H01150,에뉴치과의원,DENTAL,치과,"강원특별자치도 춘천시 중앙로 62, (중앙로2가)",춘천시,중앙로,37.8798516,127.726734,033-254-3692,,,,0,0,0,NONE
H01151,에벤에셀치과의원,DENTAL,치과,"강원특별자치도 원주시 시청로 555, 2층 (관설동, 청어람빌딩)",원주시,시청로,37.317228,127.9678686,033-764-9128,,,,0,0,0,NONE
H01152,에이플러스남강치과의원,DENTAL,치과,"강원특별자치도 춘천시 지석로 11, (퇴계동)",춘천시,지석로,37.8535241,127.7375259,033-257-2875,,,,0,0,0,NONE
H01153,에이플치과의원,DENTAL,치과,"강원특별자치도 원주시 백간길 25, 2층 (단계동)",원주시,백간길,37.3520827,127.9263005,033-743-7522,,,,0,0,0,NONE
H01154,엔치과의원,DENTAL,치과,"강원특별자치도 원주시 남원로 669, 2층 (명륜동)",원주시,남원로,37.3423538,127.9543153,033-763-2866,,,,0,0,0,NONE
H01155,연세더나은치과의원,DENTAL,치과,"강원특별자치도 춘천시 안마산로 111, 3층 (퇴계동)",춘천시,안마산로,37.8564987,127.7292931,033-244-2080,,,,0,0,0,NONE
H01156,연세동해구강악안면외과치과의원,DENTAL,치과,"강원특별자치도 동해시 천곡로 51, 2층 (천곡동)",동해시,천곡로,37.5242825,129.110984,033-533-2875,,,,0,0,0,NONE
H01157,연세문막치과의원,DENTAL,치과,"강원특별자치도 원주시 문막읍 건등로 70, 2층 205호",원주시,문막읍,37.315308,127.8234187,033-904-2875,,,,0,0,0,NONE
H01158,연세바로치과교정과의원,DENTAL,치과,"강원특별자치도 원주시 능라동길 65, 휴먼타워 6층 603호 (무실동)",원주시,능라동길,37.3335166,127.9307231,033-744-2875,,,,0,0,0,NONE
H01159,연세바른치과의원,DENTAL,치과,"강원특별자치도 춘천시 퇴계농공로 22, 203-204호 (석사동)",춘천시,퇴계농공로,37.8512402,127.7441194,033-263-2872,,,,0,0,0,NONE
H01160,연세바른치과의원,DENTAL,치과,"강원특별자치도 원주시 능라동길 27, 305~306호 (무실동)",원주시,능라동길,37.3332833,127.9280282,033-900-2882,,,,0,0,0,NONE
H01161,연세부부치과의원,DENTAL,치과,"강원특별자치도 강릉시 경강로 2071, 한성빌딩 3층 (임당동)",강릉시,경강로,37.7536467,128.8940403,033-648-7575,,,,0,0,0,NONE
H01162,연세부부치과의원,DENTAL,치과,"강원특별자치도 원주시 모란1길 79, 2층 (우산동)",원주시,모란1길,37.3618003,127.9323554,033-746-2879,,,,0,0,0,NONE
H01163,연세사랑나눔치과의원,DENTAL,치과,"강원특별자치도 원주시 모란1길 86, 2층 202~206호 (우산동)",원주시,모란1길,37.3636525,127.9328152,033-733-0875,,,,0,0,0,NONE
H01164,연세새로이치과의원,DENTAL,치과,"강원특별자치도 춘천시 퇴계로105번길 5, 2층 (퇴계동)",춘천시,퇴계로105번길,37.8618287,127.7319754,033-264-2275,,,,0,0,0,NONE
H01165,연세스카이치과의원,DENTAL,치과,"강원특별자치도 원주시 단구로 395, 2층 (단구동)",원주시,단구로,37.3216768,127.9560908,033-761-2875,,,,0,0,0,NONE
H01166,연세아이나라치과의원,DENTAL,치과,"강원특별자치도 춘천시 금강로 69, 7층 (조양동)",춘천시,금강로,37.8791348,127.7292441,033-244-8873,,,,0,0,0,NONE
H01167,연세아이편한치과의원,DENTAL,치과,"강원특별자치도 원주시 능라동길 51, 617호 (무실동)",원주시,능라동길,37.3348376,127.9301516,033-744-5275,,,,0,0,0,NONE
H01168,연세이안치과의원,DENTAL,치과,"강원특별자치도 원주시 영랑길 2, 302호 (행구동)",원주시,영랑길,37.3414184,127.9712715,033-733-8600,,,,0,0,0,NONE
H01169,연세이튼치과의원,DENTAL,치과,"강원특별자치도 춘천시 동내면 춘천순환로 58, (동내면)",춘천시,동내면,37.8551213,127.7503301,033-243-0030,,,,0,0,0,NONE
H01170,연세이튼치과의원,DENTAL,치과,"강원특별자치도 양양군 양양읍 양양로 44, (양양읍)",양양군,양양읍,38.0764144,128.6238176,033-673-2875,,,,0,0,0,NONE
H01171,연세이튼치과의원,DENTAL,치과,"강원특별자치도 원주시 양지로 80, 403호, 404호 (반곡동)",원주시,양지로,37.3279898,127.9861972,033-747-8575,,,,0,0,0,NONE
H01172,연세이편한치과의원,DENTAL,치과,"강원특별자치도 춘천시 춘주로 174, (퇴계동)",춘천시,춘주로,37.8574793,127.7278633,033-241-2544,,,,0,0,0,NONE
H01173,연세제일치과의원,DENTAL,치과,"강원특별자치도 속초시 동해대로 4024, 3층 305호 (조양동, 제일프라자)",속초시,동해대로,38.1902066,128.5945497,033-635-2875,,,,0,0,0,NONE
H01174,연세참고운치과의원,DENTAL,치과,"강원특별자치도 속초시 동해대로 4236, 702호 (교동, 아남프라자)",속초시,동해대로,38.1977477,128.5775676,033-633-2872,,,,0,0,0,NONE
H01175,연세치과의원,DENTAL,치과,"강원특별자치도 강릉시 주문진읍 주문로 69, (주문진읍)",강릉시,주문진읍,37.890091,128.8257524,033-662-2248,,,,0,0,0,NONE
H01176,연세치과의원,DENTAL,치과,"강원특별자치도 춘천시 금강로 37, (소양로3가)",춘천시,금강로,37.8811777,127.7266495,033-241-2878,,,,0,0,0,NONE
H01177,연세치과의원,DENTAL,치과,"강원특별자치도 태백시 황지로 158, (황지동)",태백시,황지로,37.1728271,128.9921847,033-552-4009,,,,0,0,0,NONE
H01178,연세치과의원,DENTAL,치과,"강원특별자치도 동해시 중앙로 249, (천곡동)",동해시,중앙로,37.522743,129.1134223,033-521-1646,,,,0,0,0,NONE
H01179,연세치과의원,DENTAL,치과,"강원특별자치도 평창군 진부면 진부중앙로 65, 2층",평창군,진부면,37.6373138,128.5584027,033-335-2751,,,,0,0,0,NONE
H01180,연세치과의원,DENTAL,치과,"강원특별자치도 영월군 주천면 주천로 87-1, (2층)",영월군,주천면,37.2710309,128.2681275,033-372-1358,,,,0,0,0,NONE
H01181,연세치과의원,DENTAL,치과,"강원특별자치도 원주시 무실로 182, 원주원예농협하나로클럽 2층 (단계동)",원주시,무실로,37.3414146,127.939292,033-733-7505,,,,0,0,0,NONE
H01182,연세치과의원,DENTAL,치과,"강원특별자치도 횡성군 둔내면 둔내로 52-1, 2층",횡성군,둔내면,37.5123274,128.2163801,033-345-7528,,,,0,0,0,NONE
H01183,연세큐치과의원,DENTAL,치과,"강원특별자치도 속초시 동해대로 4254, 3층 (교동, 동선빌딩)",속초시,동해대로,38.1979143,128.5757726,033-638-2875,,,,0,0,0,NONE
H01184,연세탑치과의원,DENTAL,치과,"강원특별자치도 원주시 지정면 신지정로 322, 4층 401,411호",원주시,지정면,37.3825827,127.8724962,033-732-2875,,,,0,0,0,NONE
H01185,연세프라임치과의원,DENTAL,치과,"강원특별자치도 원주시 서원대로 406, 4층 (단구동, 리더스타워)",원주시,서원대로,37.3302107,127.9496766,033-765-7928,,,,0,0,0,NONE
H01186,연세플러스치과의원,DENTAL,치과,"강원특별자치도 강릉시 경강로 2117, (옥천동)",강릉시,경강로,37.7561818,128.8979912,033-642-3142,,,,0,0,0,NONE
H01187,연세필치과의원,DENTAL,치과,"강원특별자치도 속초시 중앙로 107, 3층 (금호동)",속초시,중앙로,38.2021633,128.5877169,033-636-2211,,,,0,0,0,NONE
H01188,연세하루치과의원,DENTAL,치과,"강원특별자치도 춘천시 경춘로 2348, 3층 (온의동)",춘천시,경춘로,37.8629901,127.7196582,033-256-1875,,,,0,0,0,NONE
H01189,연세하이브치과의원,DENTAL,치과,"강원특별자치도 춘천시 중앙로 55, 4,5층 (중앙로2가)",춘천시,중앙로,37.8800321,127.7276065,033-818-2875,,,,0,0,0,NONE
H01190,연우치과의원,DENTAL,치과,"강원특별자치도 원주시 무실로12번길 24, 2층 (일산동)",원주시,무실로12번길,37.349656,127.9483257,033-748-2875,,,,0,0,0,NONE
H01191,연희플란트치과의원,DENTAL,치과,"강원특별자치도 강릉시 임영로 102, 3층 (성남동)",강릉시,임영로,37.7511744,128.8951528,033-823-2382,,,,0,0,0,NONE
H01192,영동세브란스치과의원,DENTAL,치과,"강원특별자치도 동해시 효자남길 16, 월드상가 2층 (동회동)",동해시,효자남길,37.4877157,129.1088085,033-521-2804,,,,0,0,0,NONE
H01193,영동치과의원,DENTAL,치과,"강원특별자치도 강릉시 경강로 2106, (임당동)",강릉시,경강로,37.7551434,128.8973421,033-645-2875,,,,0,0,0,NONE
H01194,영월치과의원,DENTAL,치과,"강원특별자치도 영월군 영월읍 중앙1로 23, (영월읍)",영월군,영월읍,37.1829585,128.4652752,033-372-7529,,,,0,0,0,NONE
H01195,예스치과의원,DENTAL,치과,"강원특별자치도 원주시 원일로 93, (일산동)",원주시,원일로,37.3488206,127.9495975,033-744-2725,,,,0,0,0,NONE
H01196,예스치과의원,DENTAL,치과,"강원특별자치도 동해시 중앙로 229, 4층 (천곡동)",동해시,중앙로,37.5211818,129.1142632,033-533-2804,,,,0,0,0,NONE
H01197,오복치과의원,DENTAL,치과,"강원특별자치도 원주시 무실로 122, (원동)",원주시,무실로,37.3436823,127.9428571,033-748-3214,,,,0,0,0,NONE
H01198,오케이치과의원,DENTAL,치과,"강원특별자치도 원주시 혁신로 37-3, 303, 305호 (반곡동)",원주시,혁신로,37.3236487,127.9793852,033-812-2080,,,,0,0,0,NONE
H01199,온유치과의원,DENTAL,치과,"강원특별자치도 춘천시 금강로 72, 6층 (조양동)",춘천시,금강로,37.8788481,127.7289024,033-255-2875,,,,0,0,0,NONE
H01200,온유치과의원,DENTAL,치과,"강원특별자치도 속초시 동해대로 4174, 6층 (조양동)",속초시,동해대로,38.1919714,128.5794514,033-636-7077,,,,0,0,0,NONE
H01201,온치과의원,DENTAL,치과,"강원특별자치도 춘천시 스포츠타운길 496, 301호 (온의동)",춘천시,스포츠타운길,37.8668058,127.7117373,033-251-2275,,,,0,0,0,NONE
H01202,올리브치과의원,DENTAL,치과,"강원특별자치도 춘천시 행촌로 29, (퇴계동)",춘천시,행촌로,37.8595513,127.7240755,033-241-7528,,,,0,0,0,NONE
H01203,용치과의원,DENTAL,치과,"강원특별자치도 화천군 화천읍 중앙로 32, (화천읍)",화천군,화천읍,38.1034421,127.7073756,033-442-7528,,,,0,0,0,NONE
H01204,우리가족치과의원,DENTAL,치과,"강원특별자치도 동해시 중앙로 248, (천곡동)",동해시,중앙로,37.5228132,129.1145097,033-534-2875,,,,0,0,0,NONE
H01205,우리들치과의원,DENTAL,치과,"강원특별자치도 평창군 평창읍 노성로 101, (평창읍)",평창군,평창읍,37.3685755,128.3956749,033-333-7728,,,,0,0,0,NONE
H01206,우리부부치과의원,DENTAL,치과,"강원특별자치도 춘천시 춘천로 188, 4층 (효자동, 메가시티건물)",춘천시,춘천로,37.8762547,127.7352717,033-241-2900,,,,0,0,0,NONE
H01207,우리치과의원,DENTAL,치과,"강원특별자치도 속초시 중앙로 140-1, 2층 (중앙동)",속초시,중앙로,38.2032728,128.5911624,033-636-2866,,,,0,0,0,NONE
H01208,우리치과의원,DENTAL,치과,"강원특별자치도 횡성군 횡성읍 문정로 32, 2층",횡성군,횡성읍,37.4892256,127.9868126,033-345-2275,,,,0,0,0,NONE
H01209,우리치과의원,DENTAL,치과,"강원특별자치도 인제군 인제읍 비봉로 43, 1층",인제군,인제읍,38.0659022,128.174916,033-462-2804,,,,0,0,0,NONE
H01210,우리치과의원,DENTAL,치과,"강원특별자치도 홍천군 홍천읍 홍천로 356, ((2층))",홍천군,홍천읍,37.688697,127.8850218,033-434-2879,,,,0,0,0,NONE
H01211,원일치과의원,DENTAL,치과,"강원특별자치도 원주시 남원로534번길 14, 2층 (단구동)",원주시,남원로534번길,37.330781,127.9481548,033-764-2840,,,,0,0,0,NONE
H01212,원주STM치과의원,DENTAL,치과,"강원특별자치도 원주시 능라동길 63, 5층 502~503호 (무실동)",원주시,능라동길,37.3337632,127.9309639,033-734-2872,,,,0,0,0,NONE
H01213,원주샘치과의원,DENTAL,치과,"강원특별자치도 원주시 치악로 1793, 3층 (개운동, 농협)",원주시,치악로,37.3422851,127.9550353,033-764-7878,,,,0,0,0,NONE
H01214,원주웰치과의원,DENTAL,치과,"강원특별자치도 원주시 시청로 80, 3층 301호 (무실동, 쎈터프라자)",원주시,시청로,37.3367465,127.9274364,033-735-2275,,,,0,0,0,NONE
H01215,원주유디치과의원,DENTAL,치과,"강원특별자치도 원주시 서원대로 162, 3층 (단계동)",원주시,서원대로,37.3438737,127.9293537,033-743-2838,,,,0,0,0,NONE
H01216,원주율치과의원,DENTAL,치과,"강원특별자치도 원주시 남원로 550, 1,2층 (개운동)",원주시,남원로,37.3332769,127.9477343,,,,,0,0,0,NONE
H01217,원주치과의원,DENTAL,치과,"강원특별자치도 원주시 봉화로 31, 2층 (단계동)",원주시,봉화로,37.3473021,127.9283387,033-734-2875,,,,0,0,0,NONE
H01218,원주클라인치과의원,DENTAL,치과,"강원특별자치도 원주시 봉화로 22, 더파크타워 3층 301호 (단계동)",원주시,봉화로,37.3462366,127.928795,033-734-2700,,,,0,0,0,NONE
H01219,원통미소치과의원,DENTAL,치과,"강원특별자치도 인제군 북면 원통로147번길 28-1, (북면)",인제군,북면,38.1228089,128.2031902,033-463-2823,,,,0,0,0,NONE
H01220,원통한림치과의원,DENTAL,치과,"강원특별자치도 인제군 북면 원통로 213, 1층",인제군,북면,38.1246597,128.2072052,033-461-7528,,,,0,0,0,NONE
H01221,원필준치과교정과치과의원,DENTAL,치과,"강원특별자치도 춘천시 금강로 69, 6층 (조양동)",춘천시,금강로,37.8791348,127.7292441,033-252-2332,,,,0,0,0,NONE
H01222,월드치과의원,DENTAL,치과,"강원특별자치도 강릉시 연곡면 영진3길 8-9, 2층",강릉시,연곡면,37.8701132,128.8392475,033-921-3388,,,,0,0,0,NONE
H01223,웰치과의원,DENTAL,치과,"강원특별자치도 속초시 동해대로 4163, 2층 (조양동)",속초시,동해대로,38.1909025,128.5794386,033-635-2225,,,,0,0,0,NONE
H01224,위드미치과의원,DENTAL,치과,"강원특별자치도 춘천시 후석로 297, (후평동)",춘천시,후석로,37.8777061,127.7512552,033-242-2119,,,,0,0,0,NONE
H01225,위치과의원,DENTAL,치과,"강원특별자치도 원주시 원문로 106, 4층 (단계동, 선암빌딩)",원주시,원문로,37.3569935,127.935604,033-748-4959,,,,0,0,0,NONE
H01226,유디중앙로치과의원,DENTAL,치과,"강원특별자치도 춘천시 중앙로 59, (중앙로2가,KCC빌딩 5층 501)",춘천시,중앙로,37.8797093,127.7272221,033-252-6226,,,,0,0,0,NONE
H01227,유디치과의원,DENTAL,치과,"강원특별자치도 강릉시 금성로 60, 3,4층 (성내동, 로얄빌딩)",강릉시,금성로,37.7518409,128.8947911,033-655-6400,,,,0,0,0,NONE
H01228,유명치과의원,DENTAL,치과,"강원특별자치도 정선군 정선읍 정선로 1365, 2층",정선군,정선읍,37.38013,128.6657032,033-563-0208,,,,0,0,0,NONE
H01229,유앤미치과의원,DENTAL,치과,"강원특별자치도 원주시 지정면 신지정로 322-1, 305,306호",원주시,지정면,37.3824014,127.8731714,033-900-6262,,,,0,0,0,NONE
H01230,유진치과의원,DENTAL,치과,"강원특별자치도 원주시 판부면 남원로 349, 102호",원주시,판부면,37.3180125,127.9379858,033-904-2828,,,,0,0,0,NONE
H01231,유펜세란치과의원,DENTAL,치과,"강원특별자치도 춘천시 후석로 16, 3층 (석사동)",춘천시,후석로,37.8564431,127.7399401,033-261-5081,,,,0,0,0,NONE
H01232,윤덕기치과의원,DENTAL,치과,"강원특별자치도 강릉시 주문진읍 주문로 67, 1층",강릉시,주문진읍,37.8898363,128.8257545,033-662-4569,,,,0,0,0,NONE
H01233,윤석만치과의원,DENTAL,치과,"강원특별자치도 춘천시 행촌로 27, (퇴계동)",춘천시,행촌로,37.8593884,127.7239046,033-241-2876,,,,0,0,0,NONE
H01234,은행나무치과의원,DENTAL,치과,"강원특별자치도 원주시 남원로 671, (명륜동)",원주시,남원로,37.3424591,127.9544838,033-761-7754,,,,0,0,0,NONE
H01235,이가편한미치과의원,DENTAL,치과,"강원특별자치도 강릉시 경강로 2097, (임당동)",강릉시,경강로,37.7549777,128.8961252,033-648-7528,,,,0,0,0,NONE
H01236,이로운치과의원,DENTAL,치과,"강원특별자치도 원주시 영랑길 14-2, 201호 (행구동)",원주시,영랑길,37.3410021,127.9717075,033-900-2828,,,,0,0,0,NONE
H01237,이롬치과의원,DENTAL,치과,"강원특별자치도 춘천시 지석로 85, 강남프라자 3층 303호 (석사동)",춘천시,지석로,37.851124,127.7448581,033-910-0033,,,,0,0,0,NONE
H01238,이루부부치과의원,DENTAL,치과,"강원특별자치도 강릉시 성덕포남로 45-8, 3층 (입암동)",강릉시,성덕포남로,37.7593012,128.9194599,033-921-2255,,,,0,0,0,NONE
H01239,이민기치과의원,DENTAL,치과,"강원특별자치도 철원군 갈말읍 삼부연로8번길 2, 이민기치과의원 1,2층",철원군,갈말읍,38.1450031,127.3087557,033-452-5222,,,,0,0,0,NONE
H01240,이사랑치과의원,DENTAL,치과,"강원특별자치도 춘천시 후석로 304, (후평동)",춘천시,후석로,37.8784031,127.751335,033-256-7548,,,,0,0,0,NONE
H01241,이사랑치과의원,DENTAL,치과,"강원특별자치도 속초시 청대로 347, 2층 (교동, 우리메디칼빌딩)",속초시,청대로,38.1974651,128.5721888,033-638-2879,,,,0,0,0,NONE
H01242,이사랑치과의원,DENTAL,치과,"강원특별자치도 원주시 늘품로 187-58, 3층 312호 (단구동, 현대아카데미프라자)",원주시,늘품로,37.3373337,127.9641115,033-734-2804,,,,0,0,0,NONE
H01243,이사랑치과의원,DENTAL,치과,"강원특별자치도 삼척시 진주로 29, 201호 (남양동, 동일빌딩)",삼척시,진주로,37.4432875,129.1637643,033-575-2275,,,,0,0,0,NONE
H01244,이스타치과의원,DENTAL,치과,"강원특별자치도 원주시 백간길 74, (단계동, 라이프상가 201,202호)",원주시,백간길,37.351796,127.9314166,033-735-1668,,,,0,0,0,NONE
H01245,이승우치과의원,DENTAL,치과,"강원특별자치도 강릉시 금성로 7, (성남동)",강릉시,금성로,37.7546732,128.8995959,033-641-2208,,,,0,0,0,NONE
H01246,이앤이치과의원,DENTAL,치과,"강원특별자치도 원주시 남원로 528-11, 2층 (단구동, 광덕빌딩)",원주시,남원로,37.3306037,127.9479735,033-766-0428,,,,0,0,0,NONE
H01247,이영호치과의원,DENTAL,치과,"강원특별자치도 원주시 원일로115번길 5, 3층 (일산동, 홍제빌딩)",원주시,원일로115번길,37.3495865,127.9480168,033-744-9192,,,,0,0,0,NONE
H01248,이음치과의원,DENTAL,치과,"강원특별자치도 속초시 동해대로 4125, 2층 (조양동)",속초시,동해대로,38.1893173,128.5830156,033-800-7877,,,,0,0,0,NONE
H01249,이재민치과의원,DENTAL,치과,"강원특별자치도 삼척시 진주로 20, (남양동, 중앙상가)",삼척시,진주로,37.4425646,129.1642913,033-573-3456,,,,0,0,0,NONE
H01250,이치과의원,DENTAL,치과,"강원특별자치도 정선군 정선읍 봉양6길 31, (정선읍)",정선군,정선읍,37.3803036,128.6633135,033-562-2828,,,,0,0,0,NONE
H01251,이치과의원,DENTAL,치과,"강원특별자치도 속초시 동해대로 4177, 장수메디컬빌딩 5층 (조양동)",속초시,동해대로,38.1921319,128.5785904,033-633-8875,,,,0,0,0,NONE
H01252,이튼치과의원,DENTAL,치과,"강원특별자치도 춘천시 방송길 98, 4, 5층 (온의동)",춘천시,방송길,37.8679122,127.7201749,033-251-0101,,,,0,0,0,NONE
H01253,이튼튼치과의원,DENTAL,치과,"강원특별자치도 강릉시 경강로 2093, 4층 (임당동)",강릉시,경강로,37.7547225,128.8958125,033-645-7875,,,,0,0,0,NONE
H01254,이편한치과의원,DENTAL,치과,"강원특별자치도 삼척시 도계읍 도계로 240, 2층",삼척시,도계읍,37.2308894,129.0443924,033-541-7528,,,,0,0,0,NONE
H01255,이편한치과의원,DENTAL,치과,"강원특별자치도 화천군 화천읍 중앙로7길 10, (이상혁의원/권만집법무사 사무소)",화천군,화천읍,38.1044354,127.7068457,033-441-8828,,,,0,0,0,NONE
H01256,이편한치과의원,DENTAL,치과,"강원특별자치도 원주시 로아노크로 74, 세이브타워 402호 (무실동)",원주시,로아노크로,37.3389518,127.9234542,033-735-2080,,,,0,0,0,NONE
H01257,이플란트지연치과의원,DENTAL,치과,"강원특별자치도 횡성군 횡성읍 문정로 41, 2층",횡성군,횡성읍,37.489066,127.9880383,033-343-8644,,,,0,0,0,NONE
H01258,이하형치과의원,DENTAL,치과,"강원특별자치도 춘천시 후석로 10, (석사동)",춘천시,후석로,37.8559755,127.7394165,033-264-2875,,,,0,0,0,NONE
H01259,이호치과의원,DENTAL,치과,"강원특별자치도 속초시 중앙로 145, (중앙동)",속초시,중앙로,38.2037695,128.5910382,033-633-0970,,,,0,0,0,NONE
H01260,인성치과의원,DENTAL,치과,"강원특별자치도 강릉시 성덕포남로 75, 3층 (입암동, 대성빌딩)",강릉시,성덕포남로,37.7609503,128.9174296,033-651-8240,,,,0,0,0,NONE
H01261,인제수치과의원,DENTAL,치과,"강원특별자치도 인제군 인제읍 비봉로 8, 2층",인제군,인제읍,38.0684253,128.1721624,033-461-2829,,,,0,0,0,NONE
H01262,인제온가족치과의원,DENTAL,치과,"강원특별자치도 인제군 인제읍 인제로193번길 1, 2층 201호",인제군,인제읍,38.068985,128.1716909,033-463-9904,,,,0,0,0,NONE
H01263,임재윤치과의원,DENTAL,치과,"강원특별자치도 평창군 평창읍 백오로 56, (평창읍)",평창군,평창읍,37.3676504,128.3930858,033-333-3492,,,,0,0,0,NONE
H01264,장재치과의원,DENTAL,치과,"강원특별자치도 영월군 영월읍 단종로33번길 50, (영월읍)",영월군,영월읍,37.1837352,128.4667624,033-372-2875,,,,0,0,0,NONE
H01265,장창수치과의원,DENTAL,치과,"강원특별자치도 동해시 천곡로 59-1, (천곡동)",동해시,천곡로,37.5241136,129.1119935,033-533-0781,,,,0,0,0,NONE
H01266,장학우리치과의원,DENTAL,치과,"강원특별자치도 춘천시 동면 춘천순환로 609, 2층",춘천시,동면,37.8931719,127.7556521,033-256-2879,,,,0,0,0,NONE
H01267,전진학치과의원,DENTAL,치과,"강원특별자치도 춘천시 금강로 61, 2층 (조양동)",춘천시,금강로,37.8798825,127.7286479,033-253-4877,,,,0,0,0,NONE
H01268,전치과의원,DENTAL,치과,"강원특별자치도 원주시 원일로 122-1, (중앙동)",원주시,원일로,37.3504714,127.9483951,033-743-5752,,,,0,0,0,NONE
H01269,정다운치과의원,DENTAL,치과,"강원특별자치도 동해시 발한로 179, 2층 (발한동)",동해시,발한로,37.5471751,129.1060351,033-534-2835,,,,0,0,0,NONE
H01270,정원치과의원,DENTAL,치과,"강원특별자치도 강릉시 교동광장로 106, 5층 (교동, 화영빌딩)",강릉시,교동광장로,37.7644503,128.876063,033-644-4888,,,,0,0,0,NONE
H01271,정직한치과의원,DENTAL,치과,"강원특별자치도 원주시 무실로 170, (단계동)",원주시,무실로,37.3415347,127.9400827,033-747-2878,,,,0,0,0,NONE
H01272,정진용치과의원,DENTAL,치과,"강원특별자치도 속초시 중앙로 117, (금호동)",속초시,중앙로,38.2024253,128.5888777,033-633-2366,,,,0,0,0,NONE
H01273,정치과의원,DENTAL,치과,"강원특별자치도 태백시 장성로 39-2, (장성동)",태백시,장성로,37.1015276,129.0100842,033-581-7946,,,,0,0,0,NONE
H01274,제11기동사단의무대대치과의원,DENTAL,치과,"강원특별자치도 홍천군 북방면 홍천로 132, (북방면)",홍천군,북방면,37.6927938,127.86156,033-430-6055,,,,0,0,0,NONE
H01275,제이치과의원,DENTAL,치과,"강원특별자치도 강릉시 솔올로 17, 3층 (교동)",강릉시,솔올로,37.7635182,128.8774738,033-646-6513,,,,0,0,0,NONE
H01276,제일치과의원,DENTAL,치과,"강원특별자치도 강릉시 주문진읍 주문로 60, (주문진읍)",강릉시,주문진읍,37.8892409,128.8259715,033-661-2811,,,,0,0,0,NONE
H01277,조현국치과의원,DENTAL,치과,"강원특별자치도 속초시 중앙로 153, (중앙동)",속초시,중앙로,38.2045652,128.5915378,033-635-8850,,,,0,0,0,NONE
H01278,조호진 치과의원,DENTAL,치과,"강원특별자치도 태백시 황지로 149, 2층 (황지동)",태백시,황지로,37.1721104,128.9920222,033-552-0010,,,,0,0,0,NONE
H01279,주문진중앙치과의원,DENTAL,치과,"강원특별자치도 강릉시 주문진읍 항구로 48, 4층",강릉시,주문진읍,37.8931667,128.8267222,033-662-7528,,,,0,0,0,NONE
H01280,중앙치과의원,DENTAL,치과,"강원특별자치도 원주시 원일로 104-1, (중앙동)",원주시,원일로,37.3495435,127.9492708,033-743-6936,,,,0,0,0,NONE
H01281,중앙치과의원,DENTAL,치과,"강원특별자치도 강릉시 금성로22번길 10, (금학동)",강릉시,금성로22번길,37.7547463,128.8976279,033-641-6859,,,,0,0,0,NONE
H01282,중앙치과의원,DENTAL,치과,"강원특별자치도 동해시 천곡로 68, 203호 (천곡동, 현대코아)",동해시,천곡로,37.5232812,129.1128123,033-535-5370,,,,0,0,0,NONE
H01283,중앙치과의원,DENTAL,치과,"강원특별자치도 삼척시 진주로 19, 2층 201,202호 (남양동)",삼척시,진주로,37.4425304,129.1637519,033-572-2828,,,,0,0,0,NONE
H01284,중앙치과의원,DENTAL,치과,"강원특별자치도 철원군 갈말읍 삼부연로 10, 풍년농약사 2층",철원군,갈말읍,38.1450957,127.3090699,033-452-1399,,,,0,0,0,NONE
H01285,중앙치과의원,DENTAL,치과,"강원특별자치도 홍천군 남면 양덕원로 83, (남면)",홍천군,남면,37.6168885,127.7678878,033-432-2845,,,,0,0,0,NONE
H01286,중앙치과의원,DENTAL,치과,"강원특별자치도 춘천시 중앙로 104, 5층 (낙원동)",춘천시,중앙로,37.8772875,127.7233376,033-255-2888,,,,0,0,0,NONE
H01287,중앙플란트치과의원,DENTAL,치과,"강원특별자치도 원주시 평원로 76, 3층 (평원동)",원주시,평원로,37.3519423,127.9503108,033-813-2804,,,,0,0,0,NONE
H01288,지앤박치과의원,DENTAL,치과,"강원특별자치도 강릉시 선수촌로 130, 2층 (유천동)",강릉시,선수촌로,37.7626338,128.870382,033-644-3456,,,,0,0,0,NONE
H01289,참사랑치과의원,DENTAL,치과,"강원특별자치도 강릉시 경강로 2109, 2층 (임당동, 문선빌딩)",강릉시,경강로,37.7556928,128.8972549,033-655-2875,,,,0,0,0,NONE
H01290,참조은장치과의원,DENTAL,치과,"강원특별자치도 강릉시 옥가로7번길 2, 1층 (옥천동)",강릉시,옥가로7번길,37.7575584,128.8988557,033-655-7528,,,,0,0,0,NONE
H01291,참조은치과의원,DENTAL,치과,"강원특별자치도 동해시 중앙로 247, (천곡동)",동해시,중앙로,37.5225312,129.1135222,033-535-4500,,,,0,0,0,NONE
H01292,참좋은치과의원,DENTAL,치과,"강원특별자치도 원주시 천사로 38, 2층 (단계동, 선제빌딩)",원주시,천사로,37.3476772,127.9298761,033-746-2817,,,,0,0,0,NONE
H01293,참좋은치과의원,DENTAL,치과,"강원특별자치도 춘천시 영서로 2195, (퇴계동)",춘천시,영서로,37.8603239,127.7286003,033-251-7528,,,,0,0,0,NONE
H01294,채움치과의원,DENTAL,치과,"강원특별자치도 강릉시 솔올로5번길 55, 2층 (교동)",강릉시,솔올로5번길,37.763874,128.8775458,033-645-2888,,,,0,0,0,NONE
H01295,천곡치과의원,DENTAL,치과,"강원특별자치도 동해시 한섬로 66, (천곡동)",동해시,한섬로,37.5198742,129.1110657,033-533-7551,,,,0,0,0,NONE
H01296,천진호치과의원,DENTAL,치과,"강원특별자치도 원주시 능라동길 65, (무실동)",원주시,능라동길,37.3335166,127.9307231,033-746-8604,,,,0,0,0,NONE
H01297,청춘플란트치과의원,DENTAL,치과,"강원특별자치도 춘천시 경춘로 2364, 강남병원 4층 (온의동)",춘천시,경춘로,37.8644049,127.7207553,033-910-0628,,,,0,0,0,NONE
H01298,최귀현치과의원,DENTAL,치과,"강원특별자치도 홍천군 홍천읍 번영로 6-2, (홍천읍)",홍천군,홍천읍,37.6892361,127.8808557,033-435-7575,,,,0,0,0,NONE
H01299,최근준치과의원,DENTAL,치과,"강원특별자치도 강릉시 금성로22번길 8, 4층 (금학동)",강릉시,금성로22번길,37.7544997,128.897785,033-647-2800,,,,0,0,0,NONE
H01300,최영권치과의원,DENTAL,치과,"강원특별자치도 원주시 무실로 8, 3층 (일산동, 명동프라자)",원주시,무실로,37.3489558,127.9489794,033-746-6585,,,,0,0,0,NONE
H01301,최종운치과의원,DENTAL,치과,"강원특별자치도 강릉시 경강로 2093-1, (임당동)",강릉시,경강로,37.7548288,128.895861,033-647-7866,,,,0,0,0,NONE
H01302,최진희치과의원,DENTAL,치과,"강원특별자치도 동해시 대학로 20, (천곡동)",동해시,대학로,37.5223595,129.1132288,033-532-9114,,,,0,0,0,NONE
H01303,춘천어린이치과의원,DENTAL,치과,"강원특별자치도 춘천시 춘천로 34-1, 1,2층 (퇴계동)",춘천시,춘천로,37.867598,127.7230206,033-256-2888,,,,0,0,0,NONE
H01304,춘천예치과의원,DENTAL,치과,"강원특별자치도 춘천시 영서로 2025, 4,5,6,7층 (석사동, 탑크리닉빌딩 )",춘천시,영서로,37.8525787,127.7457743,033-1544-2990,,,,0,0,0,NONE
H01305,춘천클라인치과의원,DENTAL,치과,"강원특별자치도 춘천시 금강로 69, 5층 (조양동)",춘천시,금강로,37.8791348,127.7292441,033-254-0002,,,,0,0,0,NONE
H01306,치과명작치과의원,DENTAL,치과,"강원특별자치도 원주시 서원대로 396, 스타월드 2층 (단구동)",원주시,서원대로,37.3307458,127.9488807,033-763-2879,,,,0,0,0,NONE
H01307,치과의정석치과의원,DENTAL,치과,"강원특별자치도 원주시 능라동길 59, (무실동)",원주시,능라동길,37.3344196,127.9308182,033-731-2882,,,,0,0,0,NONE
H01308,치아사랑치과의원,DENTAL,치과,"강원특별자치도 동해시 청운1길 51-1, 2층 (쇄운동)",동해시,청운1길,37.4862817,129.1089965,033-521-2279,,,,0,0,0,NONE
H01309,친절한 치과의원,DENTAL,치과,"강원특별자치도 화천군 화천읍 중앙로7길 15, 친절한 치과  2층예림음악학원",화천군,화천읍,38.1047579,127.7068231,033-442-3601,,,,0,0,0,NONE
H01310,칠성치과의원,DENTAL,치과,"강원특별자치도 화천군 하남면 논미로 347-11, (하남면)",화천군,하남면,38.0968527,127.6778648,033-442-6752,,,,0,0,0,NONE
H01311,키노인터네셔널치과의원,DENTAL,치과,"강원특별자치도 원주시 원일로 120, 4, 5층 (중앙동)",원주시,원일로,37.3503162,127.9484763,033-762-7070,,,,0,0,0,NONE
H01312,킴스주니어치과의원,DENTAL,치과,"강원특별자치도 원주시 무실로 169, 2,3층 (명륜동)",원주시,무실로,37.3412141,127.9403233,033-901-1234,,,,0,0,0,NONE
H01313,탁치과의원,DENTAL,치과,"강원특별자치도 홍천군 홍천읍 홍천로 366, 3층",홍천군,홍천읍,37.6890034,127.8859089,033-435-4933,,,,0,0,0,NONE
H01314,탑치과의원,DENTAL,치과,"강원특별자치도 원주시 치악로 1786, (개운동)",원주시,치악로,37.3418974,127.955823,033-766-2875,,,,0,0,0,NONE
H01315,탑치과의원,DENTAL,치과,"강원특별자치도 춘천시 춘천순환로 46, 2층 (석사동)",춘천시,춘천순환로,37.8551093,127.7491188,033-263-2275,,,,0,0,0,NONE
H01316,태도치과의원,DENTAL,치과,"강원특별자치도 동해시 송정중앙로 11, (송정동)",동해시,송정중앙로,37.4946139,129.1263224,033-522-2875,,,,0,0,0,NONE
H01317,튼튼아이소아치과의원,DENTAL,치과,"강원특별자치도 강릉시 선수촌로 77, 송원빌딩 302호 (홍제동)",강릉시,선수촌로,37.7578212,128.8699889,033-647-1275,,,,0,0,0,NONE
H01318,튼튼치과의원,DENTAL,치과,"강원특별자치도 원주시 단구로 412, 2층 (단구동, 세경상가)",원주시,단구로,37.322675,127.9522999,033-748-3443,,,,0,0,0,NONE
H01319,평창연세샘치과의원,DENTAL,치과,"강원특별자치도 평창군 봉평면 보래령로 60, (봉평면)",평창군,봉평면,37.6234249,128.3804634,033-336-3969,,,,0,0,0,NONE
H01320,평창치과의원,DENTAL,치과,"강원특별자치도 평창군 평창읍 군청길 44, (평창읍)",평창군,평창읍,37.3683102,128.3901654,033-332-2825,,,,0,0,0,NONE
H01321,평화치과의원,DENTAL,치과,"강원특별자치도 평창군 용평면 평창대로 1741, (용평면)",평창군,용평면,37.5651647,128.4309592,033-334-2877,,,,0,0,0,NONE
H01322,프라임치과의원,DENTAL,치과,"강원특별자치도 속초시 중앙로 96, 3층 301호 (청학동)",속초시,중앙로,38.2012797,128.5862698,033-637-2876,,,,0,0,0,NONE
H01323,프렌즈치과의원,DENTAL,치과,"강원특별자치도 원주시 북원로 2701, (가현동)",원주시,북원로,37.3846688,127.9472889,033-745-2858,,,,0,0,0,NONE
H01324,하나로치과의원,DENTAL,치과,"강원특별자치도 원주시 치악로 1527, 2층 (관설동, 판부하나로마트)",원주시,치악로,37.3202105,127.9648052,033-763-2872,,,,0,0,0,NONE
H01325,하나치과의원,DENTAL,치과,"강원특별자치도 춘천시 후석로 326, (후평동)",춘천시,후석로,37.880073,127.7501374,033-243-3993,,,,0,0,0,NONE
H01326,하나치과의원,DENTAL,치과,"강원특별자치도 원주시 무실로 164, (단계동)",원주시,무실로,37.3416686,127.940391,033-745-2875,,,,0,0,0,NONE
H01327,하나큐치과의원,DENTAL,치과,"강원특별자치도 춘천시 후석로 355, 2층 (후평동)",춘천시,후석로,37.8824913,127.7477797,033-256-1928,,,,0,0,0,NONE
H01328,하늘치과의원,DENTAL,치과,"강원특별자치도 원주시 능라동길 7, 403호 (무실동)",원주시,능라동길,37.3318143,127.9264081,033-746-9075,,,,0,0,0,NONE
H01329,하얀나무치과의원,DENTAL,치과,"강원특별자치도 춘천시 중앙로67번길 18, 1동 3층 1301호 (죽림동, 브라운가)",춘천시,중앙로67번길,37.8777017,127.727759,033-264-0447,,,,0,0,0,NONE
H01330,하얀이치과의원,DENTAL,치과,"강원특별자치도 삼척시 청석로 59, (교동)",삼척시,청석로,37.4481844,129.1755041,033-572-2822,,,,0,0,0,NONE
H01331,하얀이치과의원,DENTAL,치과,"강원특별자치도 원주시 능라동길 3, (무실동)",원주시,능라동길,37.3315842,127.9261786,033-747-2875,,,,0,0,0,NONE
H01332,하이치과의원,DENTAL,치과,"강원특별자치도 춘천시 김유정로 1875, B관 5층 (퇴계동)",춘천시,김유정로,37.8540385,127.7360779,033-264-2877,,,,0,0,0,NONE
H01333,한국건강관리협회 건강증진치과의원,DENTAL,치과,"강원특별자치도 춘천시 남춘로 50, 한국건강관리협회 신청사 3층 (효자동)",춘천시,남춘로,37.865212,127.7328565,033-260-0800,,,,0,0,0,NONE
H01334,한림치과의원,DENTAL,치과,"강원특별자치도 춘천시 후석로 41, (석사동)",춘천시,후석로,37.8584347,127.7414302,033-261-2875,,,,0,0,0,NONE
H01335,한마음치과의원,DENTAL,치과,"강원특별자치도 속초시 동해대로 4147, (조양동)",속초시,동해대로,38.1895574,128.5805187,033-638-8228,,,,0,0,0,NONE
H01336,한베드로치과의원,DENTAL,치과,"강원특별자치도 춘천시 춘주로 150, (퇴계동)",춘천시,춘주로,37.8581338,127.7245283,033-252-6338,,,,0,0,0,NONE
H01337,한빛치과의원,DENTAL,치과,"강원특별자치도 춘천시 춘천로 316, 춘천더샵아파트 (후평동)",춘천시,춘천로,37.8818176,127.7480278,033-242-7528,,,,0,0,0,NONE
H01338,한빛치과의원,DENTAL,치과,"강원특별자치도 원주시 서원대로 396, 3층 (단구동, 스타월드)",원주시,서원대로,37.3307458,127.9488807,033-766-3875,,,,0,0,0,NONE
H01339,한사랑치과의원,DENTAL,치과,"강원특별자치도 원주시 판부면 남원로 401, 3층",원주시,판부면,37.3218671,127.9394612,033-762-7528,,,,0,0,0,NONE
H01340,한솔치과의원,DENTAL,치과,"강원특별자치도 춘천시 안마산로 219, (퇴계동)",춘천시,안마산로,37.8496065,127.7384405,033-257-8275,,,,0,0,0,NONE
H01341,한숲스마트치과의원,DENTAL,치과,"강원특별자치도 춘천시 안마산로 109, 3층 (퇴계동)",춘천시,안마산로,37.8556346,127.7286296,033-243-2275,,,,0,0,0,NONE
H01342,한은현치과의원,DENTAL,치과,"강원특별자치도 강릉시 옥가로 55, (교동)",강릉시,옥가로,37.7613277,128.9000227,033-643-2875,,,,0,0,0,NONE
H01343,한진규치과의원,DENTAL,치과,"강원특별자치도 강릉시 강릉대로 398, (포남동)",강릉시,강릉대로,37.7697076,128.9091001,033-651-0823,,,,0,0,0,NONE
H01344,함치과의원,DENTAL,치과,"강원특별자치도 강릉시 경강로 2105, 3층 (임당동, 동아빌딩)",강릉시,경강로,37.755424,128.8969663,033-645-8275,,,,0,0,0,NONE
H01345,행복이송송치과의원,DENTAL,치과,"강원특별자치도 강릉시 신대학길 20, (금학동)",강릉시,신대학길,37.7530845,128.8954552,033-648-2902,,,,0,0,0,NONE
H01346,행복한부부치과의원,DENTAL,치과,"강원특별자치도 화천군 사내면 사내로2길 1, (사내면)",화천군,사내면,38.0711556,127.5216322,033-441-2804,,,,0,0,0,NONE
H01347,허치과의원,DENTAL,치과,"강원특별자치도 강릉시 경강로 2084, 3층 (임당동)",강릉시,경강로,37.753906,128.8953386,033-641-2875,,,,0,0,0,NONE
H01348,허치과의원,DENTAL,치과,"강원특별자치도 춘천시 금강로 64-1, (조양동)",춘천시,금강로,37.8794332,127.7284497,033-255-1029,,,,0,0,0,NONE
H01349,현대치과의원,DENTAL,치과,"강원특별자치도 영월군 영월읍 중앙로 14, (영월읍)",영월군,영월읍,37.1834329,128.4652233,033-373-5289,,,,0,0,0,NONE
H01350,현대치과의원,DENTAL,치과,"강원특별자치도 속초시 중앙로 75, (청학동)",속초시,중앙로,38.2017351,128.5843226,033-631-8852,,,,0,0,0,NONE
H01351,현대치과의원,DENTAL,치과,"강원특별자치도 강릉시 하평길 46, 2층 (포남동)",강릉시,하평길,37.7700803,128.9136161,033-651-2875,,,,0,0,0,NONE
H01352,현대치과의원,DENTAL,치과,"강원특별자치도 홍천군 홍천읍 번영로 38, (2층)",홍천군,홍천읍,37.6898389,127.8844791,033-434-9355,,,,0,0,0,NONE
H01353,현대치과의원,DENTAL,치과,"강원특별자치도 횡성군 횡성읍 횡성로 402, (2)층",횡성군,횡성읍,37.4887062,127.9860058,033-343-4916,,,,0,0,0,NONE
H01354,현대치과의원,DENTAL,치과,"강원특별자치도 철원군 동송읍 금학로 223, 2층",철원군,동송읍,38.2084879,127.2175768,033-455-7878,,,,0,0,0,NONE
H01355,현산치과의원,DENTAL,치과,"강원특별자치도 양양군 양양읍 남문9길 7-2, (양양읍)",양양군,양양읍,38.0742431,128.6214283,033-672-2828,,,,0,0,0,NONE
H01356,형제치과의원,DENTAL,치과,"강원특별자치도 횡성군 횡성읍 횡성로 401, (횡성읍)",횡성군,횡성읍,37.4889062,127.9854385,033-343-2275,,,,0,0,0,NONE
H01357,홍종대치과의원,DENTAL,치과,"강원특별자치도 춘천시 퇴계농공로 11, 3층 (석사동)",춘천시,퇴계농공로,37.8519789,127.7450678,033-262-2875,,,,0,0,0,NONE
H01358,홍천치과의원,DENTAL,치과,"강원특별자치도 홍천군 홍천읍 홍천로 346-1, 1,2층",홍천군,홍천읍,37.6884585,127.8839309,033-433-2804,,,,0,0,0,NONE
H01359,화성치과의원,DENTAL,치과,"강원특별자치도 원주시 치악로 1845, (인동)",원주시,치악로,37.3470993,127.9544427,033-765-2875,,,,0,0,0,NONE
H01360,화이트e치과의원,DENTAL,치과,"강원특별자치도 원주시 서원대로 502, 203,204호 (단구동, 골드프라자)",원주시,서원대로,37.3249113,127.9583215,033-764-2804,,,,0,0,0,NONE
H01361,화이트치과의원,DENTAL,치과,"강원특별자치도 강릉시 교동광장로 129, 2층 (교동)",강릉시,교동광장로,37.7645877,128.8792563,033-641-8275,,,,0,0,0,NONE
H01362,화이트치과의원,DENTAL,치과,"강원특별자치도 춘천시 중앙로 138, (소양로4가)",춘천시,중앙로,37.8760553,127.7198524,033-255-2825,,,,0,0,0,NONE
H01363,황선달치과의원,DENTAL,치과,"강원특별자치도 원주시 원일로 114, (중앙동)",원주시,원일로,37.3499886,127.9487173,033-731-2242,,,,0,0,0,NONE
H01364,황지치과의원,DENTAL,치과,"강원특별자치도 태백시 황지로 154, (황지동)",태백시,황지로,37.1726265,128.9924749,033-552-7114,,,,0,0,0,NONE
H01365,황치과의원,DENTAL,치과,"강원특별자치도 홍천군 홍천읍 꽃뫼로 98, 2.3층",홍천군,홍천읍,37.691179,127.8845032,033-433-1356,,,,0,0,0,NONE
H01366,횡성치과의원,DENTAL,치과,"강원특별자치도 횡성군 횡성읍 문정로 20, (횡성읍)",횡성군,횡성읍,37.4897885,127.9855271,033-343-2727,,,,0,0,0,NONE
H01367,효치과의원,DENTAL,치과,"강원특별자치도 동해시 발한로 186-1, 먹보만두찐빵 (발한동)",동해시,발한로,37.546943,129.1068599,033-532-0717,,,,0,0,0,NONE
H01368,효치과의원,DENTAL,치과,"강원특별자치도 삼척시 오십천로 421, 2,5층 (남양동)",삼척시,오십천로,37.4408417,129.164621,033-575-7582,,,,0,0,0,NONE
H01369,흰돌치과의원,DENTAL,치과,"강원특별자치도 속초시 중앙로 79-1, 2층 (청학동)",속초시,중앙로,38.201746,128.5848225,033-635-7528,,,,0,0,0,NONE
H01370,강릉시보건소,PUBLIC,"내과, 가정의학과","강원특별자치도 강릉시 남부로17번길 38, (내곡동)",강릉시,남부로17번길,37.7428004,128.8828318,033-660-3052,,,,0,0,0,NONE
H01371,강원도 고성군보건소,PUBLIC,"내과, 가정의학과","강원특별자치도 고성군 간성읍 수성로 30, (간성읍)",고성군,간성읍,38.3773033,128.4720022,033-681-4000,,,,0,0,0,NONE
H01372,동해시보건소,PUBLIC,"내과, 가정의학과","강원특별자치도 동해시 천곡로 100-2, (천곡동)",동해시,천곡로,37.5228646,129.1171161,033-530-2401,,,,0,0,0,NONE
H01373,삼척시보건소,PUBLIC,"내과, 가정의학과","강원특별자치도 삼척시 척주로 76, (남양동, 삼척시보건소)",삼척시,척주로,37.4437682,129.1721897,033-572-4000,,,,0,0,0,NONE
H01374,속초시보건소,PUBLIC,"내과, 가정의학과","강원특별자치도 속초시 수복로 36, (교동)",속초시,수복로,38.196068,128.57615,033-631-4000,,,,0,0,0,NONE
H01375,양구군보건소,PUBLIC,"내과, 가정의학과","강원특별자치도 양구군 양구읍 관공서로 42, 42",양구군,양구읍,38.1099518,127.9892227,033-481-2400,,,,0,0,0,NONE
H01376,양양군보건소,PUBLIC,"내과, 가정의학과","강원특별자치도 양양군 양양읍 양양로 9-5, (양양읍)",양양군,양양읍,38.0778,128.627475,033-670-2550,,,,0,0,0,NONE
H01377,영월군보건소,PUBLIC,"내과, 가정의학과","강원특별자치도 영월군 영월읍 하송로 44, 44",영월군,영월읍,37.1841591,128.4634872,033-372-4000,,,,0,0,0,NONE
H01378,원주시보건소,PUBLIC,"내과, 가정의학과","강원특별자치도 원주시 원일로 139, 3층 (일산동, 건강문화센터)",원주시,원일로,37.351556,127.9468055,033-737-4025,,,,0,0,0,NONE
H01379,인제군보건소,PUBLIC,"내과, 가정의학과","강원특별자치도 인제군 인제읍 인제로140번길 34, 34",인제군,인제읍,38.063355,128.168623,033-461-2425,,,,0,0,0,NONE
H01380,정선군보건소,PUBLIC,"내과, 가정의학과","강원특별자치도 정선군 정선읍 녹송로 33, (정선읍)",정선군,정선읍,37.3800927,128.671486,033-563-0034,,,,0,0,0,NONE
H01381,철원군보건소,PUBLIC,"내과, 가정의학과","강원특별자치도 철원군 갈말읍 군탄로 16, (갈말읍)",철원군,갈말읍,38.1482571,127.3028,033-450-5550,,,,0,0,0,NONE
H01382,춘천시보건소,PUBLIC,"내과, 가정의학과","강원특별자치도 춘천시 중앙로 135, (중앙로3가)",춘천시,중앙로,37.875569,127.7202408,033-250-3550,,,,0,0,0,NONE
H01383,태백시보건소,PUBLIC,"내과, 가정의학과","강원특별자치도 태백시 태백로 905, (황지동)",태백시,태백로,37.1767263,128.99235,033-552-4000,,,,0,0,0,NONE
H01384,홍천군보건소,PUBLIC,"내과, 가정의학과","강원특별자치도 홍천군 홍천읍 신장대로 5, 5",홍천군,홍천읍,37.690155,127.8766556,033-434-2401,,,,0,0,0,NONE
H01385,횡성군보건소,PUBLIC,"내과, 가정의학과","강원특별자치도 횡성군 횡성읍 횡성로 379, (횡성군 종합복지타운)",횡성군,횡성읍,37.4871568,127.9844381,033-340-5623,,,,0,0,0,NONE
H01386,가곡보건지소,PUBLIC,"내과, 가정의학과","강원특별자치도 삼척시 가곡면 가곡천로 1477, 가곡면보건지소",삼척시,가곡면,37.1497625,129.2051817,033-572-7014,,,,0,0,0,NONE
H01387,간동면보건지소,PUBLIC,"내과, 가정의학과","강원특별자치도 화천군 간동면 파로호로 934, 934",화천군,간동면,38.0539266,127.7911339,033-442-5049,,,,0,0,0,NONE
H01388,강동보건지소,PUBLIC,"내과, 가정의학과","강원특별자치도 강릉시 강동면 율곡로 2208, (강동면)",강릉시,강동면,37.7280864,128.954213,033-640-4431,,,,0,0,0,NONE
H01389,강현면보건지소,PUBLIC,"내과, 가정의학과","강원특별자치도 양양군 강현면 동해대로 3549, (강현면)",양양군,강현면,38.1535612,128.6072025,033-671-5052,,,,0,0,0,NONE
H01390,구정보건지소,PUBLIC,"내과, 가정의학과","강원특별자치도 강릉시 구정면 새끼미길 99, 99",강릉시,구정면,37.7205047,128.883375,033-644-4430,,,,0,0,0,NONE
H01391,국토정중앙면보건지소,PUBLIC,"내과, 가정의학과","강원특별자치도 양구군 국토정중앙면 삼팔선로 17, (국토정중앙면)",양구군,국토정중앙면,38.1078264,128.0348219,033-480-2617,,,,0,0,0,NONE
H01392,귀래면보건지소,PUBLIC,"내과, 가정의학과","강원특별자치도 원주시 귀래면 북원로 106, (귀래면)",원주시,귀래면,37.1700679,127.8848125,033-737-4536,,,,0,0,0,NONE
H01393,근남보건지소,PUBLIC,"내과, 가정의학과","강원특별자치도 철원군 근남면 하오재로 2050-1, 2050",철원군,근남면,38.2366477,127.470998,033-450-5656,,,,0,0,0,NONE
H01394,근덕보건지소,PUBLIC,"내과, 가정의학과","강원특별자치도 삼척시 근덕면 교가2길 10, (근덕보건지소)",삼척시,근덕면,37.3804439,129.2283781,033-573-0578,,,,0,0,0,NONE
H01395,김삿갓면보건지소,PUBLIC,"내과, 가정의학과","강원특별자치도 영월군 김삿갓면 옥동장터길 34, (김삿갓면)",영월군,김삿갓면,37.1254101,128.5700684,033-372-9085,,,,0,0,0,NONE
H01396,김화보건지소,PUBLIC,"내과, 가정의학과","강원특별자치도 철원군 김화읍 호국로 6510, 6510",철원군,김화읍,38.2497078,127.4212837,033-450-5652,,,,0,0,0,NONE
H01397,남면보건지소,PUBLIC,"내과, 가정의학과","강원특별자치도 영월군 남면 연당로 123, (남면보건지소)",영월군,남면,37.1905866,128.4074798,033-372-4107,,,,0,0,0,NONE
H01398,노곡보건지소,PUBLIC,"내과, 가정의학과","강원특별자치도 삼척시 노곡면 미근로 886, (노곡면)",삼척시,노곡면,37.3478177,129.1640512,033-572-5542,,,,0,0,0,NONE
H01399,대관령보건지소,PUBLIC,"내과, 가정의학과","강원특별자치도 평창군 대관령면 대관령로 63, (대관령면)",평창군,대관령면,37.6742024,128.7040625,033-336-6129,,,,0,0,0,NONE
H01400,대화보건지소,PUBLIC,"내과, 가정의학과","강원특별자치도 평창군 대화면 남산1길 36, (대화면)",평창군,대화면,37.501395,128.4574355,033-332-6125,,,,0,0,0,NONE
H01401,도계읍보건지소,PUBLIC,"내과, 가정의학과","강원특별자치도 삼척시 도계읍 전두안길 56, 도계보건출장소",삼척시,도계읍,37.2332,129.0431529,033-541-4000,,,,0,0,0,NONE
H01402,동면보건지소,PUBLIC,"내과, 가정의학과","강원특별자치도 양구군 동면 금강산로 1697, 1697",양구군,동면,38.2025628,128.0436611,033-480-2627,,,,0,0,0,NONE
H01403,문막읍보건지소,PUBLIC,"내과, 가정의학과","강원특별자치도 원주시 문막읍 건등로 11, (문막읍)",원주시,문막읍,37.312583,127.8172129,033-737-4531,,,,0,0,0,NONE
H01404,미로보건지소,PUBLIC,"내과, 가정의학과","강원특별자치도 삼척시 미로면 적병길 8, (미로면)",삼척시,미로면,37.4175871,129.1124698,033-572-0014,,,,0,0,0,NONE
H01405,미탄보건지소,PUBLIC,"내과, 가정의학과","강원특별자치도 평창군 미탄면 미탄문화길 37, (미탄보건소)",평창군,미탄면,37.3408891,128.499649,033-332-6123,,,,0,0,0,NONE
H01406,방림보건지소,PUBLIC,"내과, 가정의학과","강원특별자치도 평창군 방림면 방림1길 14, (방림면)",평창군,방림면,37.4270929,128.3920204,033-330-2143,,,,0,0,0,NONE
H01407,방산면보건지소,PUBLIC,"내과, 가정의학과","강원특별자치도 양구군 방산면 장거리길 37-1, (방산면)",양구군,방산면,38.2086098,127.9516275,033-480-2637,,,,0,0,0,NONE
H01408,봉평보건지소,PUBLIC,"내과, 가정의학과","강원특별자치도 평창군 봉평면 기풍8길 32-4, (봉평면)",평창군,봉평면,37.6163335,128.380731,033-336-6126,,,,0,0,0,NONE
H01409,부론면보건지소,PUBLIC,"내과, 가정의학과","강원특별자치도 원주시 부론면 법천시장길 59, (부론면)",원주시,부론면,37.2076589,127.7505147,033-737-4535,,,,0,0,0,NONE
H01410,북면보건지소,PUBLIC,"내과, 가정의학과","강원특별자치도 영월군 북면 문학로길 29, 29",영월군,북면,37.2557044,128.4529162,033-372-3300,,,,0,0,0,NONE
H01411,사내면보건지소,PUBLIC,"내과, 가정의학과","강원특별자치도 화천군 사내면 문화마을1길 55, (사내면)",화천군,사내면,38.069666,127.5232231,033-441-4203,,,,0,0,0,NONE
H01412,사천보건지소,PUBLIC,"내과, 가정의학과","강원특별자치도 강릉시 사천면 미노길 67, 67",강릉시,사천면,37.823517,128.848713,033-660-2350,,,,0,0,0,NONE
H01413,산솔면보건지소,PUBLIC,"내과, 가정의학과","강원특별자치도 영월군 산솔면 태백산로 1202, (산솔면)",영월군,산솔면,37.1451663,128.6802402,033-378-4012,,,,0,0,0,NONE
H01414,삼화보건지소,PUBLIC,"내과, 가정의학과","강원특별자치도 동해시 무릉1길 10, (이로동, 삼화동주민센터)",동해시,무릉1길,37.4884058,129.0676214,033-530-2420,,,,0,0,0,NONE
H01415,상동읍보건지소,PUBLIC,"내과, 가정의학과","강원특별자치도 영월군 상동읍 태백산로 3189, (상동읍사무소)",영월군,상동읍,37.12698,128.8267734,033-378-3420,,,,0,0,0,NONE
H01416,상서면보건지소,PUBLIC,"내과, 가정의학과","강원특별자치도 화천군 상서면 다파로 1617, (상서면)",화천군,상서면,38.1573811,127.6548004,033-441-6208,,,,0,0,0,NONE
H01417,서면보건지소,PUBLIC,"내과, 가정의학과","강원특별자치도 양양군 서면 들돌길 10, (서면)",양양군,서면,38.0712512,128.5861894,033-672-8786,,,,0,0,0,NONE
H01418,서면보건지소,PUBLIC,"내과, 가정의학과","강원특별자치도 철원군 서면 신술2길 38, 38",철원군,서면,38.1643907,127.4150521,033-450-5655,,,,0,0,0,NONE
H01419,성산보건지소,PUBLIC,"내과, 가정의학과","강원특별자치도 강릉시 성산면 구산길 20, 20",강릉시,성산면,37.7189616,128.8321413,033-640-4428,,,,0,0,0,NONE
H01420,소초면보건지소,PUBLIC,"내과, 가정의학과","강원특별자치도 원주시 소초면 치악로 2790, (소초면)",원주시,소초면,37.41796,128.002388,033-737-4532,,,,0,0,0,NONE
H01421,손양면보건지소,PUBLIC,"내과, 가정의학과","강원특별자치도 양양군 손양면 손중로 209, (손양면)",양양군,손양면,38.060533,128.6411,033-671-8757,,,,0,0,0,NONE
H01422,신기보건지소,PUBLIC,"내과, 가정의학과","강원특별자치도 삼척시 신기면 신기길 15, (신기면)",삼척시,신기면,37.3496094,129.0831747,033-541-1900,,,,0,0,0,NONE
H01423,신림면보건지소,PUBLIC,"내과, 가정의학과","강원특별자치도 원주시 신림면 치악로 32, (신림면)",원주시,신림면,37.231526,128.078438,033-737-4539,,,,0,0,0,NONE
H01424,신북읍보건지소,PUBLIC,"내과, 가정의학과","강원특별자치도 춘천시 신북읍 율문길 75, (신북읍보건지소)",춘천시,신북읍,37.9258903,127.7462251,033-250-3863,,,,0,0,0,NONE
H01425,옥계보건지소,PUBLIC,"내과, 가정의학과","강원특별자치도 강릉시 옥계면 현내중길 8, 8",강릉시,옥계면,37.6090767,129.0343955,033-660-2470,,,,0,0,0,NONE
H01426,왕산보건지소,PUBLIC,"내과, 가정의학과","강원특별자치도 강릉시 왕산면 백두대간로 1991, (왕산면)",강릉시,왕산면,37.6723053,128.8377678,033-660-2340,,,,0,0,0,NONE
H01427,용평보건지소,PUBLIC,"내과, 가정의학과","강원특별자치도 평창군 용평면 갈정지길 10, (용평면)",평창군,용평면,37.5898356,128.4163731,033-332-6127,,,,0,0,0,NONE
H01428,원덕읍보건지소,PUBLIC,"내과, 가정의학과","강원특별자치도 삼척시 원덕읍 삼척로 445-53, (원덕보건출장소)",삼척시,원덕읍,37.175751,129.334588,033-573-4000,,,,0,0,0,NONE
H01429,인제군기린면보건지소,PUBLIC,"내과, 가정의학과","강원특별자치도 인제군 기린면 기린로58번길 5, (기린보건지소)",인제군,기린면,37.9574434,128.3189339,033-461-5274,,,,0,0,0,NONE
H01430,인제군남면보건지소,PUBLIC,"내과, 가정의학과","강원특별자치도 인제군 남면 신남로94번길 9, (인제보건소)",인제군,남면,37.970069,128.0829965,033-461-1426,,,,0,0,0,NONE
H01431,인제군북면보건지소,PUBLIC,"내과, 가정의학과","강원특별자치도 인제군 북면 금강로 62, (북면)",인제군,북면,38.1254867,128.2055191,033-461-6628,,,,0,0,0,NONE
H01432,인제군상남면보건지소,PUBLIC,"내과, 가정의학과","강원특별자치도 인제군 상남면 상남로 42, (상남보건지소)",인제군,상남면,37.873584,128.2592776,033-461-6958,,,,0,0,0,NONE
H01433,인제군서화면보건지소,PUBLIC,"내과, 가정의학과","강원특별자치도 인제군 서화면 천도로114번길 9-10, (서화보건지소)",인제군,서화면,38.2226837,128.2104005,033-462-4176,,,,0,0,0,NONE
H01434,정선군보건소고한사북지소,PUBLIC,"내과, 가정의학과","강원특별자치도 정선군 고한읍 물한리길 10, (고한읍)",정선군,고한읍,37.2109461,128.8364149,033-592-2628,,,,0,0,0,NONE
H01435,정선군보건소남면지소,PUBLIC,"내과, 가정의학과","강원특별자치도 정선군 남면 별어곡1길 59, 59",정선군,남면,37.2664597,128.7380946,033-591-1265,,,,0,0,0,NONE
H01436,정선군보건소북평면지소,PUBLIC,"내과, 가정의학과","강원특별자치도 정선군 북평면 북평6길 34, 34",정선군,북평면,37.4486037,128.6700217,033-562-9796,,,,0,0,0,NONE
H01437,정선군보건소신동읍지소,PUBLIC,"내과, 가정의학과","강원특별자치도 정선군 신동읍 의림로 313, (신동읍)",정선군,신동읍,37.2198736,128.6444202,033-378-7296,,,,0,0,0,NONE
H01438,정선군보건소임계면지소,PUBLIC,"내과, 가정의학과","강원특별자치도 정선군 임계면 송계8길 9, 9",정선군,임계면,37.4967877,128.8514862,033-563-1396,,,,0,0,0,NONE
H01439,정선군여량면보건지소,PUBLIC,"내과, 가정의학과","강원특별자치도 정선군 여량면 서동로 2885, (여량면)",정선군,여량면,37.4706856,128.7205522,033-562-1816,,,,0,0,0,NONE
H01440,정선군화암면보건지소,PUBLIC,"내과, 가정의학과","강원특별자치도 정선군 화암면 그림바위길 57, (화암면 보건지소)",정선군,화암면,37.3389636,128.7887387,033-562-2063,,,,0,0,0,NONE
H01441,주문진통합보건지소,PUBLIC,"내과, 가정의학과","강원특별자치도 강릉시 주문진읍 항구로 19, (주문진읍)",강릉시,주문진읍,37.8940471,128.8234018,033-660-3474,,,,0,0,0,NONE
H01442,주천통합보건지소,PUBLIC,"내과, 가정의학과","강원특별자치도 영월군 주천면 송학주천로 1461, (주천면)",영월군,주천면,37.2735883,128.2703744,033-372-7156,,,,0,0,0,NONE
H01443,죽왕보건지소,PUBLIC,"내과, 가정의학과","강원특별자치도 고성군 죽왕면 심층수길 9, (죽왕면보건지소)",고성군,죽왕면,38.3254186,128.5257694,033-632-0068,,,,0,0,0,NONE
H01444,지정면보건지소,PUBLIC,"내과, 가정의학과","강원특별자치도 원주시 지정면 간현로 126, (지정면)",원주시,지정면,37.3621821,127.8401906,033-737-4534,,,,0,0,0,NONE
H01445,철암보건지소,PUBLIC,"내과, 가정의학과","강원특별자치도 태백시 철암길 16, (철암동, 철암보건지소)",태백시,철암길,37.11703,129.0398931,033-550-2717,,,,0,0,0,NONE
H01446,철원동송통합보건지소,PUBLIC,"내과, 가정의학과","강원특별자치도 철원군 철원읍 금학로279번길 15, (철원읍)",철원군,철원읍,38.2120936,127.2128736,033-450-5651,,,,0,0,0,NONE
H01447,춘천시남면보건지소,PUBLIC,"내과, 가정의학과","강원특별자치도 춘천시 남면 충효로 1130-10, (남면사무소)",춘천시,남면,37.7321654,127.5997755,033-263-3211,,,,0,0,0,NONE
H01448,춘천시남산면보건지소,PUBLIC,"내과, 가정의학과","강원특별자치도 춘천시 남산면 강촌로 331, (보건지소)",춘천시,남산면,37.7916418,127.6448036,033-250-3886,,,,0,0,0,NONE
H01449,춘천시동내면보건지소,PUBLIC,"내과, 가정의학과","강원특별자치도 춘천시 동내면 동내로 78, (동내면)",춘천시,동내면,37.8478654,127.7611125,033-262-6118,,,,0,0,0,NONE
H01450,춘천시동면보건지소,PUBLIC,"내과, 가정의학과","강원특별자치도 춘천시 동면 가산로 69, (동면사무소)",춘천시,동면,37.9102763,127.7810583,033-241-1042,,,,0,0,0,NONE
H01451,춘천시동산면보건지소,PUBLIC,"내과, 가정의학과","강원특별자치도 춘천시 동산면 조양길 270, (동산면)",춘천시,동산면,37.7523116,127.7962366,033-250-3884,,,,0,0,0,NONE
H01452,춘천시북산면보건지소,PUBLIC,"내과, 가정의학과","강원특별자치도 춘천시 북산면 북산로 493, (북산면사무소)",춘천시,북산면,37.9872931,127.8860458,033-251-0555,,,,0,0,0,NONE
H01453,춘천시사북면보건지소,PUBLIC,"내과, 가정의학과","강원특별자치도 춘천시 사북면 영서로 4723, 사북면보건지소",춘천시,사북면,38.0302249,127.6406635,033-250-3888,,,,0,0,0,NONE
H01454,춘천시서면보건지소,PUBLIC,"내과, 가정의학과","강원특별자치도 춘천시 서면 금산길 27, 27",춘천시,서면,37.898314,127.6928241,033-250-3887,,,,0,0,0,NONE
H01455,춘천시신동면보건지소,PUBLIC,"내과, 가정의학과","강원특별자치도 춘천시 신동면 김유정로 1418, (신동면)",춘천시,신동면,37.8177124,127.7160302,033-250-3895,,,,0,0,0,NONE
H01456,토성보건지소,PUBLIC,"내과, 가정의학과","강원특별자치도 고성군 토성면 토성로 174, (토성면보건지소)",고성군,토성면,38.2597464,128.556677,033-633-7217,,,,0,0,0,NONE
H01457,판부면보건지소,PUBLIC,"내과, 가정의학과","강원특별자치도 원주시 치악로 1501, (관설동)",원주시,치악로,37.3182746,127.9666676,033-737-4538,,,,0,0,0,NONE
H01458,하남면보건지소,PUBLIC,"내과, 가정의학과","강원특별자치도 화천군 하남면 영서로 5496-7, (하남면)",화천군,하남면,38.0577384,127.666277,033-441-3603,,,,0,0,0,NONE
H01459,하장보건지소,PUBLIC,"내과, 가정의학과","강원특별자치도 삼척시 하장면 하장길 118, (하장면)",삼척시,하장면,37.3494567,128.9430381,033-552-0008,,,,0,0,0,NONE
H01460,한반도면보건지소,PUBLIC,"내과, 가정의학과","강원특별자치도 영월군 한반도면 쌍용로 203-3, 한반도면보건지소",영월군,한반도면,37.1777429,128.3266354,033-370-2179,,,,0,0,0,NONE
H01461,해안면보건지소,PUBLIC,"내과, 가정의학과","강원특별자치도 양구군 해안면 펀치볼로 1357-6, 1357",양구군,해안면,38.2893795,128.1395731,033-480-2647,,,,0,0,0,NONE
H01462,현남면보건지소,PUBLIC,"내과, 가정의학과","강원특별자치도 양양군 현남면 인구길 53, 53",양양군,현남면,37.9689224,128.7610131,033-671-6034,,,,0,0,0,NONE
H01463,현내보건지소,PUBLIC,"내과, 가정의학과","강원특별자치도 고성군 현내면 대진6길 20, (현내면보건지소)",고성군,현내면,38.4992723,128.4236226,033-682-0209,,,,0,0,0,NONE
H01464,현북면보건지소,PUBLIC,"내과, 가정의학과","강원특별자치도 양양군 현북면 하조대1길 41-8, 41",양양군,현북면,38.0189544,128.7231145,033-670-2363,,,,0,0,0,NONE
H01465,호저면보건지소,PUBLIC,"내과, 가정의학과","강원특별자치도 원주시 호저면 호저로 429, (호저면)",원주시,호저면,37.411007,127.925675,033-737-4533,,,,0,0,0,NONE
H01466,홍천군내면보건지소,PUBLIC,"내과, 가정의학과","강원특별자치도 홍천군 내면 창촌로 57-15, (내면)",홍천군,내면,37.77344,128.3885062,033-430-4125,,,,0,0,0,NONE
H01467,홍천군내촌면보건지소,PUBLIC,"내과, 가정의학과","강원특별자치도 홍천군 내촌면 도관길 22-4, (내촌면)",홍천군,내촌면,37.8162519,128.0899941,033-430-4101,,,,0,0,0,NONE
H01468,홍천군두촌면보건지소,PUBLIC,"내과, 가정의학과","강원특별자치도 홍천군 두촌면 자은장터길 4-4, (두촌면)",홍천군,두촌면,37.8677946,128.0193464,033-430-4095,,,,0,0,0,NONE
H01469,홍천군서면보건지소,PUBLIC,"내과, 가정의학과","강원특별자치도 홍천군 서면 팔봉산로 621, (서면)",홍천군,서면,37.688829,127.6645067,033-430-4120,,,,0,0,0,NONE
H01470,홍천군서석면보건지소,PUBLIC,"내과, 가정의학과","강원특별자치도 홍천군 서석면 풍암길 12, (서석면)",홍천군,서석면,37.7136474,128.1859365,033-430-4106,,,,0,0,0,NONE
H01471,홍천군영귀미면보건지소,PUBLIC,"내과, 가정의학과","강원특별자치도 홍천군 영귀미면 공작산로 495, (영귀미면)",홍천군,영귀미면,37.6778577,127.9346028,033-430-4110,,,,0,0,0,NONE
H01472,홍천군화촌면보건지소,PUBLIC,"내과, 가정의학과","강원특별자치도 홍천군 화촌면 성산로 135, (화촌면)",홍천군,화촌면,37.7703479,127.9663418,033-430-4090,,,,0,0,0,NONE
H01473,횡성군갑천보건지소,PUBLIC,"내과, 가정의학과","강원특별자치도 횡성군 갑천면 청정로 295, 295",횡성군,갑천면,37.560967,128.110212,033-340-5751,,,,0,0,0,NONE
H01474,횡성군강림보건지소,PUBLIC,"내과, 가정의학과","강원특별자치도 횡성군 강림면 태종로 42, 42",횡성군,강림면,37.36024,128.1254,033-340-5791,,,,0,0,0,NONE
H01475,횡성군공근보건지소,PUBLIC,"내과, 가정의학과","강원특별자치도 횡성군 공근면 학담시장길 12, (공근면)",횡성군,공근면,37.5368389,127.9620855,033-340-5773,,,,0,0,0,NONE
H01476,횡성군둔내보건지소,PUBLIC,"내과, 가정의학과","강원특별자치도 횡성군 둔내면 둔내로51번길 17, 둔내면사무소, 둔내보건지소",횡성군,둔내면,37.512233,128.218813,033-340-5741,,,,0,0,0,NONE
H01477,횡성군서원보건지소,PUBLIC,"내과, 가정의학과","강원특별자치도 횡성군 서원면 서원로 161, 161",횡성군,서원면,37.4871001,127.8503718,033-340-5781,,,,0,0,0,NONE
H01478,횡성군안흥보건지소,PUBLIC,"내과, 가정의학과","강원특별자치도 횡성군 안흥면 안흥로 31, (안흥면)",횡성군,안흥면,37.4125375,128.1566293,033-340-5733,,,,0,0,0,NONE
H01479,횡성군우천보건지소,PUBLIC,"내과, 가정의학과","강원특별자치도 횡성군 우천면 우항1길 5-30, (우천면)",횡성군,우천면,37.459443,128.06235,033-340-5721,,,,0,0,0,NONE
H01480,횡성군청일보건지소,PUBLIC,"내과, 가정의학과","강원특별자치도 횡성군 청일면 유동로 17-1, (청일면)",횡성군,청일면,37.5835673,128.1501181,033-340-5761,,,,0,0,0,NONE
H01481,흥업면보건지소,PUBLIC,"내과, 가정의학과","강원특별자치도 원주시 흥업면 울업1길 3, (흥업면)",원주시,흥업면,37.3026129,127.9211771,033-737-4537,,,,0,0,0,NONE
H01482,개수보건진료소,PUBLIC,"내과, 가정의학과","강원특별자치도 평창군 대화면 금당계곡로 832, (개수보건진료소)",평창군,대화면,37.4870516,128.3915193,033-332-5160,,,,0,0,0,NONE
H01483,거문보건진료소,PUBLIC,"내과, 가정의학과","강원특별자치도 평창군 진부면 거문길 13-3, (거문보건진료소)",평창군,진부면,37.6027866,128.5317194,033-336-5166,,,,0,0,0,NONE
H01484,계촌보건진료소,PUBLIC,"내과, 가정의학과","강원특별자치도 평창군 방림면 운지로 294-14, (방림면)",평창군,방림면,37.4507895,128.3024245,033-332-5158,,,,0,0,0,NONE
H01485,고길보건진료소,PUBLIC,"내과, 가정의학과","강원특별자치도 평창군 평창읍 고길천4길 13-15, (고길리보건진료소)",평창군,평창읍,37.4045788,128.4551106,033-332-5155,,,,0,0,0,NONE
H01486,고단보건진료소,PUBLIC,"내과, 가정의학과","강원특별자치도 강릉시 왕산면 왕산로 70, (왕산면)",강릉시,왕산면,37.5221245,128.8417783,033-648-8606,,,,0,0,0,NONE
H01487,고산보건진료소,PUBLIC,"내과, 가정의학과","강원특별자치도 원주시 호저면 광학로 16, 16",원주시,호저면,37.4500104,127.9307177,033-732-3818,,,,0,0,0,NONE
H01488,군량리보건진료소,PUBLIC,"내과, 가정의학과","강원특별자치도 양구군 양구읍 성곡로847번길 46, (양구읍)",양구군,양구읍,38.1567398,127.9596322,033-482-1300,,,,0,0,0,NONE
H01489,남양보건진료소,PUBLIC,"내과, 가정의학과","강원특별자치도 강릉시 옥계면 옥계로 712-2, (옥계면)",강릉시,옥계면,37.5810457,129.0301194,033-535-6669,,,,0,0,0,NONE
H01490,내대보건진료소,PUBLIC,"내과, 가정의학과","강원특별자치도 철원군 갈말읍 내대5길 5-14, 5",철원군,갈말읍,38.2030578,127.2976096,033-452-3144,,,,0,0,0,NONE
H01491,다목보건진료소,PUBLIC,"내과, 가정의학과","강원특별자치도 화천군 상서면 수피령로 1318, (다목보건진료소)",화천군,상서면,38.1771286,127.5332527,033-441-7224,,,,0,0,0,NONE
H01492,다수보건진료소,PUBLIC,"내과, 가정의학과","강원특별자치도 평창군 평창읍 숫돌고개길 16, (평창읍)",평창군,평창읍,37.3955436,128.3667184,033-336-5156,,,,0,0,0,NONE
H01493,단강보건진료소,PUBLIC,"내과, 가정의학과","강원특별자치도 원주시 부론면 부귀로 753, (부론면)",원주시,부론면,37.1533729,127.7866422,033-764-9043,,,,0,0,0,NONE
H01494,대기보건진료소,PUBLIC,"내과, 가정의학과","강원특별자치도 강릉시 왕산면 왕산로 1324-4, (왕산면)",강릉시,왕산면,37.5878267,128.7782265,033-647-7358,,,,0,0,0,NONE
H01495,대마보건진료소,PUBLIC,"내과, 가정의학과","강원특별자치도 철원군 철원읍 묘장로 348-19, (대마보건진료소)",철원군,철원읍,38.2636598,127.1644869,033-455-5008,,,,0,0,0,NONE
H01496,도돈보건진료소,PUBLIC,"내과, 가정의학과","강원특별자치도 평창군 평창읍 평창강로 854, (도돈보건진료소)",평창군,평창읍,37.3249198,128.3701176,033-332-5157,,,,0,0,0,NONE
H01497,도원보건진료소,PUBLIC,"내과, 가정의학과","강원특별자치도 고성군 토성면 사그메기길 5, (도원보건진료소)",고성군,토성면,38.2713706,128.5000143,033-632-3939,,,,0,0,0,NONE
H01498,도창보건진료소,PUBLIC,"내과, 가정의학과","강원특별자치도 철원군 김화읍 도창3길 11, (도창보건진료소)",철원군,김화읍,38.2698306,127.355182,033-450-5851,,,,0,0,0,NONE
H01499,두일보건진료소,PUBLIC,"내과, 가정의학과","강원특별자치도 평창군 진부면 방아다리로 338-3, (두일 보건진료소)",평창군,진부면,37.6869551,128.5610435,033-336-5167,,,,0,0,0,NONE
H01500,등매보건진료소,PUBLIC,"내과, 가정의학과","강원특별자치도 평창군 봉평면 금당계곡로 1777-9, (등매보건진료소)",평창군,봉평면,37.5528712,128.3934838,033-332-5162,,,,0,0,0,NONE
H01501,마읍보건진료소,PUBLIC,"내과, 가정의학과","강원특별자치도 삼척시 노곡면 문의재로 2559-17, (노곡면)",삼척시,노곡면,37.2741626,129.1794303,033-572-7765,,,,0,0,0,NONE
H01502,마현보건진료소,PUBLIC,"내과, 가정의학과","강원특별자치도 철원군 근남면 마현1길 20-41, (마현보건진료지소)",철원군,근남면,38.273036,127.5404282,033-458-1356,,,,0,0,0,NONE
H01503,매원보건진료소,PUBLIC,"내과, 가정의학과","강원특별자치도 삼척시 근덕면 궁촌길 480, (근덕면)",삼척시,근덕면,37.3044942,129.2728433,033-574-9400,,,,0,0,0,NONE
H01504,면온보건진료소,PUBLIC,"내과, 가정의학과","강원특별자치도 평창군 봉평면 진조길 14, (봉평면)",평창군,봉평면,37.563172,128.3482784,033-332-5163,,,,0,0,0,NONE
H01505,명파보건진료소,PUBLIC,"내과, 가정의학과","강원특별자치도 고성군 현내면 금강산로 814, (명파보건진료소)",고성군,현내면,38.5389924,128.4023072,033-682-0098,,,,0,0,0,NONE
H01506,무릉보건진료소,PUBLIC,"내과, 가정의학과","강원특별자치도 영월군 수주면 중방길 62-2, (수주면보건소)",영월군,수주면,37.2886066,128.2688126,033-372-8121,,,,0,0,0,NONE
H01507,보광보건진료소,PUBLIC,"내과, 가정의학과","강원특별자치도 강릉시 성산면 보현길 22-2, (성산면)",강릉시,성산면,37.7383539,128.8054782,033-647-9703,,,,0,0,0,NONE
H01508,봉오보건진료소,PUBLIC,"내과, 가정의학과","강원특별자치도 화천군 상서면 신월동로 24, (상서면)",화천군,상서면,38.193245,127.598153,033-441-7188,,,,0,0,0,NONE
H01509,비두보건진료소,PUBLIC,"내과, 가정의학과","강원특별자치도 원주시 문막읍 귀문로 956, 956",원주시,문막읍,37.2512412,127.8356492,033-732-3507,,,,0,0,0,NONE
H01510,사제보건진료소,PUBLIC,"내과, 가정의학과","강원특별자치도 원주시 흥업면 사제로 424, 424",원주시,흥업면,37.3277075,127.8878009,033-763-5661,,,,0,0,0,NONE
H01511,사조보건진료소,PUBLIC,"내과, 가정의학과","강원특별자치도 태백시 백두대간로 1298, (상사미동, 사조보건진료소)",태백시,백두대간로,37.2776032,128.9906042,033-550-2715,,,,0,0,0,NONE
H01512,사천진보건진료소,PUBLIC,"내과, 가정의학과","강원특별자치도 강릉시 사천면 진리항구2길 16, (사천면)",강릉시,사천면,37.837174,128.8751872,033-644-0195,,,,0,0,0,NONE
H01513,산계보건진료소,PUBLIC,"내과, 가정의학과","강원특별자치도 강릉시 옥계면 산계길 952-1, (옥계면)",강릉시,옥계면,37.5751882,128.9457217,033-535-3309,,,,0,0,0,NONE
H01514,산양보건진료소,PUBLIC,"내과, 가정의학과","강원특별자치도 화천군 상서면 영서로 7759-17, (산양보건진료소)",화천군,상서면,38.210562,127.6633548,033-442-6121,,,,0,0,0,NONE
H01515,산학보건진료쇼,PUBLIC,"내과, 가정의학과","강원특별자치도 고성군 현내면 산학2길 2-13, (현내면)",고성군,현내면,38.4763859,128.4088175,033-682-3902,,,,0,0,0,NONE
H01516,산현보건진료소,PUBLIC,"내과, 가정의학과","강원특별자치도 원주시 호저면 칠봉로 380, (호저면)",원주시,호저면,37.4280391,127.8933413,033-737-4523,,,,0,0,0,NONE
H01517,삼산보건진료소,PUBLIC,"내과, 가정의학과","강원특별자치도 강릉시 연곡면 삼산길 3, (연곡면)",강릉시,연곡면,37.8471172,128.69974,033-661-4225,,,,0,0,0,NONE
H01518,상정보건진료소,PUBLIC,"내과, 가정의학과","강원특별자치도 삼척시 미로면 상정길 83, (미로면)",삼척시,미로면,37.3815615,129.0947356,033-574-3417,,,,0,0,0,NONE
H01519,서림보건진료소,PUBLIC,"내과, 가정의학과","강원특별자치도 양양군 서면 구룡령로 2039-18, (서림보건진료소)",양양군,서면,37.9817668,128.526876,033-673-0965,,,,0,0,0,NONE
H01520,석교보건진료소,PUBLIC,"내과, 가정의학과","강원특별자치도 양양군 강현면 화채봉길 107, (강현면)",양양군,강현면,38.123993,128.5706432,033-673-5805,,,,0,0,0,NONE
H01521,석항보건진료소,PUBLIC,"내과, 가정의학과","강원특별자치도 영월군 중동면 영월로 3856-3, (석항마을회관)",영월군,중동면,37.1979737,128.6197019,033-378-4900,,,,0,0,0,NONE
H01522,성천보건진료소,PUBLIC,"내과, 가정의학과","강원특별자치도 고성군 토성면 용원로 277, (성천보건진료소)",고성군,토성면,38.2274407,128.5477087,033-635-1763,,,,0,0,0,NONE
H01523,속사보건진료소,PUBLIC,"내과, 가정의학과","강원특별자치도 평창군 용평면 양지길 10, 10",평창군,용평면,37.6385037,128.4949992,033-332-5165,,,,0,0,0,NONE
H01524,송정보건진료소,PUBLIC,"내과, 가정의학과","강원특별자치도 고성군 거진읍 건봉사로 1511, (송정보건진료소)",고성군,거진읍,38.4411154,128.4234691,033-682-1826,,,,0,0,0,NONE
H01525,수산보건진료소,PUBLIC,"내과, 가정의학과","강원특별자치도 양양군 손양면 수산2길 7-1, (수산보건진료소)",양양군,손양면,38.0789026,128.6707336,033-672-2177,,,,0,0,0,NONE
H01526,수항보건진료소,PUBLIC,"내과, 가정의학과","강원특별자치도 평창군 진부면 오대천로 924, (수항보건진료소)",평창군,진부면,37.5596254,128.5634419,033-332-5168,,,,0,0,0,NONE
H01527,신리보건진료소,PUBLIC,"내과, 가정의학과","강원특별자치도 평창군 대화면 고토곡길 4, (신리보건진료소)",평창군,대화면,37.5388672,128.4598648,033-332-5161,,,,0,0,0,NONE
H01528,신천보건진료소,PUBLIC,"내과, 가정의학과","강원특별자치도 영월군 한반도면 서강로 724-4, (신천보건진료소)",영월군,한반도면,37.2365626,128.3253436,033-372-6099,,,,0,0,0,NONE
H01529,아야진보건진료소,PUBLIC,"내과, 가정의학과","강원특별자치도 고성군 토성면 아야진해변길 83, (아야진보건진료소)",고성군,토성면,38.2725128,128.5556221,033-631-4818,,,,0,0,0,NONE
H01530,양지보건진료소,PUBLIC,"내과, 가정의학과","강원특별자치도 철원군 동송읍 양지3길 13-20, (양지보건진료소)",철원군,동송읍,38.268497,127.284271,033-450-5854,,,,0,0,0,NONE
H01531,어성전보건진료소,PUBLIC,"내과, 가정의학과","강원특별자치도 양양군 현북면 어성전길 50, (현북면)",양양군,현북면,37.9568699,128.6660683,033-673-0959,,,,0,0,0,NONE
H01532,어천보건진료소,PUBLIC,"내과, 가정의학과","강원특별자치도 고성군 간성읍 어천1길 45-4, (어천보건진료소)",고성군,간성읍,38.3607182,128.4206916,033-681-3356,,,,0,0,0,NONE
H01533,역둔보건진료소,PUBLIC,"내과, 가정의학과","강원특별자치도 삼척시 하장면 역둔원동로 1-8, (하장면)",삼척시,하장면,37.2942124,128.8836955,033-552-0681,,,,0,0,0,NONE
H01534,연덕보건진료소,PUBLIC,"내과, 가정의학과","강원특별자치도 영월군 북면 삼방산길 28-11, (연덕보건소)",영월군,북면,37.2836722,128.4259448,033-374-9609,,,,0,0,0,NONE
H01535,오음보건진료소,PUBLIC,"내과, 가정의학과","강원특별자치도 화천군 간동면 간척월명로 292, (간동면)",화천군,간동면,38.053301,127.8174249,033-442-5207,,,,0,0,0,NONE
H01536,용산보건진료소,PUBLIC,"내과, 가정의학과","강원특별자치도 평창군 대관령면 큰터길 21, (용산보건진료소)",평창군,대관령면,37.660552,128.6645658,033-336-5169,,,,0,0,0,NONE
H01537,용암보건진료소,PUBLIC,"내과, 가정의학과","강원특별자치도 고성군 토성면 장새미길 9, (토성면)",고성군,토성면,38.2581179,128.5284815,033-633-0938,,,,0,0,0,NONE
H01538,용암보건진료소,PUBLIC,"내과, 가정의학과","강원특별자치도 화천군 하남면 용화산로 1292, (하남면)",화천군,하남면,38.0862725,127.7018783,033-441-2919,,,,0,0,0,NONE
H01539,운학보건진료소,PUBLIC,"내과, 가정의학과","강원특별자치도 영월군 수주면 덕은골길 6, (무릉도원면)",영월군,수주면,37.32697,128.18987,033-374-6110,,,,0,0,0,NONE
H01540,유천보건진료소,PUBLIC,"내과, 가정의학과","강원특별자치도 평창군 대관령면 전나무길 8, (대관령면)",평창군,대관령면,37.6709217,128.6018746,033-332-5170,,,,0,0,0,NONE
H01541,인제군기린면방동보건진료소,PUBLIC,"내과, 가정의학과","강원특별자치도 인제군 기린면 조침령로 666, (방동보건진료소)",인제군,기린면,37.9554197,128.3730246,033-463-4537,,,,0,0,0,NONE
H01542,인제군기린면북리보건진료소,PUBLIC,"내과, 가정의학과","강원특별자치도 인제군 기린면 내린천로 4896, 4896",인제군,기린면,37.9928157,128.2866732,033-462-4535,,,,0,0,0,NONE
H01543,인제군북면용대보건진료소,PUBLIC,"내과, 가정의학과","강원특별자치도 인제군 북면 미시령로 1158-1, 용대보건진료소",인제군,북면,38.1979812,128.3443329,4624197,,,,0,0,0,NONE
H01544,인제군서화면서화보건진료소,PUBLIC,"내과, 가정의학과","강원특별자치도 인제군 서화면 금강로 1739, 1739",인제군,서화면,38.2501025,128.2087047,033-463-4283,,,,0,0,0,NONE
H01545,인제군인제읍귀둔보건진료소,PUBLIC,"내과, 가정의학과","강원특별자치도 인제군 인제읍 점봉산로 99, (귀둔보건진료소)",인제군,인제읍,38.0165383,128.3658969,033-463-4193,,,,0,0,0,NONE
H01546,임곡보건진료소,PUBLIC,"내과, 가정의학과","강원특별자치도 강릉시 강동면 임곡로 738, (강동면)",강릉시,강동면,37.6883113,128.9729808,033-648-5942,,,,0,0,0,NONE
H01547,임원보건진료소,PUBLIC,"내과, 가정의학과","강원특별자치도 삼척시 원덕읍 삼척로 1213, 1213",삼척시,원덕읍,37.2329834,129.3425275,033-572-5990,,,,0,0,0,NONE
H01548,입암보건진료소,PUBLIC,"내과, 가정의학과","강원특별자치도 양양군 현남면 화상천로 260, (입암보건진료소)",양양군,현남면,37.9283098,128.7687494,033-671-7528,,,,0,0,0,NONE
H01549,잠곡보건진료소,PUBLIC,"내과, 가정의학과","강원특별자치도 철원군 근남면 하오재로 1298, (잠곡2리경로당부녀회)",철원군,근남면,38.1791356,127.4651039,033-450-5856,,,,0,0,0,NONE
H01550,장호보건진료소,PUBLIC,"내과, 가정의학과","강원특별자치도 삼척시 근덕면 삼척로 2110-20, (근덕면)",삼척시,근덕면,37.284401,129.3132349,033-572-4085,,,,0,0,0,NONE
H01551,정동보건진료소,PUBLIC,"내과, 가정의학과","강원특별자치도 강릉시 강동면 헌화로 1054, (강동면)",강릉시,강동면,37.6882083,129.0340833,033-644-5537,,,,0,0,0,NONE
H01552,정선군보건소고성진료소,PUBLIC,"내과, 가정의학과","강원특별자치도 정선군 신동읍 창말길 26, (신동읍)",정선군,신동읍,37.2462782,128.6035569,033-378-0939,,,,0,0,0,NONE
H01553,정선군보건소광락진료소,PUBLIC,"내과, 가정의학과","강원특별자치도 정선군 남면 광락로 46, (남면)",정선군,남면,37.3252501,128.7116367,033-591-0005,,,,0,0,0,NONE
H01554,정선군보건소광하진료소,PUBLIC,"내과, 가정의학과","강원특별자치도 정선군 정선읍 망하길 87, (광하보건지소)",정선군,정선읍,37.3553584,128.6026105,033-562-6979,,,,0,0,0,NONE
H01555,정선군보건소구절진료소,PUBLIC,"내과, 가정의학과","강원특별자치도 정선군 여량면 구절양지말길 28, (구절보건진료소)",정선군,여량면,37.5190728,128.7347822,033-562-5146,,,,0,0,0,NONE
H01556,정선군보건소도전진료소,PUBLIC,"내과, 가정의학과","강원특별자치도 정선군 임계면 눈꽃마을길 184, (임계면)",정선군,임계면,37.5043458,128.90904,033-562-8776,,,,0,0,0,NONE
H01557,정선군보건소문래진료소,PUBLIC,"내과, 가정의학과","강원특별자치도 정선군 임계면 백두대간로 312, (임계면)",정선군,임계면,37.4135424,128.8553423,033-562-6689,,,,0,0,0,NONE
H01558,정선군보건소반천진료소,PUBLIC,"내과, 가정의학과","강원특별자치도 정선군 임계면 반천고양로 796, (임계면)",정선군,임계면,37.4675963,128.7984625,033-562-1898,,,,0,0,0,NONE
H01559,정선군보건소용탄진료소,PUBLIC,"내과, 가정의학과","강원특별자치도 정선군 정선읍 가리왕산로 290, (정선읍)",정선군,정선읍,37.3925571,128.6020564,033-562-0184,,,,0,0,0,NONE
H01560,정선군보건소조동진료소,PUBLIC,"내과, 가정의학과","강원특별자치도 정선군 신동읍 새골길 30, (신동읍)",정선군,신동읍,37.218017,128.671214,033-378-2790,,,,0,0,0,NONE
H01561,정선군보건소증산진료소,PUBLIC,"내과, 가정의학과","강원특별자치도 정선군 남면 무릉3로 12, (남면)",정선군,남면,37.2449523,128.7741133,033-592-4001,,,,0,0,0,NONE
H01562,정선군보건소호촌진료소,PUBLIC,"내과, 가정의학과","강원특별자치도 정선군 화암면 풍촌1길 12-6, (화암면)",정선군,화암면,37.3076425,128.8255794,033-562-1834,,,,0,0,0,NONE
H01563,지경보건진료소,PUBLIC,"내과, 가정의학과","강원특별자치도 철원군 갈말읍 지경안길 22-18, (지경보건진료소)",철원군,갈말읍,38.2370022,127.3485377,033-458-0447,,,,0,0,0,NONE
H01564,춘천시남면가정보건진료소,PUBLIC,"내과, 가정의학과","강원특별자치도 춘천시 남면 충효로 1417, (가정보건진료소)",춘천시,남면,37.736298,127.5749359,033-263-1955,,,,0,0,0,NONE
H01565,춘천시남산면광판보건진료소,PUBLIC,"내과, 가정의학과","강원특별자치도 춘천시 남산면 김유정로 209, (광판보건진료소)",춘천시,남산면,37.7323899,127.7057008,033-263-1576,,,,0,0,0,NONE
H01566,춘천시남산면서천보건진료소,PUBLIC,"내과, 가정의학과","강원특별자치도 춘천시 남산면 서백길 171, (남산면)",춘천시,남산면,37.8342441,127.5569374,033-263-4783,,,,0,0,0,NONE
H01567,춘천시동면상걸보건진료소,PUBLIC,"내과, 가정의학과","강원특별자치도 춘천시 동면 가락재로 1340, (상걸보건진료소)",춘천시,동면,37.8619717,127.8498476,033-244-1527,,,,0,0,0,NONE
H01568,춘천시동산면원창보건진료소,PUBLIC,"내과, 가정의학과","강원특별자치도 춘천시 동산면 새술막길 655, (원창보건진료소)",춘천시,동산면,37.7864448,127.7533224,033-261-3325,,,,0,0,0,NONE
H01569,춘천시북산면조교보건진료소,PUBLIC,"내과, 가정의학과","강원특별자치도 춘천시 북산면 원동조교로 392-26, (조교보건진료소)",춘천시,북산면,37.9239971,127.9492529,033-243-9760,,,,0,0,0,NONE
H01570,춘천시사북면고탄보건진료소,PUBLIC,"내과, 가정의학과","강원특별자치도 춘천시 사북면 춘화로 510-6, (고탄보건진료소)",춘천시,사북면,37.9876117,127.7067519,033-243-0213,,,,0,0,0,NONE
H01571,춘천시사북면지암보건진료소,PUBLIC,"내과, 가정의학과","강원특별자치도 춘천시 사북면 화악지암길 439-3, (지암보건진료소)",춘천시,사북면,37.9814999,127.6079952,033-243-5225,,,,0,0,0,NONE
H01572,춘천시서면당림보건진료소,PUBLIC,"내과, 가정의학과","강원특별자치도 춘천시 서면 당숲안길 82, (서면)",춘천시,서면,37.8375835,127.6088468,033-263-2020,,,,0,0,0,NONE
H01573,춘천시서면방동보건진료소,PUBLIC,"내과, 가정의학과","강원특별자치도 춘천시 서면 방동길 7, (서면)",춘천시,서면,37.8964927,127.6798873,033-243-4082,,,,0,0,0,NONE
H01574,춘천시서면서상보건진료소,PUBLIC,"내과, 가정의학과","강원특별자치도 춘천시 서면 박사로 1348-34, (서면)",춘천시,서면,37.9305983,127.7073744,033-244-5625,,,,0,0,0,NONE
H01575,춘천시신북읍오동보건진료소,PUBLIC,"내과, 가정의학과","강원특별자치도 춘천시 신북읍 샘뜨락길 37, (신북읍)",춘천시,신북읍,37.9455008,127.7522366,033-241-6962,,,,0,0,0,NONE
H01576,춘천시신북읍지내보건진료소,PUBLIC,"내과, 가정의학과","강원특별자치도 춘천시 신북읍 성문1길 64, (지내보건진료소)",춘천시,신북읍,37.9576742,127.7291805,033-244-6902,,,,0,0,0,NONE
H01577,판대보건진료소,PUBLIC,"내과, 가정의학과","강원특별자치도 원주시 지정면 장지길 2, 2",원주시,지정면,37.3687659,127.8018656,033-732-5731,,,,0,0,0,NONE
H01578,팔랑리보건진료소,PUBLIC,"내과, 가정의학과","강원특별자치도 양구군 동면 펀치볼로 43, (동면)",양구군,동면,38.2163005,128.0482566,033-481-1535,,,,0,0,0,NONE
H01579,풍산보건진료소,PUBLIC,"내과, 가정의학과","강원특별자치도 화천군 화천읍 평화로 1285, (풍산보건진료소)",화천군,화천읍,38.1476618,127.7406357,033-441-3289,,,,0,0,0,NONE
H01580,하안미보건진료소,PUBLIC,"내과, 가정의학과","강원특별자치도 평창군 대화면 동천길 91, (대화면)",평창군,대화면,37.4507525,128.4473753,033-332-5159,,,,0,0,0,NONE
H01581,학곡보건진료소,PUBLIC,"내과, 가정의학과","강원특별자치도 원주시 소초면 구룡사로 5, 5",원주시,소초면,37.4372674,128.0573494,033-732-4290,,,,0,0,0,NONE
H01582,홍천군남면시동보건진료소,PUBLIC,"내과, 가정의학과","강원특별자치도 홍천군 남면 시동안로227번길 17, 시동보건진료소",홍천군,남면,37.5911336,127.8330169,033-430-4330,,,,0,0,0,NONE
H01583,홍천군남면제곡보건진료소,PUBLIC,"내과, 가정의학과","강원특별자치도 홍천군 남면 남노일로 579, 제곡보건진료소",홍천군,남면,37.6508621,127.7691317,033-430-4331,,,,0,0,0,NONE
H01584,홍천군내면광원보건진료소,PUBLIC,"내과, 가정의학과","강원특별자치도 홍천군 내면 구룡령로 6391, (광원보건진료소)",홍천군,내면,37.829475,128.44475,033-430-4338,,,,0,0,0,NONE
H01585,홍천군내면방내보건진료소,PUBLIC,"내과, 가정의학과","강원특별자치도 홍천군 내면 방내시장길 19, (방내보건진료소)",홍천군,내면,37.8208165,128.2683542,033-430-4337,,,,0,0,0,NONE
H01586,홍천군내촌면물걸보건진료소,PUBLIC,"내과, 가정의학과","강원특별자치도 홍천군 내촌면 동창로181번길 7, (물걸보건진료소)",홍천군,내촌면,37.7842313,128.1479345,033-430-4324,,,,0,0,0,NONE
H01587,홍천군동면개운보건진료소,PUBLIC,"내과, 가정의학과","강원특별자치도 홍천군 동면 성수개운길 178, (개운리보건진료소)",홍천군,동면,37.6587487,127.93075,033-430-4329,,,,0,0,0,NONE
H01588,홍천군두촌면철정보건진료소,PUBLIC,"내과, 가정의학과","강원특별자치도 홍천군 두촌면 향교골길 17, (두촌면)",홍천군,두촌면,37.8228127,128.0020929,033-430-4323,,,,0,0,0,NONE
H01589,홍천군북방면성동보건진료소,PUBLIC,"내과, 가정의학과","강원특별자치도 홍천군 북방면 성동로 841, (성동보건지소)",홍천군,북방면,37.7689992,127.8772447,033-430-4336,,,,0,0,0,NONE
H01590,홍천군북방면역전평보건진료소,PUBLIC,"내과, 가정의학과","강원특별자치도 홍천군 북방면 팔봉산로 2215, (역전평리보건소)",홍천군,북방면,37.7291575,127.7934351,033-430-4335,,,,0,0,0,NONE
H01591,홍천군서면굴업보건진료소,PUBLIC,"내과, 가정의학과","강원특별자치도 홍천군 서면 한서로 2119-7, (굴업보건진료소)",홍천군,서면,37.618336,127.670088,033-430-4332,,,,0,0,0,NONE
H01592,홍천군서면모곡보건진료소,PUBLIC,"내과, 가정의학과","강원특별자치도 홍천군 서면 한서로 891, (모곡보건진료소)",홍천군,서면,37.6731571,127.6065878,033-430-4333,,,,0,0,0,NONE
H01593,홍천군서면어유포보건진료소,PUBLIC,"내과, 가정의학과","강원특별자치도 홍천군 서면 팔봉산로 1178-19, 어유포보건진료소",홍천군,서면,37.7110142,127.6959872,033-430-4334,,,,0,0,0,NONE
H01594,홍천군서석면검산보건진료소,PUBLIC,"내과, 가정의학과","강원특별자치도 홍천군 서석면 용오름길 28-6, (검산리보건진료소)",홍천군,서석면,37.7046722,128.2229212,033-430-4327,,,,0,0,0,NONE
H01595,홍천군서석면수하보건진료소,PUBLIC,"내과, 가정의학과","강원특별자치도 홍천군 서석면 행치령로 783-16, (서석면)",홍천군,서석면,37.7652284,128.1764474,033-430-4325,,,,0,0,0,NONE
H01596,홍천군서석면청량보건진료소,PUBLIC,"내과, 가정의학과","강원특별자치도 홍천군 서석면 청량로 19, (청량보건진료소)",홍천군,서석면,37.6884261,128.1910226,033-430-4326,,,,0,0,0,NONE
H01597,홍천군영귀미면좌운보건진료소,PUBLIC,"내과, 가정의학과","강원특별자치도 홍천군 영귀미면 금계로 1547, (좌운보건진료소)",홍천군,영귀미면,37.6369137,128.0141105,033-430-4328,,,,0,0,0,NONE
H01598,홍천군화촌면구성포보건진료소,PUBLIC,"내과, 가정의학과","강원특별자치도 홍천군 화촌면 가락재로 1176, 구성포보건진료소",홍천군,화촌면,37.7728296,127.9204692,033-430-4321,,,,0,0,0,NONE
H01599,홍천군화촌면장평보건진료소,PUBLIC,"내과, 가정의학과","강원특별자치도 홍천군 화촌면 구룡령로 1171-3, (장평보건진료소)",홍천군,화촌면,37.7500874,128.057089,033-430-4322,,,,0,0,0,NONE
H01600,황둔보건진료소,PUBLIC,"내과, 가정의학과","강원특별자치도 원주시 신림면 신림황둔로 1213, 1213",원주시,신림면,37.262158,128.189,033-761-2188,,,,0,0,0,NONE
H01601,횡성군갑천면추동보건진료소,PUBLIC,"내과, 가정의학과","강원특별자치도 횡성군 갑천면 외갑천로 247, (갑천면)",횡성군,갑천면,37.5637365,128.0342911,033-345-0429,,,,0,0,0,NONE
H01602,횡성군갑천면하대보건진료소,PUBLIC,"내과, 가정의학과","강원특별자치도 횡성군 갑천면 갑천로 595, (갑천면)",횡성군,갑천면,37.5379866,128.1615593,033-345-9398,,,,0,0,0,NONE
H01603,횡성군공근면가곡보건진료소,PUBLIC,"내과, 가정의학과","강원특별자치도 횡성군 공근면 금계로가곡1길 3, (공근면)",횡성군,공근면,37.5714568,127.9853193,033-342-3404,,,,0,0,0,NONE
H01604,횡성군둔내면화동보건진료소,PUBLIC,"내과, 가정의학과","강원특별자치도 횡성군 둔내면 경강로 5369, (화동보건진료소)",횡성군,둔내면,37.5677096,128.2279335,033-345-2283,,,,0,0,0,NONE
H01605,횡성군서원면유현보건진료소,PUBLIC,"내과, 가정의학과","강원특별자치도 횡성군 서원면 경강로유현11길 2, (서원면)",횡성군,서원면,37.527296,127.8849475,033-342-0087,,,,0,0,0,NONE
H01606,횡성군안흥면소사보건진료소,PUBLIC,"내과, 가정의학과","강원특별자치도 횡성군 안흥면 봉화로소사9길 43, (소사보건소)",횡성군,안흥면,37.4645183,128.15349,033-342-9704,,,,0,0,0,NONE
H01607,횡성군우천면정금보건진료소,PUBLIC,"내과, 가정의학과","강원특별자치도 횡성군 우천면 하궁로 21, (우천면)",횡성군,우천면,37.5034047,128.1053808,033-342-2606,,,,0,0,0,NONE
H01608,횡성군청일면봉덕진료소,PUBLIC,"내과, 가정의학과","강원특별자치도 횡성군 청일면 봉덕로 305, (봉덕보건진료소)",횡성군,청일면,37.5705129,128.1808645,033-342-5619,,,,0,0,0,NONE
H01609,흘리보건진료소,PUBLIC,"내과, 가정의학과","강원특별자치도 고성군 간성읍 흘리길 190, (흘리보건진료소)",고성군,간성읍,38.2643692,128.3740351,033-681-3373,,,,0,0,0,NONE
H01610,평창군보건의료원,OTHER,내과,"강원특별자치도 평창군 평창읍 노성로 11, (평창읍)",평창군,평창읍,37.3689437,128.3907514,033-332-4000,,,,0,0,1,LOCAL
H01611,화천군보건의료원,OTHER,내과,"강원특별자치도 화천군 화천읍 강변로 111, (화천읍)",화천군,화천읍,38.1072753,127.7090784,033-441-4000,,,,0,0,1,LOCAL
H01612,365다담은한방병원,ORIENTAL,"한방내과, 한방부인과, 한방소아과, 침구과, 한방재활의학과","강원특별자치도 춘천시 춘천로 188-0,  10층 (효자동)",춘천시,춘천로,37.8762547,127.7352717,033-910-0993,,,,0,0,0,NONE
H01613,강남한방병원,ORIENTAL,"한방내과, 한방부인과, 한방소아과, 침구과, 한방재활의학과","강원특별자치도 원주시 양지로 80-0,  6층 (반곡동)",원주시,양지로,37.3279898,127.9861972,033-734-5844,,,,0,0,0,NONE
H01614,바른몸한방병원,ORIENTAL,"한방내과, 한방부인과, 한방소아과, 침구과, 한방재활의학과","강원특별자치도 원주시 시청로 528-0,  3~5층 (관설동)",원주시,시청로,37.3151448,127.9659907,033-765-7501,,,,0,0,0,NONE
H01615,상지대학교부속 한방병원,ORIENTAL,"한방내과, 한방부인과, 한방소아과, 침구과, 한방재활의학과","강원특별자치도 원주시 상지대길 80-0,  (우산동)",원주시,상지대길,37.3704256,127.9342834,033-732-2111,,,,0,0,0,NONE
H01616,신원주한방병원,ORIENTAL,"한방내과, 한방부인과, 한방소아과, 침구과, 한방재활의학과","강원특별자치도 원주시 지정면 신지정로 190-0,  5~6층",원주시,지정면,37.3743103,127.875889,033-734-7500,,,,0,0,0,NONE
H01617,한가온한방병원,ORIENTAL,"한방내과, 한방부인과, 한방소아과, 침구과, 한방재활의학과","강원특별자치도 강릉시 솔올로 35-0, 3층~6층",강릉시,솔올로,37.7651376,128.8778692,033-655-7579,,,,0,0,0,NONE
H01618,감초당한의원,ORIENTAL,"한방내과, 침구과","강원특별자치도 동해시 발한로 213-1, (발한동)",동해시,발한로,37.54857,129.1085608,033-535-5385,,,,0,0,0,NONE
H01619,강남세종한의원,ORIENTAL,"한방내과, 침구과","강원특별자치도 춘천시 동면 춘천로449번길 30-1, 4층",춘천시,동면,37.8949435,127.7540826,033-244-1275,,,,0,0,0,NONE
H01620,강남한의원,ORIENTAL,"한방내과, 침구과","강원특별자치도 원주시 남원로 441-2, 1층 (명륜동)",원주시,남원로,37.3256311,127.9407775,033-762-1275,,,,0,0,0,NONE
H01621,강릉동양한의원,ORIENTAL,"한방내과, 침구과","강원특별자치도 강릉시 신대학길 23, 6층 (금학동)",강릉시,신대학길,37.7533843,128.895486,033-643-7575,,,,0,0,0,NONE
H01622,강릉한의원,ORIENTAL,"한방내과, 침구과","강원특별자치도 강릉시 문화의길8번길 18, 1~2층 (임당동)",강릉시,문화의길8번길,37.7556675,128.8961251,033-644-1075,,,,0,0,0,NONE
H01623,강원한의원,ORIENTAL,"한방내과, 침구과","강원특별자치도 춘천시 남산면 강촌로 335, 1층",춘천시,남산면,37.7912939,127.6452505,033-262-7589,,,,0,0,0,NONE
H01624,거두리한의원,ORIENTAL,"한방내과, 침구과","강원특별자치도 춘천시 동내면 춘천순환로 64, 1,2층",춘천시,동내면,37.8552831,127.750965,033-264-2625,,,,0,0,0,NONE
H01625,거북이한의원,ORIENTAL,"한방내과, 침구과","강원특별자치도 강릉시 경강로 2109, 2층 (임당동, 문선빌딩)",강릉시,경강로,37.7556928,128.8972549,033-646-1054,,,,0,0,0,NONE
H01626,거북이한의원,ORIENTAL,"한방내과, 침구과","강원특별자치도 원주시 소초면 장막1길 15, (소초면)",원주시,소초면,37.4080335,127.9559302,033-748-3322,,,,0,0,0,NONE
H01627,건영한의원,ORIENTAL,"한방내과, 침구과","강원특별자치도 평창군 평창읍 백오로 60, 60",평창군,평창읍,37.3676229,128.3932529,033-332-7511,,,,0,0,0,NONE
H01628,경인한의원,ORIENTAL,"한방내과, 침구과","강원특별자치도 홍천군 남면 양덕원로 55, (남면)",홍천군,남면,37.6142832,127.7681904,033-432-4064,,,,0,0,0,NONE
H01629,경희 고성한의원,ORIENTAL,"한방내과, 침구과","강원특별자치도 고성군 간성읍 간성로 62, 일미향",고성군,간성읍,38.3795373,128.4683224,033-681-6260,,,,0,0,0,NONE
H01630,경희 용한의원,ORIENTAL,"한방내과, 침구과","강원특별자치도 태백시 장성로 46-1, (장성동)",태백시,장성로,37.1009769,129.0103351,033-582-8801,,,,0,0,0,NONE
H01631,경희 해맑은한의원,ORIENTAL,"한방내과, 침구과","강원특별자치도 원주시 시청로 98, 2층 (무실동)",원주시,시청로,37.335933,127.9287734,033-744-1075,,,,0,0,0,NONE
H01632,경희공감한의원,ORIENTAL,"한방내과, 침구과","강원특별자치도 강릉시 교동광장로 117, (교동)",강릉시,교동광장로,37.7648874,128.8777989,033-642-8868,,,,0,0,0,NONE
H01633,경희기운찬한의원,ORIENTAL,"한방내과, 침구과","강원특별자치도 강릉시 성덕포남로 45-8, 2층 203호 (입암동, 덕양빌딩)",강릉시,성덕포남로,37.7593012,128.9194599,033-647-9966,,,,0,0,0,NONE
H01634,경희나무한의원,ORIENTAL,"한방내과, 침구과","강원특별자치도 원주시 백간길 25, 2층 (단계동)",원주시,백간길,37.3520827,127.9263005,033-744-1175,,,,0,0,0,NONE
H01635,경희다인한의원,ORIENTAL,"한방내과, 침구과","강원특별자치도 원주시 지정면 신지정로 322, 301,302호",원주시,지정면,37.3825827,127.8724962,033-900-1148,,,,0,0,0,NONE
H01636,경희동의보감한의원,ORIENTAL,"한방내과, 침구과","강원특별자치도 강릉시 주문진읍 주문로 67-1, 2층",강릉시,주문진읍,37.8899904,128.8257147,033-661-9899,,,,0,0,0,NONE
H01637,경희미려한의원,ORIENTAL,"한방내과, 침구과","강원특별자치도 원주시 서원대로 406, 4층 (단구동, 리더스타워)",원주시,서원대로,37.3302107,127.9496766,033-744-8575,,,,0,0,0,NONE
H01638,경희바른한의원,ORIENTAL,"한방내과, 침구과","강원특별자치도 속초시 동해대로 4202, 2층 1호 (교동)",속초시,동해대로,38.1945496,128.5790825,033-637-1075,,,,0,0,0,NONE
H01639,경희부부한의원,ORIENTAL,"한방내과, 침구과","강원특별자치도 강릉시 솔올로5번길 12-7, 3층 (교동)",강릉시,솔올로5번길,37.7634483,128.8761488,033-645-6110,,,,0,0,0,NONE
H01640,경희약손한의원,ORIENTAL,"한방내과, 침구과","강원특별자치도 동해시 청운1길 52, (쇄운동)",동해시,청운1길,37.4859527,129.1089113,033-522-4246,,,,0,0,0,NONE
H01641,경희으뜸한의원,ORIENTAL,"한방내과, 침구과","강원특별자치도 태백시 황지로 89, 경희 으뜸한의원 (황지동)",태백시,황지로,37.1668345,128.9916666,033-553-5353,,,,0,0,0,NONE
H01642,경희장수한의원,ORIENTAL,"한방내과, 침구과","강원특별자치도 춘천시 춘천로 181, (운교동)",춘천시,춘천로,37.8767383,127.7343186,033-241-0061,,,,0,0,0,NONE
H01643,경희장수한의원,ORIENTAL,"한방내과, 침구과","강원특별자치도 태백시 황지로 157, (황지동)",태백시,황지로,37.1725534,128.9918786,033-553-3020,,,,0,0,0,NONE
H01644,경희죽서루한의원,ORIENTAL,"한방내과, 침구과","강원특별자치도 삼척시 진주로 25, 신한은행 1층 (남양동)",삼척시,진주로,37.443009,129.1637851,033-575-9790,,,,0,0,0,NONE
H01645,경희중앙한의원,ORIENTAL,"한방내과, 침구과","강원특별자치도 속초시 중앙로147번길 16, 2층 31,32호 (중앙동)",속초시,중앙로147번길,38.2045154,128.5902363,033-637-9975,,,,0,0,0,NONE
H01646,경희진한의원,ORIENTAL,"한방내과, 침구과","강원특별자치도 춘천시 후석로 12, 3층 302호 (석사동)",춘천시,후석로,37.8561315,127.7395676,033-256-7575,,,,0,0,0,NONE
H01647,경희코스모스한의원,ORIENTAL,"한방내과, 침구과","강원특별자치도 춘천시 지석로 89, (석사동)",춘천시,지석로,37.8510191,127.7452409,033-264-7510,,,,0,0,0,NONE
H01648,경희한사랑한의원,ORIENTAL,"한방내과, 침구과","강원특별자치도 강릉시 용지로 23, 105호 (입암동)",강릉시,용지로,37.7536811,128.9115062,033-643-1072,,,,0,0,0,NONE
H01649,경희한의원,ORIENTAL,"한방내과, 침구과","강원특별자치도 춘천시 동내면 춘천순환로 58, (동내면)",춘천시,동내면,37.8551213,127.7503301,033-253-0392,,,,0,0,0,NONE
H01650,경희한의원,ORIENTAL,"한방내과, 침구과","강원특별자치도 원주시 향교길 56, (명륜동)",원주시,향교길,37.3392718,127.9512211,033-765-5213,,,,0,0,0,NONE
H01651,경희한의원,ORIENTAL,"한방내과, 침구과","강원특별자치도 태백시 번영로 367-1, (황지동)",태백시,번영로,37.1718081,128.9936003,033-552-2525,,,,0,0,0,NONE
H01652,경희한의원,ORIENTAL,"한방내과, 침구과","강원특별자치도 홍천군 홍천읍 홍천로 366, 4층",홍천군,홍천읍,37.6890034,127.8859089,033-434-1463,,,,0,0,0,NONE
H01653,경희한의원,ORIENTAL,"한방내과, 침구과","강원특별자치도 속초시 중앙로 24, 2층 202호 (교동)",속초시,중앙로,38.1986541,128.5799137,033-635-2920,,,,0,0,0,NONE
H01654,경희한의원,ORIENTAL,"한방내과, 침구과","강원특별자치도 동해시 일출로 2-1, (발한동)",동해시,일출로,37.5495252,129.1092693,033-535-7177,,,,0,0,0,NONE
H01655,경희한의원,ORIENTAL,"한방내과, 침구과","강원특별자치도 영월군 영월읍 중앙로 14, (영월읍)",영월군,영월읍,37.1834329,128.4652233,033-375-7875,,,,0,0,0,NONE
H01656,경희한의원,ORIENTAL,"한방내과, 침구과","강원특별자치도 정선군 사북읍 사북중앙로 25, (사북읍)",정선군,사북읍,37.227078,128.8175644,033-591-1175,,,,0,0,0,NONE
H01657,경희한의원,ORIENTAL,"한방내과, 침구과","강원특별자치도 양양군 양양읍 남문5길 4-1, (양양읍)",양양군,양양읍,38.0749552,128.622282,033-671-1072,,,,0,0,0,NONE
H01658,경희한의원,ORIENTAL,"한방내과, 침구과","강원특별자치도 횡성군 횡성읍 태기로 26, (횡성읍)",횡성군,횡성읍,37.4908998,127.9861902,033-345-7510,,,,0,0,0,NONE
H01659,경희한의원,ORIENTAL,"한방내과, 침구과","강원특별자치도 강릉시 율곡로 2837, 1층 (옥천동)",강릉시,율곡로,37.7573125,128.8974619,033-922-7510,,,,0,0,0,NONE
H01660,경희해문한의원,ORIENTAL,"한방내과, 침구과","강원특별자치도 원주시 능라동길 70, 409호 (무실동)",원주시,능라동길,37.3337964,127.9302031,033-748-1640,,,,0,0,0,NONE
H01661,경희후한의원,ORIENTAL,"한방내과, 침구과","강원특별자치도 원주시 능라동길 31, 2~3층 (무실동)",원주시,능라동길,37.3335361,127.9283193,033-766-5075,,,,0,0,0,NONE
H01662,경희힘찬한의원,ORIENTAL,"한방내과, 침구과","강원특별자치도 강릉시 교동광장로 106, 3층 (교동)",강릉시,교동광장로,37.7644503,128.876063,033-648-1075,,,,0,0,0,NONE
H01663,계수나무한의원,ORIENTAL,"한방내과, 침구과","강원특별자치도 원주시 치악로 1482, (단구동)",원주시,치악로,37.317484,127.9690606,033-765-1075,,,,0,0,0,NONE
H01664,고려한의원,ORIENTAL,"한방내과, 침구과","강원특별자치도 원주시 남원로 656, (명륜동)",원주시,남원로,37.3411667,127.9539564,033-766-8212,,,,0,0,0,NONE
H01665,고리한의원,ORIENTAL,"한방내과, 침구과","강원특별자치도 춘천시 춘천로 185, 3층 302호 (운교동)",춘천시,춘천로,37.8767557,127.7348892,033-910-0809,,,,0,0,0,NONE
H01666,고성우리한의원,ORIENTAL,"한방내과, 침구과","강원특별자치도 고성군 거진읍 거탄진로 114, (사유에듀)",고성군,거진읍,38.4451727,128.4543476,033-682-9119,,,,0,0,0,NONE
H01667,광동한의원,ORIENTAL,"한방내과, 침구과","강원특별자치도 속초시 동해대로 3929, (조양동)",속초시,동해대로,38.1856459,128.600817,033-636-1075,,,,0,0,0,NONE
H01668,광동한의원,ORIENTAL,"한방내과, 침구과","강원특별자치도 춘천시 공지로 224, (효자동)",춘천시,공지로,37.8631709,127.7390057,033-263-7553,,,,0,0,0,NONE
H01669,광동한의원,ORIENTAL,"한방내과, 침구과","강원특별자치도 원주시 치악로 1793, (개운동)",원주시,치악로,37.3422851,127.9550353,033-766-3900,,,,0,0,0,NONE
H01670,광인당한의원,ORIENTAL,"한방내과, 침구과","강원특별자치도 원주시 남원로 623, 2층 (명륜동)",원주시,남원로,37.3389402,127.9515914,033-766-7500,,,,0,0,0,NONE
H01671,광제한의원,ORIENTAL,"한방내과, 침구과","강원특별자치도 강릉시 주문진읍 매맥이윗길 2, 2",강릉시,주문진읍,37.880514,128.8260682,033-661-4649,,,,0,0,0,NONE
H01672,광제한의원,ORIENTAL,"한방내과, 침구과","강원특별자치도 동해시 효자로 687-1, (효가동)",동해시,효자로,37.4928864,129.1092933,033-521-7560,,,,0,0,0,NONE
H01673,구명한의원,ORIENTAL,"한방내과, 침구과","강원특별자치도 속초시 중앙로 92, (청학동)",속초시,중앙로,38.2015686,128.5862043,033-633-3036,,,,0,0,0,NONE
H01674,권한의원,ORIENTAL,"한방내과, 침구과","강원특별자치도 원주시 치악로 1521, 2층 (관설동, 고려빌딩)",원주시,치악로,37.3199669,127.9653249,033-765-7657,,,,0,0,0,NONE
H01675,금강푸른한의원,ORIENTAL,"한방내과, 침구과","강원특별자치도 속초시 동해대로 4293, (교동)",속초시,동해대로,38.1990178,128.5713112,033-638-1075,,,,0,0,0,NONE
H01676,기린한의원,ORIENTAL,"한방내과, 침구과","강원특별자치도 원주시 장미공원길 67-16, 단계메디컬센터 4층 (단계동)",원주시,장미공원길,37.3458599,127.9312001,033-747-8333,,,,0,0,0,NONE
H01677,기운내한의원,ORIENTAL,"한방내과, 침구과","강원특별자치도 원주시 남원로534번길 54, 202호 (단구동)",원주시,남원로534번길,37.3282869,127.9519113,033-761-1997,,,,0,0,0,NONE
H01678,길한의원,ORIENTAL,"한방내과, 침구과","강원특별자치도 춘천시 중앙로 82-1, (중앙로2가)",춘천시,중앙로,37.8785081,127.7251396,033-241-8330,,,,0,0,0,NONE
H01679,김진수한의원,ORIENTAL,"한방내과, 침구과","강원특별자치도 홍천군 화촌면 굽들길 61-2, (화촌면)",홍천군,화촌면,37.7634311,127.9460083,033-432-3308,,,,0,0,0,NONE
H01680,김형수한의원,ORIENTAL,"한방내과, 침구과","강원특별자치도 춘천시 후석로326번길 14, 3층 (후평동)",춘천시,후석로326번길,37.8803098,127.7514549,033-242-8825,,,,0,0,0,NONE
H01681,김희성한의원,ORIENTAL,"한방내과, 침구과","강원특별자치도 원주시 능라동길 3, 304호 (무실동)",원주시,능라동길,37.3315842,127.9261786,033-747-1875,,,,0,0,0,NONE
H01682,남궁현 한의원,ORIENTAL,"한방내과, 침구과","강원특별자치도 춘천시 안마산로 225, (퇴계동)",춘천시,안마산로,37.8493751,127.7389612,033-262-1080,,,,0,0,0,NONE
H01683,남대천한의원,ORIENTAL,"한방내과, 침구과","강원특별자치도 강릉시 금성로31번길 5, 1층 (성남동)",강릉시,금성로31번길,37.7532499,128.8976579,033-642-0751,,,,0,0,0,NONE
H01684,남부한의원,ORIENTAL,"한방내과, 침구과","강원특별자치도 원주시 남원로 667-1, 1층 (명륜동)",원주시,남원로,37.3422494,127.9542488,033-735-9000,,,,0,0,0,NONE
H01685,남송한의원,ORIENTAL,"한방내과, 침구과","강원특별자치도 원주시 판부면 남원로 401, 1~2층 102, 103, 201호",원주시,판부면,37.3218671,127.9394612,033-813-3651,,,,0,0,0,NONE
H01686,내몸사랑한의원,ORIENTAL,"한방내과, 침구과","강원특별자치도 원주시 로아노크로 74, 세이브타워 401호 (무실동)",원주시,로아노크로,37.3389518,127.9234542,033-731-9995,,,,0,0,0,NONE
H01687,네이처한의원,ORIENTAL,"한방내과, 침구과","강원특별자치도 평창군 진부면 진부중앙로 84, 2층",평창군,진부면,37.638531,128.560002,033-332-4952,,,,0,0,0,NONE
H01688,노승현경희한의원,ORIENTAL,"한방내과, 침구과","강원특별자치도 강릉시 임영로116번길 3, (성내동)",강릉시,임영로116번길,37.7521426,128.8942147,033-662-6200,,,,0,0,0,NONE
H01689,느티나무한의원,ORIENTAL,"한방내과, 침구과","강원특별자치도 횡성군 횡성읍 태기로 29, (횡성읍)",횡성군,횡성읍,37.4912675,127.9871049,033-342-7585,,,,0,0,0,NONE
H01690,늘푸른한의원,ORIENTAL,"한방내과, 침구과","강원특별자치도 강릉시 솔올로 44, 3층 (교동)",강릉시,솔올로,37.7657653,128.8785009,033-642-9950,,,,0,0,0,NONE
H01691,다나한의원,ORIENTAL,"한방내과, 침구과","강원특별자치도 화천군 사내면 사내로5길 9, (사내면)",화천군,사내면,38.070858,127.5211047,033-441-0006,,,,0,0,0,NONE
H01692,다다함한방내과한의원,ORIENTAL,"한방내과, 침구과","강원특별자치도 원주시 시청로 36, 1층 (무실동)",원주시,시청로,37.3391898,127.9236214,033-766-7510,,,,0,0,0,NONE
H01693,다래한의원,ORIENTAL,"한방내과, 침구과","강원특별자치도 횡성군 횡성읍 문정로19번길 9-1, (횡성읍)",횡성군,횡성읍,37.4900551,127.9869129,033-343-2347,,,,0,0,0,NONE
H01694,다솜한의원,ORIENTAL,"한방내과, 침구과","강원특별자치도 춘천시 영서로 2341, 3층 (온의동)",춘천시,영서로,37.8683518,127.7158638,033-256-6530,,,,0,0,0,NONE
H01695,다정한의원,ORIENTAL,"한방내과, 침구과","강원특별자치도 원주시 중앙로 40, (중앙동)",원주시,중앙로,37.3471428,127.9533475,033-735-7525,,,,0,0,0,NONE
H01696,단주한의원,ORIENTAL,"한방내과, 침구과","강원특별자치도 강릉시 운정길 15, 201호 (난곡동)",강릉시,운정길,37.7838706,128.8801447,,,,,0,0,0,NONE
H01697,담소한의원,ORIENTAL,"한방내과, 침구과","강원특별자치도 양양군 양양읍 양양로 57, 2, 4층",양양군,양양읍,38.0754961,128.6229219,033-671-6200,,,,0,0,0,NONE
H01698,당유위한의원,ORIENTAL,"한방내과, 침구과","강원특별자치도 원주시 서원대로 392, 4층 (단구동, 스타프라자)",원주시,서원대로,37.3310468,127.9484815,033-766-2295,,,,0,0,0,NONE
H01699,당청운한의원,ORIENTAL,"한방내과, 침구과","강원특별자치도 원주시 시청로 3, 207-208호 (무실동)",원주시,시청로,37.3414393,127.921829,033-742-1042,,,,0,0,0,NONE
H01700,대관령횡계한의원,ORIENTAL,"한방내과, 침구과","강원특별자치도 평창군 대관령면 대관령로 86, (대관령면)",평창군,대관령면,37.6727898,128.7058657,033-336-7582,,,,0,0,0,NONE
H01701,대광당김영두한의원,ORIENTAL,"한방내과, 침구과","강원특별자치도 춘천시 춘천로 242, 1~2층 (효자동)",춘천시,춘천로,37.8784637,127.740704,033-242-1700,,,,0,0,0,NONE
H01702,대동한의원,ORIENTAL,"한방내과, 침구과","강원특별자치도 강릉시 난설헌로 182, (초당동)",강릉시,난설헌로,37.7900423,128.9102426,033-648-5154,,,,0,0,0,NONE
H01703,대성한의원,ORIENTAL,"한방내과, 침구과","강원특별자치도 철원군 동송읍 이평로 44, (동송읍)",철원군,동송읍,38.2098785,127.2192163,033-455-5769,,,,0,0,0,NONE
H01704,대성한의원,ORIENTAL,"한방내과, 침구과","강원특별자치도 정선군 정선읍 봉양6길 18, (정선읍)",정선군,정선읍,37.3792829,128.663849,033-562-3283,,,,0,0,0,NONE
H01705,대세한의원,ORIENTAL,"한방내과, 침구과","강원특별자치도 원주시 지정면 신지정로 322, 209호",원주시,지정면,37.3825827,127.8724962,033-731-7975,,,,0,0,0,NONE
H01706,대추나무한의원,ORIENTAL,"한방내과, 침구과","강원특별자치도 속초시 동해대로 4327, (교동)",속초시,동해대로,38.201493,128.5690365,033-636-3550,,,,0,0,0,NONE
H01707,대추나무한의원,ORIENTAL,"한방내과, 침구과","강원특별자치도 춘천시 후석로 277, (후평동)",춘천시,후석로,37.8763772,127.7522524,033-255-1075,,,,0,0,0,NONE
H01708,대화한의원,ORIENTAL,"한방내과, 침구과","강원특별자치도 평창군 대화면 대화중앙로 126, (대화면)",평창군,대화면,37.5001574,128.4553737,033-332-7582,,,,0,0,0,NONE
H01709,대흥한의원,ORIENTAL,"한방내과, 침구과","강원특별자치도 원주시 원문로 186, (단계동)",원주시,원문로,37.3564486,127.9292781,033-731-8275,,,,0,0,0,NONE
H01710,더경희한의원,ORIENTAL,"한방내과, 침구과","강원특별자치도 강릉시 솔올로 3, 2층 (교동)",강릉시,솔올로,37.7624421,128.8772317,033-646-0212,,,,0,0,0,NONE
H01711,더편한한의원,ORIENTAL,"한방내과, 침구과","강원특별자치도 동해시 중앙로 248, 삼양골드3차상가 2층 201호 (천곡동)",동해시,중앙로,37.5228132,129.1145097,033-534-1075,,,,0,0,0,NONE
H01712,덕산으뜸한의원,ORIENTAL,"한방내과, 침구과","강원특별자치도 홍천군 홍천읍 갈마로 6, (홍천읍)",홍천군,홍천읍,37.6920086,127.8977311,033-434-8379,,,,0,0,0,NONE
H01713,덕성한의원,ORIENTAL,"한방내과, 침구과","강원특별자치도 양양군 양양읍 양양로 52, (양양읍)",양양군,양양읍,38.0759247,128.6232402,033-671-2726,,,,0,0,0,NONE
H01714,도계백세한의원,ORIENTAL,"한방내과, 침구과","강원특별자치도 삼척시 도계읍 도계로 216, (도계읍)",삼척시,도계읍,37.2288266,129.0433658,033-541-1002,,,,0,0,0,NONE
H01715,도계한의원,ORIENTAL,"한방내과, 침구과","강원특별자치도 삼척시 도계읍 도계로 305, (도계읍)",삼척시,도계읍,37.2362868,129.0444768,033-541-7775,,,,0,0,0,NONE
H01716,동강한의원,ORIENTAL,"한방내과, 침구과","강원특별자치도 원주시 한지공원길 2, (명륜동)",원주시,한지공원길,37.3288194,127.9446888,033-766-8555,,,,0,0,0,NONE
H01717,동서한의원,ORIENTAL,"한방내과, 침구과","강원특별자치도 삼척시 진주로 24, (남양동)",삼척시,진주로,37.4429139,129.1642713,033-572-8488,,,,0,0,0,NONE
H01718,동아한의원,ORIENTAL,"한방내과, 침구과","강원특별자치도 원주시 치악로 1592, (단구동)",원주시,치악로,37.3250906,127.961445,033-765-3663,,,,0,0,0,NONE
H01719,동양한의원,ORIENTAL,"한방내과, 침구과","강원특별자치도 강릉시 주문진읍 주문로 123, (주문진읍)",강릉시,주문진읍,37.8944841,128.8282211,033-662-4948,,,,0,0,0,NONE
H01720,동원한의원,ORIENTAL,"한방내과, 침구과","강원특별자치도 철원군 동송읍 금학로210번길 4-12, (동원한의원)",철원군,동송읍,38.2070112,127.2192833,033-456-0800,,,,0,0,0,NONE
H01721,동의보감한의원,ORIENTAL,"한방내과, 침구과","강원특별자치도 원주시 원일로 82-3, (중앙동)",원주시,원일로,37.3487083,127.950972,033-731-1775,,,,0,0,0,NONE
H01722,동의보감한의원,ORIENTAL,"한방내과, 침구과","강원특별자치도 강릉시 금성로31번길 8, (성남동)",강릉시,금성로31번길,37.7529649,128.8976057,033-643-8848,,,,0,0,0,NONE
H01723,동인당한의원,ORIENTAL,"한방내과, 침구과","강원특별자치도 속초시 중앙로 75, (청학동)",속초시,중앙로,38.2017351,128.5843226,033-633-9222,,,,0,0,0,NONE
H01724,동인당한의원,ORIENTAL,"한방내과, 침구과","강원특별자치도 춘천시 후석로 16, (석사동)",춘천시,후석로,37.8564431,127.7399401,033-264-7575,,,,0,0,0,NONE
H01725,동인한의원,ORIENTAL,"한방내과, 침구과","강원특별자치도 횡성군 우천면 수남로 356, 2층 2호",횡성군,우천면,37.4594088,128.0648904,033-345-0083,,,,0,0,0,NONE
H01726,동일한의원,ORIENTAL,"한방내과, 침구과","강원특별자치도 춘천시 소양로 166, (소양로2가)",춘천시,소양로,37.887874,127.724968,033-254-3383,,,,0,0,0,NONE
H01727,동제한의원,ORIENTAL,"한방내과, 침구과","강원특별자치도 춘천시 공지로 334, (효자동)",춘천시,공지로,37.8693726,127.7292448,033-253-4577,,,,0,0,0,NONE
H01728,동해명가한의원,ORIENTAL,"한방내과, 침구과","강원특별자치도 동해시 중앙로 247, 우리은행 203호 (천곡동)",동해시,중앙로,37.5225312,129.1135222,033-535-1075,,,,0,0,0,NONE
H01729,동해한의원,ORIENTAL,"한방내과, 침구과","강원특별자치도 동해시 대학로 20, 501호 (천곡동, 명동빌딩)",동해시,대학로,37.5223595,129.1132288,033-532-3032,,,,0,0,0,NONE
H01730,두타한의원,ORIENTAL,"한방내과, 침구과","강원특별자치도 삼척시 진주로 6, 2층 (남양동)",삼척시,진주로,37.4411905,129.1643851,5725225,,,,0,0,0,NONE
H01731,둔내한의원,ORIENTAL,"한방내과, 침구과","강원특별자치도 횡성군 둔내면 둔내로 66-1, (둔내면)",횡성군,둔내면,37.511611,128.21775,033-342-2307,,,,0,0,0,NONE
H01732,만나한의원,ORIENTAL,"한방내과, 침구과","강원특별자치도 원주시 무실로 177, 2층 (명륜동)",원주시,무실로,37.3408518,127.9398409,033-763-1075,,,,0,0,0,NONE
H01733,만복한의원,ORIENTAL,"한방내과, 침구과","강원특별자치도 철원군 동송읍 이평로 37, 만복한의원",철원군,동송읍,38.2097141,127.2197866,033-456-1075,,,,0,0,0,NONE
H01734,맑은샘한의원,ORIENTAL,"한방내과, 침구과","강원특별자치도 강릉시 연당길 78, (초당동)",강릉시,연당길,37.7845284,128.9152382,033-652-3075,,,,0,0,0,NONE
H01735,맑은숲 한의원,ORIENTAL,"한방내과, 침구과","강원특별자치도 원주시 시청로 72, 205호 (무실동, 애드피아 3차)",원주시,시청로,37.3371931,127.9267864,033-743-8575,,,,0,0,0,NONE
H01736,맘드림한의원,ORIENTAL,"한방내과, 침구과","강원특별자치도 강릉시 선수촌로 70, 2층 (홍제동)",강릉시,선수촌로,37.7570986,128.8706949,033-647-1223,,,,0,0,0,NONE
H01737,맥한의원,ORIENTAL,"한방내과, 침구과","강원특별자치도 원주시 입춘로 110, (반곡동)",원주시,입춘로,37.3234174,127.9816785,033-765-8275,,,,0,0,0,NONE
H01738,명가한의원,ORIENTAL,"한방내과, 침구과","강원특별자치도 철원군 서면 와수로 189, 자연 마트",철원군,서면,38.240329,127.4394595,033-458-1075,,,,0,0,0,NONE
H01739,명륜한의원,ORIENTAL,"한방내과, 침구과","강원특별자치도 원주시 예술관길 25, 상가동 109,111,112,201호 (명륜동, 명륜2단지아파트)",원주시,예술관길,37.3326585,127.9421494,033-765-1275,,,,0,0,0,NONE
H01740,명성한의원,ORIENTAL,"한방내과, 침구과","강원특별자치도 원주시 원문로 106, (단계동)",원주시,원문로,37.3569935,127.935604,033-746-5201,,,,0,0,0,NONE
H01741,명한의원,ORIENTAL,"한방내과, 침구과","강원특별자치도 속초시 중앙로 130-1, (금호동)",속초시,중앙로,38.202511,128.5903497,033-636-1211,,,,0,0,0,NONE
H01742,명한의원,ORIENTAL,"한방내과, 침구과","강원특별자치도 강릉시 경강로 2098, 2층 (임당동)",강릉시,경강로,37.75465,128.8964387,033-645-7566,,,,0,0,0,NONE
H01743,명한의원,ORIENTAL,"한방내과, 침구과","강원특별자치도 강릉시 경강로 2098, 2층 (임당동)",강릉시,경강로,37.75465,128.8964387,033-645-7566,,,,0,0,0,NONE
H01744,모두올한의원,ORIENTAL,"한방내과, 침구과","강원특별자치도 원주시 혁신로 35, 205호 (반곡동)",원주시,혁신로,37.3242961,127.9781362,033-747-8284,,,,0,0,0,NONE
H01745,모아한의원,ORIENTAL,"한방내과, 침구과","강원특별자치도 원주시 원일로 63, (원동)",원주시,원일로,37.3475166,127.9514219,033-765-7533,,,,0,0,0,NONE
H01746,무실한의원,ORIENTAL,"한방내과, 침구과","강원특별자치도 원주시 능라동길 59, 111~113, 206~207호 (무실동)",원주시,능라동길,37.3344196,127.9308182,033-813-0365,,,,0,0,0,NONE
H01747,문막동화한의원,ORIENTAL,"한방내과, 침구과","강원특별자치도 원주시 문막읍 왕건로 81, 동화빌딩 302호",원주시,문막읍,37.3266562,127.8291598,033-746-7510,,,,0,0,0,NONE
H01748,문막한의원,ORIENTAL,"한방내과, 침구과","강원특별자치도 원주시 문막읍 문막시장1길 9, 9",원주시,문막읍,37.3081866,127.8176749,033-735-8575,,,,0,0,0,NONE
H01749,문윤상한의원,ORIENTAL,"한방내과, 침구과","강원특별자치도 양구군 양구읍 중심로 184, (양구읍)",양구군,양구읍,38.1067371,127.9900865,033-482-0188,,,,0,0,0,NONE
H01750,미가람부부한의원,ORIENTAL,"한방내과, 침구과","강원특별자치도 춘천시 지석로 85, 202호 (석사동)",춘천시,지석로,37.851124,127.7448581,033-253-1079,,,,0,0,0,NONE
H01751,미소한의원,ORIENTAL,"한방내과, 침구과","강원특별자치도 강릉시 남부로 147, 2층 (노암동)",강릉시,남부로,37.7428837,128.8965349,033-643-8882,,,,0,0,0,NONE
H01752,민제한의원,ORIENTAL,"한방내과, 침구과","강원특별자치도 원주시 서원대로 402, (단구동)",원주시,서원대로,37.330486,127.9493095,033-762-4414,,,,0,0,0,NONE
H01753,바른한의원,ORIENTAL,"한방내과, 침구과","강원특별자치도 원주시 천사로 210, 1~4층 (일산동)",원주시,천사로,37.3510422,127.9473072,033-734-7975,,,,0,0,0,NONE
H01754,바위한의원,ORIENTAL,"한방내과, 침구과","강원특별자치도 춘천시 춘천로 185, 3층 (운교동)",춘천시,춘천로,37.8767557,127.7348892,033-251-2319,,,,0,0,0,NONE
H01755,박태훈한의원,ORIENTAL,"한방내과, 침구과","강원특별자치도 속초시 동해대로 4311, (교동)",속초시,동해대로,38.2002375,128.5701502,033-633-7582,,,,0,0,0,NONE
H01756,발효명가 중화한의원,ORIENTAL,"한방내과, 침구과","강원특별자치도 춘천시 후석로 11-8, (석사동)",춘천시,후석로,37.8570142,127.7389544,033-263-9889,,,,0,0,0,NONE
H01757,방희균한의원,ORIENTAL,"한방내과, 침구과","강원특별자치도 춘천시 방송길 98, (온의동)",춘천시,방송길,37.8679122,127.7201749,033-241-6144,,,,0,0,0,NONE
H01758,백골한의원,ORIENTAL,"한방내과, 침구과","강원특별자치도 철원군 서면 금강로 7628, (서면)",철원군,서면,38.2008325,127.4237165,033-450-6074,,,,0,0,0,NONE
H01759,백두한의원,ORIENTAL,"한방내과, 침구과","강원특별자치도 원주시 원일로 151, 2층 (일산동)",원주시,원일로,37.3521073,127.946649,033-748-1020,,,,0,0,0,NONE
H01760,백록담한의원,ORIENTAL,"한방내과, 침구과","강원특별자치도 원주시 개봉교길 9, (개운동)",원주시,개봉교길,37.3434451,127.9559814,033-763-7555,,,,0,0,0,NONE
H01761,백세한의원,ORIENTAL,"한방내과, 침구과","강원특별자치도 동해시 오일장길 6, 1층 (구미동)",동해시,오일장길,37.4803885,129.1273111,033-521-1921,,,,0,0,0,NONE
H01762,백세한의원,ORIENTAL,"한방내과, 침구과","강원특별자치도 원주시 현충로58번길 28, 2층 (태장동)",원주시,현충로58번길,37.3612931,127.9573906,033-746-7850,,,,0,0,0,NONE
H01763,벽촌한의원,ORIENTAL,"한방내과, 침구과","강원특별자치도 춘천시 영서로 2788, (우두동)",춘천시,영서로,37.9021441,127.7284056,033-242-6955,,,,0,0,0,NONE
H01764,보리한의원,ORIENTAL,"한방내과, 침구과","강원특별자치도 원주시 단구로 351, 2층 (단구동)",원주시,단구로,37.3244739,127.9586014,033-765-8875,,,,0,0,0,NONE
H01765,보생한의원,ORIENTAL,"한방내과, 침구과","강원특별자치도 강릉시 강릉대로 158, (교동)",강릉시,강릉대로,37.7569294,128.8879095,033-648-7644,,,,0,0,0,NONE
H01766,보연당한의원,ORIENTAL,"한방내과, 침구과","강원특별자치도 춘천시 지석로 11, 1층 (퇴계동, 하나로마트(퇴계점))",춘천시,지석로,37.8535241,127.7375259,033-262-1075,,,,0,0,0,NONE
H01767,본한의원,ORIENTAL,"한방내과, 침구과","강원특별자치도 춘천시 행촌로 27, (퇴계동)",춘천시,행촌로,37.8593884,127.7239046,033-251-2728,,,,0,0,0,NONE
H01768,봄고을한의원,ORIENTAL,"한방내과, 침구과","강원특별자치도 춘천시 동내면 영서로 1832, 2층",춘천시,동내면,37.8404257,127.759333,033-263-7531,,,,0,0,0,NONE
H01769,봄내한의원,ORIENTAL,"한방내과, 침구과","강원특별자치도 춘천시 퇴계로 243, (석사동)",춘천시,퇴계로,37.8557092,127.745499,033-261-1828,,,,0,0,0,NONE
H01770,부론한의원,ORIENTAL,"한방내과, 침구과","강원특별자치도 원주시 부론면 법천시장길 55-2, (부론면)",원주시,부론면,37.2079843,127.7502884,033-733-9618,,,,0,0,0,NONE
H01771,부민한의원,ORIENTAL,"한방내과, 침구과","강원특별자치도 춘천시 퇴계농공로 22, 2층 205-B동호 (석사동)",춘천시,퇴계농공로,37.8512402,127.7441194,033-262-1900,,,,0,0,0,NONE
H01772,북평해맑은한의원,ORIENTAL,"한방내과, 침구과","강원특별자치도 동해시 오일장1길 9, (구미동)",동해시,오일장1길,37.4821688,129.1259694,033-522-5375,,,,0,0,0,NONE
H01773,비담한의원,ORIENTAL,"한방내과, 침구과","강원특별자치도 춘천시 춘천로 316, (후평동, 포스코아파트상가 201호)",춘천시,춘천로,37.8818176,127.7480278,033-257-1243,,,,0,0,0,NONE
H01774,사랑손한의원,ORIENTAL,"한방내과, 침구과","강원특별자치도 원주시 무실본동길 54, 1층 (무실동)",원주시,무실본동길,37.3372552,127.9327966,033-742-1075,,,,0,0,0,NONE
H01775,사상참경희한의원,ORIENTAL,"한방내과, 침구과","강원특별자치도 원주시 영랑길 2, 401호 (행구동)",원주시,영랑길,37.3414184,127.9712715,033-813-9600,,,,0,0,0,NONE
H01776,사임당 한의원,ORIENTAL,"한방내과, 침구과","강원특별자치도 강릉시 토성로 125-1, (용강동)",강릉시,토성로,37.7542973,128.8905816,033-648-8075,,,,0,0,0,NONE
H01777,삼대한의원,ORIENTAL,"한방내과, 침구과","강원특별자치도 원주시 원문로 168, 1층 (단계동)",원주시,원문로,37.3562645,127.9312667,033-743-8075,,,,0,0,0,NONE
H01778,삼정자연치유한의원,ORIENTAL,"한방내과, 침구과","강원특별자치도 고성군 죽왕면 백도해변길 36, (죽왕면)",고성군,죽왕면,38.2984157,128.5455143,,,,,0,0,0,NONE
H01779,삼척한의원,ORIENTAL,"한방내과, 침구과","강원특별자치도 삼척시 진주로 28-41, 3층 (남양동)",삼척시,진주로,37.4426675,129.1646677,033-572-3375,,,,0,0,0,NONE
H01780,삼화당한의원,ORIENTAL,"한방내과, 침구과","강원특별자치도 춘천시 충열로 3, (우두동)",춘천시,충열로,37.9009387,127.7295381,033-244-4375,,,,0,0,0,NONE
H01781,상지명인한의원,ORIENTAL,"한방내과, 침구과","강원특별자치도 원주시 무실로 64, (일산동)",원주시,무실로,37.3461655,127.9464783,033-731-1075,,,,0,0,0,NONE
H01782,새로운한의원,ORIENTAL,"한방내과, 침구과","강원특별자치도 속초시 중앙로 146, (중앙동)",속초시,중앙로,38.2037397,128.5915359,033-632-1075,,,,0,0,0,NONE
H01783,새생명한의원,ORIENTAL,"한방내과, 침구과","강원특별자치도 속초시 동해대로 4278, (교동)",속초시,동해대로,38.1985077,128.5733419,033-633-9988,,,,0,0,0,NONE
H01784,새진한의원,ORIENTAL,"한방내과, 침구과","강원특별자치도 춘천시 영서로2141번길 13, 2,3,4층 (퇴계동)",춘천시,영서로2141번길,37.8567487,127.7349842,033-263-5003,,,,0,0,0,NONE
H01785,생명수한의원,ORIENTAL,"한방내과, 침구과","강원특별자치도 원주시 원일로 135, 2층 (일산동)",원주시,원일로,37.3510063,127.9474962,033-746-1075,,,,0,0,0,NONE
H01786,서상원한의원,ORIENTAL,"한방내과, 침구과","강원특별자치도 원주시 서원대로 408, 광장빌딩 202호 (단구동)",원주시,서원대로,37.3299891,127.9500079,033-901-0233,,,,0,0,0,NONE
H01787,서석한의원,ORIENTAL,"한방내과, 침구과","강원특별자치도 홍천군 서석면 구룡령로 2526, 2층",홍천군,서석면,37.7124468,128.1854999,033-433-3238,,,,0,0,0,NONE
H01788,서울경희한의원,ORIENTAL,"한방내과, 침구과","강원특별자치도 속초시 중앙로 77, 2층 (청학동)",속초시,중앙로,38.2017576,128.5845011,033-638-7577,,,,0,0,0,NONE
H01789,서울한의원,ORIENTAL,"한방내과, 침구과","강원특별자치도 강릉시 솔올로5번길 52, 2층 (교동)",강릉시,솔올로5번길,37.7635556,128.8772286,033-643-1076,,,,0,0,0,NONE
H01790,석사365한의원,ORIENTAL,"한방내과, 침구과","강원특별자치도 춘천시 후석로186번길 10-1, 3층 (석사동)",춘천시,후석로186번길,37.8674303,127.7533385,033-241-0365,,,,0,0,0,NONE
H01791,선율당한의원,ORIENTAL,"한방내과, 침구과","강원특별자치도 원주시 치악로 1507, (관설동)",원주시,치악로,37.3191746,127.9663051,033-765-4859,,,,0,0,0,NONE
H01792,설백한의원,ORIENTAL,"한방내과, 침구과","강원특별자치도 횡성군 횡성읍 태기로 32, (횡성읍)",횡성군,횡성읍,37.4908644,127.9870359,033-342-1108,,,,0,0,0,NONE
H01793,성덕한의원,ORIENTAL,"한방내과, 침구과","강원특별자치도 강릉시 성덕포남로 66, (입암동)",강릉시,성덕포남로,37.7606812,128.9184833,033-653-8828,,,,0,0,0,NONE
H01794,성보한의원,ORIENTAL,"한방내과, 침구과","강원특별자치도 횡성군 둔내면 둔내로51번길 10-1, (둔내면)",횡성군,둔내면,37.512238,128.2174848,033-342-1055,,,,0,0,0,NONE
H01795,성신한의원,ORIENTAL,"한방내과, 침구과","강원특별자치도 춘천시 춘천로81번길 42, (약사동)",춘천시,춘천로81번길,37.8735383,127.7220384,033-253-7999,,,,0,0,0,NONE
H01796,성심한의원,ORIENTAL,"한방내과, 침구과","강원특별자치도 홍천군 홍천읍 홍천로 376, 2층",홍천군,홍천읍,37.6893321,127.8868771,033-434-9500,,,,0,0,0,NONE
H01797,성심한의원,ORIENTAL,"한방내과, 침구과","강원특별자치도 인제군 인제읍 비봉로 16, (인제읍)",인제군,인제읍,38.0674858,128.1727139,033-462-0505,,,,0,0,0,NONE
H01798,성진한의원,ORIENTAL,"한방내과, 침구과","강원특별자치도 춘천시 중앙로 75, (중앙로2가)",춘천시,중앙로,37.8787461,127.7260326,033-256-9977,,,,0,0,0,NONE
H01799,세진한의원,ORIENTAL,"한방내과, 침구과","강원특별자치도 원주시 남원로 592, (명륜동)",원주시,남원로,37.3362493,127.9502881,033-761-3116,,,,0,0,0,NONE
H01800,소나무한의원,ORIENTAL,"한방내과, 침구과","강원특별자치도 원주시 평원로 58, 2층 (평원동)",원주시,평원로,37.3511466,127.9513226,033-765-5775,,,,0,0,0,NONE
H01801,소림한의원,ORIENTAL,"한방내과, 침구과","강원특별자치도 춘천시 삭주로 89-4, 현대상가 1층 101호 (후평동)",춘천시,삭주로,37.8838732,127.74114,033-264-7533,,,,0,0,0,NONE
H01802,소양한의원,ORIENTAL,"한방내과, 침구과","강원특별자치도 춘천시 영서로 2668-22, 1층 (소양로1가)",춘천시,영서로,37.892909,127.7261897,033-257-7080,,,,0,0,0,NONE
H01803,속초가좋은한의원,ORIENTAL,"한방내과, 침구과","강원특별자치도 속초시 철새길 37, 4층 (조양동)",속초시,철새길,38.1922018,128.5826337,033-636-3800,,,,0,0,0,NONE
H01804,속초시민한의원,ORIENTAL,"한방내과, 침구과","강원특별자치도 속초시 영랑로7길 13, (영랑동)",속초시,영랑로7길,38.2142013,128.5952625,033-635-1075,,,,0,0,0,NONE
H01805,수강한의원,ORIENTAL,"한방내과, 침구과","강원특별자치도 동해시 일출로 2-4, (발한동)",동해시,일출로,37.5492883,129.1093455,033-532-3777,,,,0,0,0,NONE
H01806,수연한의원,ORIENTAL,"한방내과, 침구과","강원특별자치도 원주시 모란1길 75, 201호 (우산동)",원주시,모란1길,37.3617081,127.9325963,033-747-1075,,,,0,0,0,NONE
H01807,수한의원,ORIENTAL,"한방내과, 침구과","강원특별자치도 강릉시 금성로42번길 13, 2층 (금학동)",강릉시,금성로42번길,37.7537745,128.8954719,033-645-1729,,,,0,0,0,NONE
H01808,수한의원,ORIENTAL,"한방내과, 침구과","강원특별자치도 춘천시 안마산로 107-1, 3층 304호 (퇴계동)",춘천시,안마산로,37.8549716,127.7279916,033-242-2066,,,,0,0,0,NONE
H01809,숲한의원,ORIENTAL,"한방내과, 침구과","강원특별자치도 원주시 원문로137번길 46, 1층 (단계동)",원주시,원문로137번길,37.3530321,127.9315062,033-748-8288,,,,0,0,0,NONE
H01810,승리한의원,ORIENTAL,"한방내과, 침구과","강원특별자치도 화천군 사내면 수피령로 163, (사내면)",화천군,사내면,38.0798968,127.5217523,033-440-6980,,,,0,0,0,NONE
H01811,승산한의원,ORIENTAL,"한방내과, 침구과","강원특별자치도 원주시 예술관길 4, 2층 (명륜동)",원주시,예술관길,37.334496,127.943622,033-766-0815,,,,0,0,0,NONE
H01812,시민한의원,ORIENTAL,"한방내과, 침구과","강원특별자치도 삼척시 근덕면 삼척로 3654, (근덕면)",삼척시,근덕면,37.3806083,129.2260937,033-572-7577,,,,0,0,0,NONE
H01813,신광호경희한의원,ORIENTAL,"한방내과, 침구과","강원특별자치도 강릉시 주문진읍 연주로 239, 2층",강릉시,주문진읍,37.874553,128.8302205,033-672-1075,,,,0,0,0,NONE
H01814,신맥한의원,ORIENTAL,"한방내과, 침구과","강원특별자치도 춘천시 춘주로 203, (퇴계동)",춘천시,춘주로,37.8609608,127.7279384,033-244-4859,,,,0,0,0,NONE
H01815,신생한의원,ORIENTAL,"한방내과, 침구과","강원특별자치도 강릉시 문화의길 18, (임당동)",강릉시,문화의길,37.7555338,128.8941157,033-648-9005,,,,0,0,0,NONE
H01816,신선한의원,ORIENTAL,"한방내과, 침구과","강원특별자치도 원주시 소초면 간촌길 130, 1층",원주시,소초면,37.43366,127.990363,070-7679-3140,,,,0,0,0,NONE
H01817,신월랑한의원,ORIENTAL,"한방내과, 침구과","강원특별자치도 원주시 고문골길 21, 1층 (행구동)",원주시,고문골길,37.3421221,128.0036939,033-744-4535,,,,0,0,0,NONE
H01818,신중한의원,ORIENTAL,"한방내과, 침구과","강원특별자치도 원주시 문막읍 동화택지길 3-25, 1층",원주시,문막읍,37.3244888,127.8296111,033-732-8275,,,,0,0,0,NONE
H01819,신진한의원,ORIENTAL,"한방내과, 침구과","강원특별자치도 속초시 엑스포로 177, (교동)",속초시,엑스포로,38.1989277,128.5806441,033-633-5877,,,,0,0,0,NONE
H01820,신통한의원,ORIENTAL,"한방내과, 침구과","강원특별자치도 강릉시 솔올로 17, 301호 (교동)",강릉시,솔올로,37.7635182,128.8774738,033-661-8075,,,,0,0,0,NONE
H01821,심석인한의원,ORIENTAL,"한방내과, 침구과","강원특별자치도 강릉시 교동광장로 139, 2층 (교동)",강릉시,교동광장로,37.7644243,128.8803203,033-642-4188,,,,0,0,0,NONE
H01822,쌍용한의원,ORIENTAL,"한방내과, 침구과","강원특별자치도 영월군 한반도면 쌍용로 228, (한반도면)",영월군,한반도면,37.1750744,128.3270529,033-372-0022,,,,0,0,0,NONE
H01823,아침한의원,ORIENTAL,"한방내과, 침구과","강원특별자치도 원주시 남원로 528, 1층 (단구동, kt링커스건물)",원주시,남원로,37.3311353,127.9471281,033-744-4034,,,,0,0,0,NONE
H01824,안흥한의원,ORIENTAL,"한방내과, 침구과","강원특별자치도 원주시 북원로 2684, (태장동)",원주시,북원로,37.3830342,127.9474236,033-748-3895,,,,0,0,0,NONE
H01825,안흥한의원,ORIENTAL,"한방내과, 침구과","강원특별자치도 횡성군 안흥면 안흥로 46, (안흥면)",횡성군,안흥면,37.4130716,128.1579919,033-344-7510,,,,0,0,0,NONE
H01826,약손한의원,ORIENTAL,"한방내과, 침구과","강원특별자치도 인제군 기린면 기린로 25, (기린면)",인제군,기린면,37.954656,128.3170892,033-461-1075,,,,0,0,0,NONE
H01827,양구부부한의원,ORIENTAL,"한방내과, 침구과","강원특별자치도 양구군 양구읍 사명길 50-13, 50",양구군,양구읍,38.104543,127.9890836,033-482-7553,,,,0,0,0,NONE
H01828,양상묵한의원,ORIENTAL,"한방내과, 침구과","강원특별자치도 원주시 남원로 528-13, (단구동)",원주시,남원로,37.3304695,127.9481208,033-766-3999,,,,0,0,0,NONE
H01829,양양한의원,ORIENTAL,"한방내과, 침구과","강원특별자치도 양양군 양양읍 남문2길 3, (양양읍)",양양군,양양읍,38.0765408,128.6238238,033-672-8168,,,,0,0,0,NONE
H01830,양천한의원,ORIENTAL,"한방내과, 침구과","강원특별자치도 철원군 갈말읍 명성로174번길 1, 양천한의원",철원군,갈말읍,38.1474294,127.3079759,033-452-4031,,,,0,0,0,NONE
H01831,어진한의원,ORIENTAL,"한방내과, 침구과","강원특별자치도 원주시 시청로 555, (관설동)",원주시,시청로,37.317228,127.9678686,033-764-3999,,,,0,0,0,NONE
H01832,여민한의원,ORIENTAL,"한방내과, 침구과","강원특별자치도 원주시 행구로 69, 1층 (봉산동)",원주시,행구로,37.3419224,127.9648468,033-766-1075,,,,0,0,0,NONE
H01833,열린문한의원,ORIENTAL,"한방내과, 침구과","강원특별자치도 원주시 서원대로 174, 덕윤빌딩 2층 (단계동)",원주시,서원대로,37.3438801,127.9307795,033-745-1075,,,,0,0,0,NONE
H01834,영광한의원,ORIENTAL,"한방내과, 침구과","강원특별자치도 춘천시 남춘로 31, (퇴계동)",춘천시,남춘로,37.8641426,127.7310713,033-251-2004,,,,0,0,0,NONE
H01835,영동한의원,ORIENTAL,"한방내과, 침구과","강원특별자치도 동해시 발한로 125, (발한동)",동해시,발한로,37.5436957,129.1018641,033-533-3505,,,,0,0,0,NONE
H01836,예인한의원,ORIENTAL,"한방내과, 침구과","강원특별자치도 원주시 단관길 129, (관설동)",원주시,단관길,37.3201879,127.9601632,033-763-3555,,,,0,0,0,NONE
H01837,오영기한의원,ORIENTAL,"한방내과, 침구과","강원특별자치도 춘천시 옛경춘로 616, 1,2층 (온의동)",춘천시,옛경춘로,37.8531689,127.7112685,033-252-6089,,,,0,0,0,NONE
H01838,옥계한의원,ORIENTAL,"한방내과, 침구과","강원특별자치도 강릉시 옥계면 현내시장길 71, (옥계면)",강릉시,옥계면,37.6092649,129.0357381,033-534-1680,,,,0,0,0,NONE
H01839,옥산가한의원,ORIENTAL,"한방내과, 침구과","강원특별자치도 춘천시 춘천로17번길 37, 5층 (온의동)",춘천시,춘천로17번길,37.8676873,127.7179875,033-256-3650,,,,0,0,0,NONE
H01840,온누리한의원,ORIENTAL,"한방내과, 침구과","강원특별자치도 춘천시 중앙로 84, (중앙로2가)",춘천시,중앙로,37.8784454,127.7249826,033-253-7975,,,,0,0,0,NONE
H01841,용평한의원,ORIENTAL,"한방내과, 침구과","강원특별자치도 평창군 대관령면 눈마을길 23, 3층 (K빌딩)",평창군,대관령면,37.6702436,128.7098179,033-335-8818,,,,0,0,0,NONE
H01842,용한의원,ORIENTAL,"한방내과, 침구과","강원특별자치도 강릉시 금성로 38, 2층 (금학동)",강릉시,금성로,37.7532833,128.8966616,033-646-2048,,,,0,0,0,NONE
H01843,우리가족한의원,ORIENTAL,"한방내과, 침구과","강원특별자치도 원주시 단구로 404, (단구동)",원주시,단구로,37.3208954,127.9549948,033-745-7579,,,,0,0,0,NONE
H01844,우리한의원,ORIENTAL,"한방내과, 침구과","강원특별자치도 삼척시 진주로 29, 찬스노래방 2층 2호 (남양동)",삼척시,진주로,37.4432875,129.1637643,033-572-7885,,,,0,0,0,NONE
H01845,우리한의원,ORIENTAL,"한방내과, 침구과","강원특별자치도 화천군 사내면 사내로 43, (사내면)",화천군,사내면,38.0718333,127.5208891,033-441-1075,,,,0,0,0,NONE
H01846,원강한의원,ORIENTAL,"한방내과, 침구과","강원특별자치도 동해시 천곡로 55, (천곡동)",동해시,천곡로,37.5241841,129.1114122,033-533-4767,,,,0,0,0,NONE
H01847,원주가온한의원,ORIENTAL,"한방내과, 침구과","강원특별자치도 원주시 서원대로 380, 3층 (단구동, 동보노빌리티타워)",원주시,서원대로,37.3317044,127.947481,033-900-0121,,,,0,0,0,NONE
H01848,원주단구 오케이한의원,ORIENTAL,"한방내과, 침구과","강원특별자치도 원주시 단구로 398, 청솔3차아파트 상가2동 105호 (단구동)",원주시,단구로,37.3214515,127.9553045,033-765-7975,,,,0,0,0,NONE
H01849,원주약선당한의원,ORIENTAL,"한방내과, 침구과","강원특별자치도 원주시 무실로 181, 1층 (명륜동)",원주시,무실로,37.340665,127.9395934,033-762-1232,,,,0,0,0,NONE
H01850,원주함소아한의원,ORIENTAL,"한방내과, 침구과","강원특별자치도 원주시 서원대로 396, 306,307호 (단구동)",원주시,서원대로,37.3307458,127.9488807,033-764-5475,,,,0,0,0,NONE
H01851,원통 진영한의원,ORIENTAL,"한방내과, 침구과","강원특별자치도 인제군 북면 금강로 54, (북면)",인제군,북면,38.1244254,128.2048894,033-463-7584,,,,0,0,0,NONE
H01852,원통한의원,ORIENTAL,"한방내과, 침구과","강원특별자치도 인제군 북면 원통로184번길 5, (북면)",인제군,북면,38.123197,128.2048987,033-463-7533,,,,0,0,0,NONE
H01853,유앤미한의원,ORIENTAL,"한방내과, 침구과","강원특별자치도 원주시 흥양로51번길 1, 2층 (태장동)",원주시,흥양로51번길,37.3839867,127.952572,033-735-7597,,,,0,0,0,NONE
H01854,유운수한의원,ORIENTAL,"한방내과, 침구과","강원특별자치도 속초시 먹거리1길 35-9, (교동)",속초시,먹거리1길,38.1958913,128.5767484,033-636-3345,,,,0,0,0,NONE
H01855,유천한의원,ORIENTAL,"한방내과, 침구과","강원특별자치도 강릉시 선수촌로 77, 3층 301호 (홍제동)",강릉시,선수촌로,37.7578212,128.8699889,033-643-3681,,,,0,0,0,NONE
H01856,육림한의원,ORIENTAL,"한방내과, 침구과","강원특별자치도 춘천시 금강로 102, (운교동)",춘천시,금강로,37.8766098,127.7308368,033-254-2222,,,,0,0,0,NONE
H01857,윤한의원,ORIENTAL,"한방내과, 침구과","강원특별자치도 강릉시 율곡로 2791, 1층 (성남동)",강릉시,율곡로,37.7540661,128.9009344,033-655-7585,,,,0,0,0,NONE
H01858,율곡한의원,ORIENTAL,"한방내과, 침구과","강원특별자치도 강릉시 하평길 40, (포남동)",강릉시,하평길,37.7701388,128.9130233,033-652-9111,,,,0,0,0,NONE
H01859,융한의원,ORIENTAL,"한방내과, 침구과","강원특별자치도 철원군 동송읍 금학로 234, 대우일렉",철원군,동송읍,38.209377,127.2176844,033-458-3430,,,,0,0,0,NONE
H01860,으뜸한의원,ORIENTAL,"한방내과, 침구과","강원특별자치도 춘천시 후만로 92, (후평동)",춘천시,후만로,37.8762491,127.754694,033-243-7582,,,,0,0,0,NONE
H01861,으뜸한의원,ORIENTAL,"한방내과, 침구과","강원특별자치도 원주시 중앙시장길 11, 2층 3-3호 (중앙동, 자유시장상가)",원주시,중앙시장길,37.350809,127.9487726,033-734-1211,,,,0,0,0,NONE
H01862,은행나무한의원,ORIENTAL,"한방내과, 침구과","강원특별자치도 강릉시 금성로22번길 4, 2층 201호 (금학동)",강릉시,금성로22번길,37.754255,128.8980003,033-655-0231,,,,0,0,0,NONE
H01863,은행나무한의원,ORIENTAL,"한방내과, 침구과","강원특별자치도 원주시 문막읍 원문로 1883, (문막읍)",원주시,문막읍,37.3070502,127.8158473,033-743-8297,,,,0,0,0,NONE
H01864,은혜한의원,ORIENTAL,"한방내과, 침구과","강원특별자치도 원주시 능라동길 82, 3층 (무실동)",원주시,능라동길,37.3327739,127.9292269,033-731-1079,,,,0,0,0,NONE
H01865,의함다래평생한의원,ORIENTAL,"한방내과, 침구과","강원특별자치도 원주시 남산로 180, 대성빌딩 101호 (학성동)",원주시,남산로,37.3520685,127.9407638,033-766-8925,,,,0,0,0,NONE
H01866,이광호한의원,ORIENTAL,"한방내과, 침구과","강원특별자치도 춘천시 퇴계로 207, (석사동)",춘천시,퇴계로,37.8568439,127.7415799,033-262-7510,,,,0,0,0,NONE
H01867,이내풍한의원,ORIENTAL,"한방내과, 침구과","강원특별자치도 원주시 치악로 1786, (개운동)",원주시,치악로,37.3418974,127.955823,033-764-2757,,,,0,0,0,NONE
H01868,이득수한의원,ORIENTAL,"한방내과, 침구과","강원특별자치도 원주시 지정면 신지정로 216, 601호",원주시,지정면,37.3750208,127.87306,033-813-0175,,,,0,0,0,NONE
H01869,이성문한의원,ORIENTAL,"한방내과, 침구과","강원특별자치도 원주시 치악로 1502, 2층 (단구동)",원주시,치악로,37.3189608,127.9673043,033-765-7582,,,,0,0,0,NONE
H01870,이시형한의원,ORIENTAL,"한방내과, 침구과","강원특별자치도 춘천시 마장길 71-8, (사농동)",춘천시,마장길,37.9096404,127.7321554,033-255-3386,,,,0,0,0,NONE
H01871,이종우한의원,ORIENTAL,"한방내과, 침구과","강원특별자치도 춘천시 후석로 289, 1층 (후평동)",춘천시,후석로,37.8770862,127.7516704,033-253-1075,,,,0,0,0,NONE
H01872,이현주한의원,ORIENTAL,"한방내과, 침구과","강원특별자치도 원주시 귀래면 운계다둔길 113-7, (귀래면)",원주시,귀래면,37.2009509,127.8965638,033-765-7510,,,,0,0,0,NONE
H01873,익수당한의원,ORIENTAL,"한방내과, 침구과","강원특별자치도 동해시 중앙로 175, (천곡동)",동해시,중앙로,37.5166765,129.1169699,033-533-2412,,,,0,0,0,NONE
H01874,인덕한의원,ORIENTAL,"한방내과, 침구과","강원특별자치도 원주시 남원로 589, 1층 (명륜동)",원주시,남원로,37.3363047,127.9494884,033-766-9966,,,,0,0,0,NONE
H01875,인제부부한의원,ORIENTAL,"한방내과, 침구과","강원특별자치도 인제군 인제읍 인제로 173-1, (인제읍)",인제군,인제읍,38.0681307,128.1700058,033-461-2003,,,,0,0,0,NONE
H01876,임계한의원,ORIENTAL,"한방내과, 침구과","강원특별자치도 정선군 임계면 백두대간로 1362, (임계면)",정선군,임계면,37.4950133,128.8500067,033-562-0205,,,,0,0,0,NONE
H01877,임한의원,ORIENTAL,"한방내과, 침구과","강원특별자치도 강릉시 성덕포남로 174, (포남동)",강릉시,성덕포남로,37.7675213,128.9097201,033-652-6050,,,,0,0,0,NONE
H01878,입암경희한의원,ORIENTAL,"한방내과, 침구과","강원특별자치도 강릉시 입암로 157, 2층 (입암동)",강릉시,입암로,37.7597295,128.9183652,033-651-1075,,,,0,0,0,NONE
H01879,자연과한의원 원주점,ORIENTAL,"한방내과, 침구과","강원특별자치도 원주시 능라동길 51, 4층 414~415호 (무실동)",원주시,능라동길,37.3348376,127.9301516,033-813-0369,,,,0,0,0,NONE
H01880,자연한의원,ORIENTAL,"한방내과, 침구과","강원특별자치도 강릉시 경강로 2097, 3층 (임당동)",강릉시,경강로,37.7549777,128.8961252,033-643-7584,,,,0,0,0,NONE
H01881,자운영한의원,ORIENTAL,"한방내과, 침구과","강원특별자치도 강릉시 팔송길 32, 1층 (송정동)",강릉시,팔송길,37.776659,128.9353827,033-642-7588,,,,0,0,0,NONE
H01882,작은나무한의원,ORIENTAL,"한방내과, 침구과","강원특별자치도 동해시 발한로 75, 1층 (부곡동)",동해시,발한로,37.5391062,129.1014566,033-838-7900,,,,0,0,0,NONE
H01883,장생한의원,ORIENTAL,"한방내과, 침구과","강원특별자치도 평창군 봉평면 기풍로 169, (봉평면)",평창군,봉평면,37.6173085,128.3765503,033-335-8863,,,,0,0,0,NONE
H01884,장수뜸한의원,ORIENTAL,"한방내과, 침구과","강원특별자치도 원주시 서원대로 383, 한신프라자 4층 406,407호 (개운동)",원주시,서원대로,37.3319866,127.9486022,033-765-8388,,,,0,0,0,NONE
H01885,장수한의원,ORIENTAL,"한방내과, 침구과","강원특별자치도 강릉시 경강로 2203, (포남동)",강릉시,경강로,37.7615912,128.9049379,033-647-3575,,,,0,0,0,NONE
H01886,장수한의원,ORIENTAL,"한방내과, 침구과","강원특별자치도 영월군 영월읍 중앙1로 23, (영월읍)",영월군,영월읍,37.1829585,128.4652752,033-374-7194,,,,0,0,0,NONE
H01887,장평한의원,ORIENTAL,"한방내과, 침구과","강원특별자치도 평창군 용평면 경강로 1638, 2층",평창군,용평면,37.5843919,128.4146535,033-334-7582,,,,0,0,0,NONE
H01888,재생한의원,ORIENTAL,"한방내과, 침구과","강원특별자치도 원주시 단구로 410, 세경5차아파트 상가동동 108,113호 (단구동)",원주시,단구로,37.3218484,127.9519543,033-747-5116,,,,0,0,0,NONE
H01889,전찬일한의원,ORIENTAL,"한방내과, 침구과","강원특별자치도 원주시 남원로534번길 14, 4층 (단구동)",원주시,남원로534번길,37.330781,127.9481548,033-762-1075,,,,0,0,0,NONE
H01890,정선한의원,ORIENTAL,"한방내과, 침구과","강원특별자치도 정선군 정선읍 봉양5길 22, (정선읍)",정선군,정선읍,37.3791361,128.6630424,,,,,0,0,0,NONE
H01891,정성 한의원,ORIENTAL,"한방내과, 침구과","강원특별자치도 원주시 단구로 384-1, 1층 102호 (단구동)",원주시,단구로,37.3224312,127.956245,033-764-3700,,,,0,0,0,NONE
H01892,정운기한의원,ORIENTAL,"한방내과, 침구과","강원특별자치도 원주시 시청로 80, 쎈터프라자 302,304,305호 (무실동)",원주시,시청로,37.3367465,127.9274364,033-734-1020,,,,0,0,0,NONE
H01893,정창우한의원,ORIENTAL,"한방내과, 침구과","강원특별자치도 춘천시 춘천로 197-1, 벨몽드마트 4층 (효자동)",춘천시,춘천로,37.8771861,127.7358948,033-261-6211,,,,0,0,0,NONE
H01894,제11기동사단의무대대한의원,ORIENTAL,"한방내과, 침구과","강원특별자치도 홍천군 북방면 홍천로 132, (북방면)",홍천군,북방면,37.6927938,127.86156,033-430-6055,,,,0,0,0,NONE
H01895,제민당한의원,ORIENTAL,"한방내과, 침구과","강원특별자치도 원주시 치악로 1594, 1층 (단구동)",원주시,치악로,37.3252095,127.961341,033-765-2700,,,,0,0,0,NONE
H01896,제생한의원,ORIENTAL,"한방내과, 침구과","강원특별자치도 태백시 황지로 17-1, (황지동)",태백시,황지로,37.1605399,128.9901799,033-581-7200,,,,0,0,0,NONE
H01897,제중한의원,ORIENTAL,"한방내과, 침구과","강원특별자치도 강릉시 금성로22번길 8, (금학동)",강릉시,금성로22번길,37.7544997,128.897785,033-645-2807,,,,0,0,0,NONE
H01898,조은한의원,ORIENTAL,"한방내과, 침구과","강원특별자치도 춘천시 안마산로 222, 1층 (퇴계동)",춘천시,안마산로,37.8492293,127.7383736,033-261-1075,,,,0,0,0,NONE
H01899,주심한의원,ORIENTAL,"한방내과, 침구과","강원특별자치도 속초시 선사로 26-2, (조양동)",속초시,선사로,38.1890032,128.5926343,033-633-1075,,,,0,0,0,NONE
H01900,주천동리한의원,ORIENTAL,"한방내과, 침구과","강원특별자치도 영월군 주천면 주천로 93, 1층",영월군,주천면,37.2714222,128.268605,,,,,0,0,0,NONE
H01901,중국한의원,ORIENTAL,"한방내과, 침구과","강원특별자치도 원주시 치악로 1657-1, 1~2층 (단구동)",원주시,치악로,37.3305836,127.9586666,033-761-0982,,,,0,0,0,NONE
H01902,중앙제일한의원,ORIENTAL,"한방내과, 침구과","강원특별자치도 동해시 천곡로 52, (천곡동)",동해시,천곡로,37.5237799,129.1109039,033-535-1136,,,,0,0,0,NONE
H01903,중앙한의원,ORIENTAL,"한방내과, 침구과","강원특별자치도 춘천시 중앙로 91-1, 1층 (중앙로2가)",춘천시,중앙로,37.8775574,127.7245737,033-255-4210,,,,0,0,0,NONE
H01904,중앙한의원,ORIENTAL,"한방내과, 침구과","강원특별자치도 홍천군 홍천읍 번영로 33, (홍천읍)",홍천군,홍천읍,37.6900728,127.8840183,033-432-5577,,,,0,0,0,NONE
H01905,중원한의원,ORIENTAL,"한방내과, 침구과","강원특별자치도 속초시 중앙로 108, (청학동)",속초시,중앙로,38.2018325,128.5879787,033-632-0994,,,,0,0,0,NONE
H01906,중의한의원,ORIENTAL,"한방내과, 침구과","강원특별자치도 원주시 중앙로 70, (중앙동)",원주시,중앙로,37.3482687,127.9523424,033-742-2038,,,,0,0,0,NONE
H01907,중인당한의원,ORIENTAL,"한방내과, 침구과","강원특별자치도 강릉시 주문진읍 주문로 62, (주문진읍)",강릉시,주문진읍,37.8893756,128.8260905,033-646-1688,,,,0,0,0,NONE
H01908,중정한의원,ORIENTAL,"한방내과, 침구과","강원특별자치도 속초시 설악산로 285, (도문동)",속초시,설악산로,38.1629503,128.5764575,033-636-3119,,,,0,0,0,NONE
H01909,중화당한의원,ORIENTAL,"한방내과, 침구과","강원특별자치도 강릉시 금성로22번길 10, (금학동)",강릉시,금성로22번길,37.7547463,128.8976279,033-648-4611,,,,0,0,0,NONE
H01910,중화당한의원,ORIENTAL,"한방내과, 침구과","강원특별자치도 정선군 고한읍 고한로 151, (고한읍)",정선군,고한읍,37.2014041,128.8530926,033-591-3590,,,,0,0,0,NONE
H01911,중화당한의원,ORIENTAL,"한방내과, 침구과","강원특별자치도 춘천시 춘주로 89, 2층 (온의동)",춘천시,춘주로,37.8622364,127.719866,033-251-8085,,,,0,0,0,NONE
H01912,지산한의원,ORIENTAL,"한방내과, 침구과","강원특별자치도 고성군 간성읍 간성로 34, 2층",고성군,간성읍,38.3792044,128.4712948,033-681-8838,,,,0,0,0,NONE
H01913,지선당한의원,ORIENTAL,"한방내과, 침구과","강원특별자치도 원주시 능라동길 51, 517, 518호 (무실동)",원주시,능라동길,37.3348376,127.9301516,033-748-1075,,,,0,0,0,NONE
H01914,지월한의원,ORIENTAL,"한방내과, 침구과","강원특별자치도 원주시 시청로 96, 영신프라자 2층 202호 (무실동)",원주시,시청로,37.3360952,127.9285031,033-743-1070,,,,0,0,0,NONE
H01915,진부명인당한의원,ORIENTAL,"한방내과, 침구과","강원특별자치도 평창군 진부면 청송로 87, (진부면)",평창군,진부면,37.6367373,128.5561169,033-335-8210,,,,0,0,0,NONE
H01916,진부한의원,ORIENTAL,"한방내과, 침구과","강원특별자치도 평창군 진부면 진부시장뒷길 14, (진부면)",평창군,진부면,37.6370954,128.5570293,033-335-7135,,,,0,0,0,NONE
H01917,진정한의원,ORIENTAL,"한방내과, 침구과","강원특별자치도 철원군 서면 와수1로 38, 2층",철원군,서면,38.240228,127.4374245,033-458-8411,,,,0,0,0,NONE
H01918,진제통한의원,ORIENTAL,"한방내과, 침구과","강원특별자치도 원주시 양지로 26, 1층 106호 (반곡동)",원주시,양지로,37.3245927,127.9816052,033-813-0233,,,,0,0,0,NONE
H01919,차림한의원,ORIENTAL,"한방내과, 침구과","강원특별자치도 원주시 건강로 25, 101,102호 (반곡동)",원주시,건강로,37.3250174,127.9880351,033-813-1282,,,,0,0,0,NONE
H01920,참한의원,ORIENTAL,"한방내과, 침구과","강원특별자치도 삼척시 원덕읍 호산중앙로 5-7, (원덕읍)",삼척시,원덕읍,37.1750478,129.336353,033-572-7773,,,,0,0,0,NONE
H01921,천일한의원,ORIENTAL,"한방내과, 침구과","강원특별자치도 원주시 신림면 치악로 37, 1층",원주시,신림면,37.2300199,128.0780141,033-762-5177,,,,0,0,0,NONE
H01922,철원한의원,ORIENTAL,"한방내과, 침구과","강원특별자치도 철원군 갈말읍 삼부연로18번길 8-6, (갈말읍)",철원군,갈말읍,38.1450611,127.3096353,033-452-1075,,,,0,0,0,NONE
H01923,청담한의원,ORIENTAL,"한방내과, 침구과","강원특별자치도 춘천시 후석로326번길 5, (후평동)",춘천시,후석로326번길,37.8804884,127.7500921,033-256-1275,,,,0,0,0,NONE
H01924,청담한의원,ORIENTAL,"한방내과, 침구과","강원특별자치도 강릉시 월대산로 60, (입암동)",강릉시,월대산로,37.7598164,128.9169863,033-647-1497,,,,0,0,0,NONE
H01925,청담한의원,ORIENTAL,"한방내과, 침구과","강원특별자치도 홍천군 홍천읍 번영로 6-2, 3,4,5층",홍천군,홍천읍,37.6892361,127.8808557,033-432-8875,,,,0,0,0,NONE
H01926,청운한의원,ORIENTAL,"한방내과, 침구과","강원특별자치도 강릉시 하평길 31, 우진빌딩 2층 204호 (포남동)",강릉시,하평길,37.7706357,128.9121324,033-651-5005,,,,0,0,0,NONE
H01927,청운한의원,ORIENTAL,"한방내과, 침구과","강원특별자치도 동해시 효자남길 8-17, 2층 (나안동)",동해시,효자남길,37.4869647,129.1102949,,,,,0,0,0,NONE
H01928,총통한의원,ORIENTAL,"한방내과, 침구과","강원특별자치도 원주시 능라동길 59, 5층 (무실동, 정한프라자)",원주시,능라동길,37.3344196,127.9308182,033-765-2228,,,,0,0,0,NONE
H01929,최고한의원,ORIENTAL,"한방내과, 침구과","강원특별자치도 삼척시 진주로 9, (남양동, 한우리생고기축산물도매센터)",삼척시,진주로,37.4416511,129.1638901,033-572-1075,,,,0,0,0,NONE
H01930,최한의원,ORIENTAL,"한방내과, 침구과","강원특별자치도 강릉시 경강로 2099, 1층 (임당동)",강릉시,경강로,37.7551673,128.8963802,033-646-5532,,,,0,0,0,NONE
H01931,최한의원,ORIENTAL,"한방내과, 침구과","강원특별자치도 원주시 문막읍 건등로 10-19, 문호빌딩 2층",원주시,문막읍,37.3108765,127.8193755,033-734-2378,,,,0,0,0,NONE
H01932,춘천우리한의원,ORIENTAL,"한방내과, 침구과","강원특별자치도 춘천시 영서로 2779, 3층 (우두동)",춘천시,영서로,37.9013552,127.7284277,033-255-6955,,,,0,0,0,NONE
H01933,춘천한방한의원,ORIENTAL,"한방내과, 침구과","강원특별자치도 춘천시 동면 춘천로 527-34, (동면)",춘천시,동면,37.8981638,127.764337,033-260-7000,,,,0,0,0,NONE
H01934,춘천한의원,ORIENTAL,"한방내과, 침구과","강원특별자치도 춘천시 퇴계농공로 20, 2층 203호 (석사동, 종로타워)",춘천시,퇴계농공로,37.8515591,127.744223,033-263-7975,,,,0,0,0,NONE
H01935,춘천후한의원,ORIENTAL,"한방내과, 침구과","강원특별자치도 춘천시 금강로 68-2, 5층 (조양동)",춘천시,금강로,37.8792388,127.7286278,033-242-7510,,,,0,0,0,NONE
H01936,치악산한의원,ORIENTAL,"한방내과, 침구과","강원특별자치도 원주시 소초면 서동로 46, (소초면)",원주시,소초면,37.439645,128.0612564,033-732-5630,,,,0,0,0,NONE
H01937,칠성한의원,ORIENTAL,"한방내과, 침구과","강원특별자치도 동해시 중앙로 223, (천곡동)",동해시,중앙로,37.520579,129.1144663,033-535-8075,,,,0,0,0,NONE
H01938,칠성한의원,ORIENTAL,"한방내과, 침구과","강원특별자치도 화천군 하남면 논미로 347-11, (하남면)",화천군,하남면,38.0968527,127.6778648,033-442-6752,,,,0,0,0,NONE
H01939,태봉한의원,ORIENTAL,"한방내과, 침구과","강원특별자치도 철원군 갈말읍 명성로149번길 1, (갈말읍)",철원군,갈말읍,38.1449236,127.3076991,033-452-2017,,,,0,0,0,NONE
H01940,태인한의원,ORIENTAL,"한방내과, 침구과","강원특별자치도 춘천시 공지로 350, (효자동)",춘천시,공지로,37.8701491,127.7277616,033-256-8275,,,,0,0,0,NONE
H01941,토담한의원,ORIENTAL,"한방내과, 침구과","강원특별자치도 강릉시 화부산로131번길 2, (교동)",강릉시,화부산로131번길,37.7656326,128.8924094,033-645-7510,,,,0,0,0,NONE
H01942,토성한의원,ORIENTAL,"한방내과, 침구과","강원특별자치도 고성군 토성면 학사촌길 97, 토성농업협동조합 2층",고성군,토성면,38.2546391,128.5593146,033-638-1003,,,,0,0,0,NONE
H01943,토지한의원,ORIENTAL,"한방내과, 침구과","강원특별자치도 원주시 단구로 397, 1층 (단구동)",원주시,단구로,37.321309,127.9558407,033-735-7515,,,,0,0,0,NONE
H01944,튼튼한의원,ORIENTAL,"한방내과, 침구과","강원특별자치도 횡성군 횡성읍 앞들서1로 12, (횡성읍)",횡성군,횡성읍,37.4877393,127.9836121,033-343-1677,,,,0,0,0,NONE
H01945,파크경희한의원,ORIENTAL,"한방내과, 침구과","강원특별자치도 춘천시 스포츠타운길 496, 온의수현빌딩 401,402호 (온의동)",춘천시,스포츠타운길,37.8668058,127.7117373,033-244-7575,,,,0,0,0,NONE
H01946,팔팔한의원,ORIENTAL,"한방내과, 침구과","강원특별자치도 춘천시 퇴계로105번길 5, 203호 (퇴계동)",춘천시,퇴계로105번길,37.8618287,127.7319754,033-264-1588,,,,0,0,0,NONE
H01947,평강한의원,ORIENTAL,"한방내과, 침구과","강원특별자치도 원주시 원일로115번길 5, 2층 (일산동)",원주시,원일로115번길,37.3495865,127.9480168,033-732-5551,,,,0,0,0,NONE
H01948,평화당 한의원,ORIENTAL,"한방내과, 침구과","강원특별자치도 횡성군 횡성읍 읍상로 46, 2층",횡성군,횡성읍,37.4896477,127.988948,033-344-9012,,,,0,0,0,NONE
H01949,플러스한의원,ORIENTAL,"한방내과, 침구과","강원특별자치도 원주시 남원로 643-1, 1층 (명륜동)",원주시,남원로,37.3405103,127.9527528,033-735-8282,,,,0,0,0,NONE
H01950,하나한의원,ORIENTAL,"한방내과, 침구과","강원특별자치도 속초시 청학로 27, (청학동)",속초시,청학로,38.2015575,128.5832687,033-633-0206,,,,0,0,0,NONE
H01951,하나한의원,ORIENTAL,"한방내과, 침구과","강원특별자치도 원주시 치악로 1965, 2층 (태장동)",원주시,치악로,37.3565149,127.956206,033-735-7510,,,,0,0,0,NONE
H01952,하늘봄한의원,ORIENTAL,"한방내과, 침구과","강원특별자치도 춘천시 서부대성로 127, (운교동)",춘천시,서부대성로,37.8785143,127.7344069,033-242-1075,,,,0,0,0,NONE
H01953,하늘체한의원,ORIENTAL,"한방내과, 침구과","강원특별자치도 춘천시 금강로 65, 3층 (조양동)",춘천시,금강로,37.8795165,127.7290237,033-243-3233,,,,0,0,0,NONE
H01954,하슬라한의원,ORIENTAL,"한방내과, 침구과","강원특별자치도 강릉시 선수촌로 67, 2층, 5층 (홍제동)",강릉시,선수촌로,37.7568678,128.8700521,033-642-1999,,,,0,0,0,NONE
H01955,한마음한의원,ORIENTAL,"한방내과, 침구과","강원특별자치도 속초시 동해대로 4147, (조양동)",속초시,동해대로,38.1895574,128.5805187,033-638-7117,,,,0,0,0,NONE
H01956,한마음한의원,ORIENTAL,"한방내과, 침구과","강원특별자치도 횡성군 횡성읍 문정로 22, (횡성읍)",횡성군,횡성읍,37.4896541,127.9857948,033-345-4700,,,,0,0,0,NONE
H01957,한미르지남한의원,ORIENTAL,"한방내과, 침구과","강원특별자치도 강릉시 경강로 2120, 503호 (옥천동, 씨네몰)",강릉시,경강로,37.7556996,128.8986261,033-642-1075,,,,0,0,0,NONE
H01958,한빛한의원,ORIENTAL,"한방내과, 침구과","강원특별자치도 강릉시 옥가로 19, (옥천동)",강릉시,옥가로,37.7580877,128.8989851,033-642-3733,,,,0,0,0,NONE
H01959,한빛한의원,ORIENTAL,"한방내과, 침구과","강원특별자치도 홍천군 홍천읍 꽃뫼로 104, 104",홍천군,홍천읍,37.6912519,127.8851651,033-433-0303,,,,0,0,0,NONE
H01960,한빛한의원,ORIENTAL,"한방내과, 침구과","강원특별자치도 태백시 황지북3길 6, (황지동)",태백시,황지북3길,37.1746477,128.9901934,033-553-1071,,,,0,0,0,NONE
H01961,한서한의원,ORIENTAL,"한방내과, 침구과","강원특별자치도 강릉시 솔올로5번길 49, 2층 (교동)",강릉시,솔올로5번길,37.7639556,128.8769501,033-646-9114,,,,0,0,0,NONE
H01962,한섬한의원,ORIENTAL,"한방내과, 침구과","강원특별자치도 동해시 한섬로 61-1, (천곡동)",동해시,한섬로,37.5205312,129.1108516,033-533-4322,,,,0,0,0,NONE
H01963,한섬한의원,ORIENTAL,"한방내과, 침구과","강원특별자치도 춘천시 후석로 41, (석사동)",춘천시,후석로,37.8584347,127.7414302,033-262-1025,,,,0,0,0,NONE
H01964,한솔한의원,ORIENTAL,"한방내과, 침구과","강원특별자치도 강릉시 경강로 2110, (임당동)",강릉시,경강로,37.7553336,128.8976716,033-643-1255,,,,0,0,0,NONE
H01965,한중한의원,ORIENTAL,"한방내과, 침구과","강원특별자치도 강릉시 금성로 27-2, (성남동)",강릉시,금성로,37.7535448,128.897616,033-643-1443,,,,0,0,0,NONE
H01966,한중한의원,ORIENTAL,"한방내과, 침구과","강원특별자치도 춘천시 후석로 300, (후평동)",춘천시,후석로,37.8781081,127.7515047,033-252-1075,,,,0,0,0,NONE
H01967,한초당한의원,ORIENTAL,"한방내과, 침구과","강원특별자치도 원주시 평원로 61, (중앙동)",원주시,평원로,37.3510751,127.9505381,033-732-2965,,,,0,0,0,NONE
H01968,할아버지한의원,ORIENTAL,"한방내과, 침구과","강원특별자치도 동해시 중앙로 231, (천곡동)",동해시,중앙로,37.5213951,129.1141,033-532-0065,,,,0,0,0,NONE
H01969,함소아한의원,ORIENTAL,"한방내과, 침구과","강원특별자치도 춘천시 퇴계로 188, 202,203호 (석사동)",춘천시,퇴계로,37.8571406,127.7393719,033-264-1065,,,,0,0,0,NONE
H01970,해담한의원,ORIENTAL,"한방내과, 침구과","강원특별자치도 원주시 혁신로 37-3, 301호 (반곡동)",원주시,혁신로,37.3236487,127.9793852,033-731-1175,,,,0,0,0,NONE
H01971,해원한의원,ORIENTAL,"한방내과, 침구과","강원특별자치도 홍천군 홍천읍 꽃뫼로 78, (홍천읍)",홍천군,홍천읍,37.6909266,127.882342,033-434-7859,,,,0,0,0,NONE
H01972,해흥한의원,ORIENTAL,"한방내과, 침구과","강원특별자치도 고성군 거진읍 거탄진로 123, (거진읍)",고성군,거진읍,38.4461238,128.4547113,033-682-1808,,,,0,0,0,NONE
H01973,행복한의원,ORIENTAL,"한방내과, 침구과","강원특별자치도 원주시 예술관길 28-1, 1층 (명륜동)",원주시,예술관길,37.3331076,127.9416854,033-765-3533,,,,0,0,0,NONE
H01974,행복한의원,ORIENTAL,"한방내과, 침구과","강원특별자치도 홍천군 서석면 풍암장터2길 49-23, (서석면)",홍천군,서석면,37.7116162,128.1866877,033-830-7896,,,,0,0,0,NONE
H01975,현대한의원,ORIENTAL,"한방내과, 침구과","강원특별자치도 삼척시 진주로 15, (남양동)",삼척시,진주로,37.4420941,129.163845,033-573-2040,,,,0,0,0,NONE
H01976,현대한의원,ORIENTAL,"한방내과, 침구과","강원특별자치도 양구군 양구읍 장터길 11, (양구읍)",양구군,양구읍,38.1034093,127.9906416,033-481-1015,,,,0,0,0,NONE
H01977,현리한의원,ORIENTAL,"한방내과, 침구과","강원특별자치도 인제군 기린면 기린로 44, (기린면)",인제군,기린면,37.9559675,128.3181176,033-463-1236,,,,0,0,0,NONE
H01978,혜명한의원,ORIENTAL,"한방내과, 침구과","강원특별자치도 원주시 원일로 12, (인동)",원주시,원일로,37.344835,127.9544042,033-764-0660,,,,0,0,0,NONE
H01979,혜명한의원,ORIENTAL,"한방내과, 침구과","강원특별자치도 춘천시 후석로 326, 303호 (후평동)",춘천시,후석로,37.880073,127.7501374,033-241-3332,,,,0,0,0,NONE
H01980,혜민한의원,ORIENTAL,"한방내과, 침구과","강원특별자치도 원주시 단구로 78, (단계동)",원주시,단구로,37.3420735,127.9396188,033-731-7967,,,,0,0,0,NONE
H01981,호산한의원,ORIENTAL,"한방내과, 침구과","강원특별자치도 강릉시 성덕포남로 48, 2층 2호 (입암동)",강릉시,성덕포남로,37.7595515,128.9197534,033-651-6260,,,,0,0,0,NONE
H01982,홍익한의원,ORIENTAL,"한방내과, 침구과","강원특별자치도 강릉시 하평3길 11, (포남동)",강릉시,하평3길,37.7702996,128.9169397,033-652-7510,,,,0,0,0,NONE
H01983,홍익한의원,ORIENTAL,"한방내과, 침구과","강원특별자치도 춘천시 후석로 10, 3층 1호 (석사동)",춘천시,후석로,37.8559755,127.7394165,033-263-1075,,,,0,0,0,NONE
H01984,홍제부부한의원,ORIENTAL,"한방내과, 침구과","강원특별자치도 강릉시 토성로61번길 7, 1층 (홍제동)",강릉시,토성로61번길,37.7516264,128.884183,033-643-1075,,,,0,0,0,NONE
H01985,홍제한의원,ORIENTAL,"한방내과, 침구과","강원특별자치도 속초시 중앙로 120-1, 2층 (금호동)",속초시,중앙로,38.2021981,128.5893022,033-631-7555,,,,0,0,0,NONE
H01986,홍제한의원,ORIENTAL,"한방내과, 침구과","강원특별자치도 동해시 청운1길 64, 2층 (나안동)",동해시,청운1길,37.485907,129.1102081,033-522-3669,,,,0,0,0,NONE
H01987,홍천한의원,ORIENTAL,"한방내과, 침구과","강원특별자치도 홍천군 홍천읍 마지기로 18, (98-16)",홍천군,홍천읍,37.6913345,127.887857,033-433-1075,,,,0,0,0,NONE
H01988,화천한의원,ORIENTAL,"한방내과, 침구과","강원특별자치도 화천군 화천읍 중앙로 18, (화천읍)",화천군,화천읍,38.1042339,127.7060022,033-442-0019,,,,0,0,0,NONE
H01989,화평당한의원,ORIENTAL,"한방내과, 침구과","강원특별자치도 원주시 행구로 115, (봉산동)",원주시,행구로,37.3421507,127.9688151,033-734-0550,,,,0,0,0,NONE
H01990,황보한의원,ORIENTAL,"한방내과, 침구과","강원특별자치도 춘천시 춘천로185번길 12, 2층 (운교동)",춘천시,춘천로185번길,37.8775256,127.7345394,033-255-7900,,,,0,0,0,NONE
H01991,횡성한의원,ORIENTAL,"한방내과, 침구과","강원특별자치도 횡성군 횡성읍 횡성로 401, (횡성읍)",횡성군,횡성읍,37.4889062,127.9854385,033-343-7364,,,,0,0,0,NONE
H01992,효성한의원,ORIENTAL,"한방내과, 침구과","강원특별자치도 원주시 흥업면 사제로 7-4, 1층",원주시,흥업면,37.3027124,127.918537,033-761-9388,,,,0,0,0,NONE
H01993,흥업한의원,ORIENTAL,"한방내과, 침구과","강원특별자치도 원주시 흥업면 남원로 67, (흥업면)",원주시,흥업면,37.3021635,127.9194683,033-762-6527,,,,0,0,0,NONE
H01994,희망동의보감한의원,ORIENTAL,"한방내과, 침구과","강원특별자치도 춘천시 후석로 22, 남부새마을금고석사지점 2층 (석사동)",춘천시,후석로,37.8567396,127.7402992,033-263-1055,,,,0,0,0,NONE
